image_id,image_filename,relative_path,source_official_split,local_split,weather,timeofday,scene
00067cfb-e535423e,00067cfb-e535423e.jpg,images/100k/train/00067cfb-e535423e.jpg,train,train,undefined,dawn/dusk,city street
000f157f-dab3a407,000f157f-dab3a407.jpg,images/100k/train/000f157f-dab3a407.jpg,train,train,undefined,daytime,city street
001c5339-08faca55,001c5339-08faca55.jpg,images/100k/train/001c5339-08faca55.jpg,train,train,clear,night,city street
001c5339-9a6cdd3e,001c5339-9a6cdd3e.jpg,images/100k/train/001c5339-9a6cdd3e.jpg,train,train,clear,night,city street
00268999-0b20ef00,00268999-0b20ef00.jpg,images/100k/train/00268999-0b20ef00.jpg,train,train,clear,night,highway
002ab96a-a96704f9,002ab96a-a96704f9.jpg,images/100k/train/002ab96a-a96704f9.jpg,train,train,partly cloudy,daytime,city street
00313a01-b53a2998,00313a01-b53a2998.jpg,images/100k/train/00313a01-b53a2998.jpg,train,train,clear,night,residential
0034a363-24f318c4,0034a363-24f318c4.jpg,images/100k/train/0034a363-24f318c4.jpg,train,train,clear,night,city street
003c4a61-52588960,003c4a61-52588960.jpg,images/100k/train/003c4a61-52588960.jpg,train,train,clear,night,highway
003e23ee-07d32feb,003e23ee-07d32feb.jpg,images/100k/train/003e23ee-07d32feb.jpg,train,train,clear,daytime,highway
004071a4-049b7b85,004071a4-049b7b85.jpg,images/100k/train/004071a4-049b7b85.jpg,train,train,snowy,night,city street
00423717-0ef3c8dc,00423717-0ef3c8dc.jpg,images/100k/train/00423717-0ef3c8dc.jpg,train,train,clear,night,city street
0045e757-088840fc,0045e757-088840fc.jpg,images/100k/train/0045e757-088840fc.jpg,train,train,clear,night,residential
0048f391-8eb40ca6,0048f391-8eb40ca6.jpg,images/100k/train/0048f391-8eb40ca6.jpg,train,train,clear,daytime,residential
00516b75-7ac91661,00516b75-7ac91661.jpg,images/100k/train/00516b75-7ac91661.jpg,train,train,clear,night,city street
005fd7be-d8e0dc65,005fd7be-d8e0dc65.jpg,images/100k/train/005fd7be-d8e0dc65.jpg,train,train,clear,night,city street
00721168-56efa5c2,00721168-56efa5c2.jpg,images/100k/train/00721168-56efa5c2.jpg,train,train,clear,night,city street
007aeb45-eef41701,007aeb45-eef41701.jpg,images/100k/train/007aeb45-eef41701.jpg,train,train,overcast,daytime,highway
008db5fb-223715d5,008db5fb-223715d5.jpg,images/100k/train/008db5fb-223715d5.jpg,train,train,clear,night,highway
00a0f008-a315437f,00a0f008-a315437f.jpg,images/100k/train/00a0f008-a315437f.jpg,train,train,undefined,daytime,residential
00a2f5b6-d4217a96,00a2f5b6-d4217a96.jpg,images/100k/train/00a2f5b6-d4217a96.jpg,train,train,overcast,daytime,city street
00c4c672-26d36ad8,00c4c672-26d36ad8.jpg,images/100k/train/00c4c672-26d36ad8.jpg,train,train,clear,night,city street
00c87627-b7f6f46c,00c87627-b7f6f46c.jpg,images/100k/train/00c87627-b7f6f46c.jpg,train,train,overcast,daytime,city street
00cb28b9-08a22af7,00cb28b9-08a22af7.jpg,images/100k/train/00cb28b9-08a22af7.jpg,train,train,clear,daytime,city street
00ccf2e8-ac055be6,00ccf2e8-ac055be6.jpg,images/100k/train/00ccf2e8-ac055be6.jpg,train,train,clear,daytime,city street
00d4b6b7-a0b1a3e0,00d4b6b7-a0b1a3e0.jpg,images/100k/train/00d4b6b7-a0b1a3e0.jpg,train,train,undefined,daytime,city street
00de601c-cfa2404b,00de601c-cfa2404b.jpg,images/100k/train/00de601c-cfa2404b.jpg,train,train,overcast,daytime,city street
00ffeef4-b105ce4d,00ffeef4-b105ce4d.jpg,images/100k/train/00ffeef4-b105ce4d.jpg,train,train,clear,night,highway
010b0600-ae1f7be5,010b0600-ae1f7be5.jpg,images/100k/train/010b0600-ae1f7be5.jpg,train,train,snowy,daytime,undefined
012a9c41-cef5b320,012a9c41-cef5b320.jpg,images/100k/train/012a9c41-cef5b320.jpg,train,train,overcast,daytime,parking lot
012fdff1-9d1d0d1d,012fdff1-9d1d0d1d.jpg,images/100k/train/012fdff1-9d1d0d1d.jpg,train,train,rainy,daytime,city street
013b7dd3-80000bcd,013b7dd3-80000bcd.jpg,images/100k/train/013b7dd3-80000bcd.jpg,train,train,clear,night,city street
015f23ad-5049df48,015f23ad-5049df48.jpg,images/100k/train/015f23ad-5049df48.jpg,train,train,clear,night,highway
01688cf2-237fbd49,01688cf2-237fbd49.jpg,images/100k/train/01688cf2-237fbd49.jpg,train,train,clear,daytime,city street
0168e22b-7f034886,0168e22b-7f034886.jpg,images/100k/train/0168e22b-7f034886.jpg,train,train,clear,daytime,city street
0171a405-03235e12,0171a405-03235e12.jpg,images/100k/train/0171a405-03235e12.jpg,train,train,overcast,daytime,city street
01746216-721df8d4,01746216-721df8d4.jpg,images/100k/train/01746216-721df8d4.jpg,train,train,undefined,daytime,residential
0185631d-eabb8700,0185631d-eabb8700.jpg,images/100k/train/0185631d-eabb8700.jpg,train,train,undefined,daytime,residential
01a842a8-2cf8634e,01a842a8-2cf8634e.jpg,images/100k/train/01a842a8-2cf8634e.jpg,train,train,clear,daytime,highway
01b0505f-5f564e84,01b0505f-5f564e84.jpg,images/100k/train/01b0505f-5f564e84.jpg,train,train,snowy,daytime,city street
01d3a4d7-92c0537c,01d3a4d7-92c0537c.jpg,images/100k/train/01d3a4d7-92c0537c.jpg,train,train,undefined,dawn/dusk,city street
01ec6367-7092c37b,01ec6367-7092c37b.jpg,images/100k/train/01ec6367-7092c37b.jpg,train,train,snowy,night,city street
01ed3f01-33091fbe,01ed3f01-33091fbe.jpg,images/100k/train/01ed3f01-33091fbe.jpg,train,train,overcast,daytime,city street
01f087ee-aa19ac33,01f087ee-aa19ac33.jpg,images/100k/train/01f087ee-aa19ac33.jpg,train,train,clear,night,highway
01ff2210-c4cd7f4f,01ff2210-c4cd7f4f.jpg,images/100k/train/01ff2210-c4cd7f4f.jpg,train,train,clear,daytime,residential
020cc8f8-8b679d0b,020cc8f8-8b679d0b.jpg,images/100k/train/020cc8f8-8b679d0b.jpg,train,train,rainy,daytime,city street
02162021-ff5ac522,02162021-ff5ac522.jpg,images/100k/train/02162021-ff5ac522.jpg,train,train,overcast,daytime,city street
02188a44-65ad27f3,02188a44-65ad27f3.jpg,images/100k/train/02188a44-65ad27f3.jpg,train,train,clear,daytime,highway
021c0ade-877a81e9,021c0ade-877a81e9.jpg,images/100k/train/021c0ade-877a81e9.jpg,train,train,overcast,daytime,city street
021cb34f-455d80a0,021cb34f-455d80a0.jpg,images/100k/train/021cb34f-455d80a0.jpg,train,train,rainy,daytime,city street
02269962-0e3f5114,02269962-0e3f5114.jpg,images/100k/train/02269962-0e3f5114.jpg,train,train,undefined,daytime,residential
0232ae80-e2da554a,0232ae80-e2da554a.jpg,images/100k/train/0232ae80-e2da554a.jpg,train,train,clear,daytime,city street
02537d58-3972c3e7,02537d58-3972c3e7.jpg,images/100k/train/02537d58-3972c3e7.jpg,train,train,overcast,daytime,highway
028357c9-f08394e7,028357c9-f08394e7.jpg,images/100k/train/028357c9-f08394e7.jpg,train,train,clear,night,highway
02995fe4-1e0fc944,02995fe4-1e0fc944.jpg,images/100k/train/02995fe4-1e0fc944.jpg,train,train,clear,night,city street
02ac8427-ed7b5514,02ac8427-ed7b5514.jpg,images/100k/train/02ac8427-ed7b5514.jpg,train,train,overcast,daytime,city street
02b60681-3c20b8a3,02b60681-3c20b8a3.jpg,images/100k/train/02b60681-3c20b8a3.jpg,train,train,partly cloudy,daytime,highway
02b7b9ee-60bfd818,02b7b9ee-60bfd818.jpg,images/100k/train/02b7b9ee-60bfd818.jpg,train,train,snowy,night,city street
02c2c31c-d030d8b6,02c2c31c-d030d8b6.jpg,images/100k/train/02c2c31c-d030d8b6.jpg,train,train,rainy,daytime,residential
02cc9ceb-4c3f4418,02cc9ceb-4c3f4418.jpg,images/100k/train/02cc9ceb-4c3f4418.jpg,train,train,clear,night,city street
02d05ded-569401dc,02d05ded-569401dc.jpg,images/100k/train/02d05ded-569401dc.jpg,train,train,overcast,daytime,city street
02d478d1-cfb83eb8,02d478d1-cfb83eb8.jpg,images/100k/train/02d478d1-cfb83eb8.jpg,train,train,clear,night,city street
02d721b2-3c9348b6,02d721b2-3c9348b6.jpg,images/100k/train/02d721b2-3c9348b6.jpg,train,train,overcast,daytime,city street
02e3a54e-b6820916,02e3a54e-b6820916.jpg,images/100k/train/02e3a54e-b6820916.jpg,train,train,clear,night,city street
02ef72c1-950d6851,02ef72c1-950d6851.jpg,images/100k/train/02ef72c1-950d6851.jpg,train,train,clear,night,highway
02f71fb7-95a6a4d3,02f71fb7-95a6a4d3.jpg,images/100k/train/02f71fb7-95a6a4d3.jpg,train,train,overcast,daytime,highway
02ff80b4-9b422cbd,02ff80b4-9b422cbd.jpg,images/100k/train/02ff80b4-9b422cbd.jpg,train,train,undefined,daytime,highway
02ffdf93-3547d376,02ffdf93-3547d376.jpg,images/100k/train/02ffdf93-3547d376.jpg,train,train,clear,night,highway
03031fa8-c168834a,03031fa8-c168834a.jpg,images/100k/train/03031fa8-c168834a.jpg,train,train,clear,daytime,city street
0315cc1f-d0c40c17,0315cc1f-d0c40c17.jpg,images/100k/train/0315cc1f-d0c40c17.jpg,train,train,snowy,daytime,residential
03164aef-f18deb04,03164aef-f18deb04.jpg,images/100k/train/03164aef-f18deb04.jpg,train,train,overcast,daytime,city street
031a0c80-12e08c88,031a0c80-12e08c88.jpg,images/100k/train/031a0c80-12e08c88.jpg,train,train,clear,night,city street
0332bb54-c4bee5eb,0332bb54-c4bee5eb.jpg,images/100k/train/0332bb54-c4bee5eb.jpg,train,train,clear,dawn/dusk,city street
03343856-ebf78b5f,03343856-ebf78b5f.jpg,images/100k/train/03343856-ebf78b5f.jpg,train,train,clear,night,city street
0354cfc5-9421354e,0354cfc5-9421354e.jpg,images/100k/train/0354cfc5-9421354e.jpg,train,train,clear,night,highway
035821a3-1faf0199,035821a3-1faf0199.jpg,images/100k/train/035821a3-1faf0199.jpg,train,train,rainy,daytime,city street
039f729b-e5d9aec8,039f729b-e5d9aec8.jpg,images/100k/train/039f729b-e5d9aec8.jpg,train,train,clear,night,city street
03a5a702-81bc7402,03a5a702-81bc7402.jpg,images/100k/train/03a5a702-81bc7402.jpg,train,train,rainy,daytime,city street
03bda335-c7b9119c,03bda335-c7b9119c.jpg,images/100k/train/03bda335-c7b9119c.jpg,train,train,partly cloudy,daytime,highway
03cee322-f7c906a2,03cee322-f7c906a2.jpg,images/100k/train/03cee322-f7c906a2.jpg,train,train,clear,daytime,city street
03d34d05-4a61174c,03d34d05-4a61174c.jpg,images/100k/train/03d34d05-4a61174c.jpg,train,train,clear,night,highway
03db1bc2-833ca88c,03db1bc2-833ca88c.jpg,images/100k/train/03db1bc2-833ca88c.jpg,train,train,partly cloudy,daytime,city street
03dc0139-b5eced5f,03dc0139-b5eced5f.jpg,images/100k/train/03dc0139-b5eced5f.jpg,train,train,clear,night,city street
03f04c07-201055cc,03f04c07-201055cc.jpg,images/100k/train/03f04c07-201055cc.jpg,train,train,undefined,dawn/dusk,city street
0401de66-495d6358,0401de66-495d6358.jpg,images/100k/train/0401de66-495d6358.jpg,train,train,overcast,daytime,city street
041fb602-19f8495d,041fb602-19f8495d.jpg,images/100k/train/041fb602-19f8495d.jpg,train,train,overcast,dawn/dusk,highway
0420543b-bac9da48,0420543b-bac9da48.jpg,images/100k/train/0420543b-bac9da48.jpg,train,train,clear,night,city street
0427232f-b8effec6,0427232f-b8effec6.jpg,images/100k/train/0427232f-b8effec6.jpg,train,train,clear,night,city street
0432d284-b1121aaf,0432d284-b1121aaf.jpg,images/100k/train/0432d284-b1121aaf.jpg,train,train,rainy,night,city street
0444659b-f73b1882,0444659b-f73b1882.jpg,images/100k/train/0444659b-f73b1882.jpg,train,train,overcast,daytime,residential
0464a98b-7b3e3a3a,0464a98b-7b3e3a3a.jpg,images/100k/train/0464a98b-7b3e3a3a.jpg,train,train,overcast,daytime,residential
0465bce6-e426c9ed,0465bce6-e426c9ed.jpg,images/100k/train/0465bce6-e426c9ed.jpg,train,train,overcast,daytime,city street
047671d6-83485ddb,047671d6-83485ddb.jpg,images/100k/train/047671d6-83485ddb.jpg,train,train,partly cloudy,daytime,city street
0480f92e-1ab5242a,0480f92e-1ab5242a.jpg,images/100k/train/0480f92e-1ab5242a.jpg,train,train,rainy,night,city street
04a04dc0-7f72e106,04a04dc0-7f72e106.jpg,images/100k/train/04a04dc0-7f72e106.jpg,train,train,clear,night,highway
04a8e132-4f929465,04a8e132-4f929465.jpg,images/100k/train/04a8e132-4f929465.jpg,train,train,overcast,daytime,city street
04b1c59c-4bc78858,04b1c59c-4bc78858.jpg,images/100k/train/04b1c59c-4bc78858.jpg,train,train,clear,daytime,city street
04b72436-876582fc,04b72436-876582fc.jpg,images/100k/train/04b72436-876582fc.jpg,train,train,undefined,daytime,city street
04bc9f93-5e778e80,04bc9f93-5e778e80.jpg,images/100k/train/04bc9f93-5e778e80.jpg,train,train,clear,night,city street
04c1910d-a814be1b,04c1910d-a814be1b.jpg,images/100k/train/04c1910d-a814be1b.jpg,train,train,rainy,daytime,highway
04ce1444-5230ccac,04ce1444-5230ccac.jpg,images/100k/train/04ce1444-5230ccac.jpg,train,train,overcast,dawn/dusk,city street
04e47e69-f7459753,04e47e69-f7459753.jpg,images/100k/train/04e47e69-f7459753.jpg,train,train,overcast,daytime,highway
04e9acbd-d6d08f0d,04e9acbd-d6d08f0d.jpg,images/100k/train/04e9acbd-d6d08f0d.jpg,train,train,undefined,daytime,highway
04f2be16-24231e6b,04f2be16-24231e6b.jpg,images/100k/train/04f2be16-24231e6b.jpg,train,train,undefined,daytime,city street
04f59f1c-9444d419,04f59f1c-9444d419.jpg,images/100k/train/04f59f1c-9444d419.jpg,train,train,partly cloudy,daytime,highway
04faa71f-8edaf07e,04faa71f-8edaf07e.jpg,images/100k/train/04faa71f-8edaf07e.jpg,train,train,undefined,daytime,highway
0502de3f-c9529246,0502de3f-c9529246.jpg,images/100k/train/0502de3f-c9529246.jpg,train,train,snowy,night,city street
0509d31a-5f96cb2d,0509d31a-5f96cb2d.jpg,images/100k/train/0509d31a-5f96cb2d.jpg,train,train,clear,night,city street
0516f738-f6600284,0516f738-f6600284.jpg,images/100k/train/0516f738-f6600284.jpg,train,train,undefined,daytime,city street
05174982-5c08f6c0,05174982-5c08f6c0.jpg,images/100k/train/05174982-5c08f6c0.jpg,train,train,clear,daytime,highway
0553008d-613fe2ed,0553008d-613fe2ed.jpg,images/100k/train/0553008d-613fe2ed.jpg,train,train,clear,night,residential
0567d1d8-964cb61c,0567d1d8-964cb61c.jpg,images/100k/train/0567d1d8-964cb61c.jpg,train,train,clear,night,city street
057a706b-9625bcc8,057a706b-9625bcc8.jpg,images/100k/train/057a706b-9625bcc8.jpg,train,train,partly cloudy,daytime,city street
0582a25c-c66c3fb3,0582a25c-c66c3fb3.jpg,images/100k/train/0582a25c-c66c3fb3.jpg,train,train,clear,night,city street
05900711-40d8c58a,05900711-40d8c58a.jpg,images/100k/train/05900711-40d8c58a.jpg,train,train,undefined,daytime,city street
05986b6d-fb96be0d,05986b6d-fb96be0d.jpg,images/100k/train/05986b6d-fb96be0d.jpg,train,train,clear,daytime,highway
05ac002a-8bd10be6,05ac002a-8bd10be6.jpg,images/100k/train/05ac002a-8bd10be6.jpg,train,train,clear,daytime,highway
05ae4349-47ced26b,05ae4349-47ced26b.jpg,images/100k/train/05ae4349-47ced26b.jpg,train,train,undefined,daytime,city street
05af6dc5-5baee748,05af6dc5-5baee748.jpg,images/100k/train/05af6dc5-5baee748.jpg,train,train,clear,night,highway
05ba4355-bf968804,05ba4355-bf968804.jpg,images/100k/train/05ba4355-bf968804.jpg,train,train,rainy,night,city street
05c1a69f-6a94dbe0,05c1a69f-6a94dbe0.jpg,images/100k/train/05c1a69f-6a94dbe0.jpg,train,train,overcast,daytime,city street
05c87ab9-e007395b,05c87ab9-e007395b.jpg,images/100k/train/05c87ab9-e007395b.jpg,train,train,partly cloudy,daytime,highway
05cf65b8-645fa6bc,05cf65b8-645fa6bc.jpg,images/100k/train/05cf65b8-645fa6bc.jpg,train,train,clear,daytime,highway
05d21187-26a34397,05d21187-26a34397.jpg,images/100k/train/05d21187-26a34397.jpg,train,train,partly cloudy,daytime,highway
05d45cf1-f9c00c3e,05d45cf1-f9c00c3e.jpg,images/100k/train/05d45cf1-f9c00c3e.jpg,train,train,snowy,night,city street
05e29670-99145138,05e29670-99145138.jpg,images/100k/train/05e29670-99145138.jpg,train,train,clear,daytime,city street
05e4d323-5e76c428,05e4d323-5e76c428.jpg,images/100k/train/05e4d323-5e76c428.jpg,train,train,overcast,daytime,highway
05e5a68e-90c2f6ba,05e5a68e-90c2f6ba.jpg,images/100k/train/05e5a68e-90c2f6ba.jpg,train,train,clear,daytime,highway
05e5b952-73bfedb3,05e5b952-73bfedb3.jpg,images/100k/train/05e5b952-73bfedb3.jpg,train,train,rainy,daytime,highway
05f073fb-c158d772,05f073fb-c158d772.jpg,images/100k/train/05f073fb-c158d772.jpg,train,train,clear,night,residential
05fa6494-8f436d04,05fa6494-8f436d04.jpg,images/100k/train/05fa6494-8f436d04.jpg,train,train,clear,daytime,highway
0604b762-0f0695b2,0604b762-0f0695b2.jpg,images/100k/train/0604b762-0f0695b2.jpg,train,train,partly cloudy,daytime,city street
060837e7-acaac12e,060837e7-acaac12e.jpg,images/100k/train/060837e7-acaac12e.jpg,train,train,rainy,daytime,city street
060b8fc1-1027915c,060b8fc1-1027915c.jpg,images/100k/train/060b8fc1-1027915c.jpg,train,train,clear,daytime,highway
060fcfc7-c5c91f05,060fcfc7-c5c91f05.jpg,images/100k/train/060fcfc7-c5c91f05.jpg,train,train,clear,daytime,highway
0610bc6f-aa7d796b,0610bc6f-aa7d796b.jpg,images/100k/train/0610bc6f-aa7d796b.jpg,train,train,clear,night,city street
061b081d-b5e37863,061b081d-b5e37863.jpg,images/100k/train/061b081d-b5e37863.jpg,train,train,rainy,daytime,residential
062f2292-5fdcee65,062f2292-5fdcee65.jpg,images/100k/train/062f2292-5fdcee65.jpg,train,train,overcast,daytime,city street
06373075-5fd45f43,06373075-5fd45f43.jpg,images/100k/train/06373075-5fd45f43.jpg,train,train,overcast,daytime,city street
064677da-2df90c98,064677da-2df90c98.jpg,images/100k/train/064677da-2df90c98.jpg,train,train,partly cloudy,daytime,city street
065992a2-8765cbc1,065992a2-8765cbc1.jpg,images/100k/train/065992a2-8765cbc1.jpg,train,train,partly cloudy,daytime,city street
066557f7-f2fe2ec0,066557f7-f2fe2ec0.jpg,images/100k/train/066557f7-f2fe2ec0.jpg,train,train,clear,night,city street
06668f7b-81a4f8e5,06668f7b-81a4f8e5.jpg,images/100k/train/06668f7b-81a4f8e5.jpg,train,train,snowy,night,city street
066815bc-38942f7e,066815bc-38942f7e.jpg,images/100k/train/066815bc-38942f7e.jpg,train,train,undefined,daytime,city street
06791257-f88c4bac,06791257-f88c4bac.jpg,images/100k/train/06791257-f88c4bac.jpg,train,train,rainy,daytime,city street
067f8fb0-299024f0,067f8fb0-299024f0.jpg,images/100k/train/067f8fb0-299024f0.jpg,train,train,overcast,daytime,undefined
0683345e-9cd80b7c,0683345e-9cd80b7c.jpg,images/100k/train/0683345e-9cd80b7c.jpg,train,train,overcast,daytime,highway
068ac51e-4263e29a,068ac51e-4263e29a.jpg,images/100k/train/068ac51e-4263e29a.jpg,train,train,clear,night,residential
06a4abd2-cbbaaf3f,06a4abd2-cbbaaf3f.jpg,images/100k/train/06a4abd2-cbbaaf3f.jpg,train,train,clear,night,city street
06b4defc-e4dafb3e,06b4defc-e4dafb3e.jpg,images/100k/train/06b4defc-e4dafb3e.jpg,train,train,undefined,daytime,city street
06d501fd-31889467,06d501fd-31889467.jpg,images/100k/train/06d501fd-31889467.jpg,train,train,undefined,daytime,city street
06d54ae6-76749641,06d54ae6-76749641.jpg,images/100k/train/06d54ae6-76749641.jpg,train,train,snowy,daytime,city street
06ea2cc4-ed1cdbdd,06ea2cc4-ed1cdbdd.jpg,images/100k/train/06ea2cc4-ed1cdbdd.jpg,train,train,clear,night,city street
0701abd4-d9c2e1f4,0701abd4-d9c2e1f4.jpg,images/100k/train/0701abd4-d9c2e1f4.jpg,train,train,clear,dawn/dusk,highway
0702e855-a94eb089,0702e855-a94eb089.jpg,images/100k/train/0702e855-a94eb089.jpg,train,train,undefined,daytime,city street
070aa065-32f99262,070aa065-32f99262.jpg,images/100k/train/070aa065-32f99262.jpg,train,train,clear,daytime,city street
070aa065-ee1d3b19,070aa065-ee1d3b19.jpg,images/100k/train/070aa065-ee1d3b19.jpg,train,train,undefined,daytime,city street
070b3ecd-62821dec,070b3ecd-62821dec.jpg,images/100k/train/070b3ecd-62821dec.jpg,train,train,undefined,daytime,city street
07184fbb-0a78715a,07184fbb-0a78715a.jpg,images/100k/train/07184fbb-0a78715a.jpg,train,train,clear,night,city street
0719a2ec-133d9525,0719a2ec-133d9525.jpg,images/100k/train/0719a2ec-133d9525.jpg,train,train,clear,dawn/dusk,city street
072c1503-eb85b76d,072c1503-eb85b76d.jpg,images/100k/train/072c1503-eb85b76d.jpg,train,train,clear,dawn/dusk,highway
072f9d2d-ebc9b075,072f9d2d-ebc9b075.jpg,images/100k/train/072f9d2d-ebc9b075.jpg,train,train,overcast,dawn/dusk,city street
07380221-064f762b,07380221-064f762b.jpg,images/100k/train/07380221-064f762b.jpg,train,train,clear,night,city street
07398e6d-7b0dc522,07398e6d-7b0dc522.jpg,images/100k/train/07398e6d-7b0dc522.jpg,train,train,overcast,daytime,city street
0739fec2-9a1f45b7,0739fec2-9a1f45b7.jpg,images/100k/train/0739fec2-9a1f45b7.jpg,train,train,overcast,daytime,highway
073b77c8-d1906f40,073b77c8-d1906f40.jpg,images/100k/train/073b77c8-d1906f40.jpg,train,train,rainy,daytime,city street
074177d3-d4da9837,074177d3-d4da9837.jpg,images/100k/train/074177d3-d4da9837.jpg,train,train,partly cloudy,daytime,residential
075522b0-0db59c3c,075522b0-0db59c3c.jpg,images/100k/train/075522b0-0db59c3c.jpg,train,train,overcast,daytime,city street
075d08d3-8206da91,075d08d3-8206da91.jpg,images/100k/train/075d08d3-8206da91.jpg,train,train,snowy,night,city street
075d2e1d-2d37d876,075d2e1d-2d37d876.jpg,images/100k/train/075d2e1d-2d37d876.jpg,train,train,clear,night,city street
07773f4a-daa2ed59,07773f4a-daa2ed59.jpg,images/100k/train/07773f4a-daa2ed59.jpg,train,train,undefined,daytime,city street
078540a3-fc47465e,078540a3-fc47465e.jpg,images/100k/train/078540a3-fc47465e.jpg,train,train,partly cloudy,daytime,city street
07895b8a-3a843bb5,07895b8a-3a843bb5.jpg,images/100k/train/07895b8a-3a843bb5.jpg,train,train,clear,daytime,city street
078fe907-c39a62fa,078fe907-c39a62fa.jpg,images/100k/train/078fe907-c39a62fa.jpg,train,train,snowy,dawn/dusk,highway
07931b8f-ee7fcaa8,07931b8f-ee7fcaa8.jpg,images/100k/train/07931b8f-ee7fcaa8.jpg,train,train,overcast,daytime,city street
079f5ab4-43e6c570,079f5ab4-43e6c570.jpg,images/100k/train/079f5ab4-43e6c570.jpg,train,train,rainy,dawn/dusk,city street
07baad21-cfb953e5,07baad21-cfb953e5.jpg,images/100k/train/07baad21-cfb953e5.jpg,train,train,undefined,daytime,city street
07bd5534-a5b67622,07bd5534-a5b67622.jpg,images/100k/train/07bd5534-a5b67622.jpg,train,train,rainy,daytime,city street
07c680c5-44fb772e,07c680c5-44fb772e.jpg,images/100k/train/07c680c5-44fb772e.jpg,train,train,clear,dawn/dusk,city street
0804b94c-12b08d15,0804b94c-12b08d15.jpg,images/100k/train/0804b94c-12b08d15.jpg,train,train,undefined,daytime,residential
080a57f6-ea0d588a,080a57f6-ea0d588a.jpg,images/100k/train/080a57f6-ea0d588a.jpg,train,train,clear,daytime,city street
080ab9ec-c688ba72,080ab9ec-c688ba72.jpg,images/100k/train/080ab9ec-c688ba72.jpg,train,train,rainy,night,city street
0813b764-ca9bd8c3,0813b764-ca9bd8c3.jpg,images/100k/train/0813b764-ca9bd8c3.jpg,train,train,clear,night,city street
081a6c67-82777b9b,081a6c67-82777b9b.jpg,images/100k/train/081a6c67-82777b9b.jpg,train,train,rainy,daytime,city street
08280ddd-531747c4,08280ddd-531747c4.jpg,images/100k/train/08280ddd-531747c4.jpg,train,train,clear,night,city street
082d5dee-53c30dad,082d5dee-53c30dad.jpg,images/100k/train/082d5dee-53c30dad.jpg,train,train,overcast,daytime,highway
0830c485-32423334,0830c485-32423334.jpg,images/100k/train/0830c485-32423334.jpg,train,train,undefined,daytime,residential
0832b2c1-59228fb8,0832b2c1-59228fb8.jpg,images/100k/train/0832b2c1-59228fb8.jpg,train,train,snowy,daytime,residential
083ce411-c3a120b6,083ce411-c3a120b6.jpg,images/100k/train/083ce411-c3a120b6.jpg,train,train,clear,night,city street
084614d0-f3b8de35,084614d0-f3b8de35.jpg,images/100k/train/084614d0-f3b8de35.jpg,train,train,clear,daytime,highway
085dcf52-0916e447,085dcf52-0916e447.jpg,images/100k/train/085dcf52-0916e447.jpg,train,train,clear,dawn/dusk,city street
08605381-9748a08a,08605381-9748a08a.jpg,images/100k/train/08605381-9748a08a.jpg,train,train,clear,daytime,city street
0872f776-5fcac7fc,0872f776-5fcac7fc.jpg,images/100k/train/0872f776-5fcac7fc.jpg,train,train,overcast,daytime,highway
087ad1c6-e46dd8e1,087ad1c6-e46dd8e1.jpg,images/100k/train/087ad1c6-e46dd8e1.jpg,train,train,clear,daytime,highway
08832b9c-e887f14c,08832b9c-e887f14c.jpg,images/100k/train/08832b9c-e887f14c.jpg,train,train,undefined,daytime,city street
0886c147-281cfa4c,0886c147-281cfa4c.jpg,images/100k/train/0886c147-281cfa4c.jpg,train,train,clear,daytime,city street
0894d380-788dbe9d,0894d380-788dbe9d.jpg,images/100k/train/0894d380-788dbe9d.jpg,train,train,undefined,daytime,city street
089902f2-dcbc6485,089902f2-dcbc6485.jpg,images/100k/train/089902f2-dcbc6485.jpg,train,train,clear,night,city street
089fcb65-d645e2f9,089fcb65-d645e2f9.jpg,images/100k/train/089fcb65-d645e2f9.jpg,train,train,clear,dawn/dusk,city street
08b63876-193d668e,08b63876-193d668e.jpg,images/100k/train/08b63876-193d668e.jpg,train,train,overcast,daytime,city street
08ba8824-58cfeb38,08ba8824-58cfeb38.jpg,images/100k/train/08ba8824-58cfeb38.jpg,train,train,clear,daytime,residential
08cfb3a7-69e4d9b4,08cfb3a7-69e4d9b4.jpg,images/100k/train/08cfb3a7-69e4d9b4.jpg,train,train,clear,night,city street
08d439aa-2b9c88d7,08d439aa-2b9c88d7.jpg,images/100k/train/08d439aa-2b9c88d7.jpg,train,train,rainy,night,highway
08e08ac8-67950d71,08e08ac8-67950d71.jpg,images/100k/train/08e08ac8-67950d71.jpg,train,train,undefined,daytime,city street
08e3c891-9fc671ad,08e3c891-9fc671ad.jpg,images/100k/train/08e3c891-9fc671ad.jpg,train,train,snowy,daytime,city street
08fd4409-6a4f13ea,08fd4409-6a4f13ea.jpg,images/100k/train/08fd4409-6a4f13ea.jpg,train,train,overcast,dawn/dusk,highway
091be679-f6195001,091be679-f6195001.jpg,images/100k/train/091be679-f6195001.jpg,train,train,clear,night,highway
0921af11-31d54fd1,0921af11-31d54fd1.jpg,images/100k/train/0921af11-31d54fd1.jpg,train,train,overcast,dawn/dusk,city street
0922ff6e-43026f6b,0922ff6e-43026f6b.jpg,images/100k/train/0922ff6e-43026f6b.jpg,train,train,overcast,daytime,city street
092afeb9-15a37c43,092afeb9-15a37c43.jpg,images/100k/train/092afeb9-15a37c43.jpg,train,train,undefined,daytime,city street
092afeb9-36c8d82a,092afeb9-36c8d82a.jpg,images/100k/train/092afeb9-36c8d82a.jpg,train,train,rainy,daytime,highway
09409126-324e3880,09409126-324e3880.jpg,images/100k/train/09409126-324e3880.jpg,train,train,clear,night,city street
0947dc75-48879669,0947dc75-48879669.jpg,images/100k/train/0947dc75-48879669.jpg,train,train,clear,daytime,residential
09541f45-0814ce05,09541f45-0814ce05.jpg,images/100k/train/09541f45-0814ce05.jpg,train,train,snowy,night,parking lot
095784e4-2af21c92,095784e4-2af21c92.jpg,images/100k/train/095784e4-2af21c92.jpg,train,train,clear,night,city street
095d7573-d8f6ece7,095d7573-d8f6ece7.jpg,images/100k/train/095d7573-d8f6ece7.jpg,train,train,clear,dawn/dusk,residential
09604a5b-783b8232,09604a5b-783b8232.jpg,images/100k/train/09604a5b-783b8232.jpg,train,train,clear,night,city street
0977bc8b-4dc8eea6,0977bc8b-4dc8eea6.jpg,images/100k/train/0977bc8b-4dc8eea6.jpg,train,train,overcast,daytime,city street
0989aa44-0b932845,0989aa44-0b932845.jpg,images/100k/train/0989aa44-0b932845.jpg,train,train,clear,night,city street
0989c8b0-e704ec42,0989c8b0-e704ec42.jpg,images/100k/train/0989c8b0-e704ec42.jpg,train,train,overcast,daytime,city street
098f5ef3-f5499702,098f5ef3-f5499702.jpg,images/100k/train/098f5ef3-f5499702.jpg,train,train,clear,night,city street
099d8913-a6af05ae,099d8913-a6af05ae.jpg,images/100k/train/099d8913-a6af05ae.jpg,train,train,clear,night,city street
099ea5ca-477562fd,099ea5ca-477562fd.jpg,images/100k/train/099ea5ca-477562fd.jpg,train,train,snowy,daytime,residential
09a0c046-c0782473,09a0c046-c0782473.jpg,images/100k/train/09a0c046-c0782473.jpg,train,train,clear,daytime,residential
09a3f412-e71784b5,09a3f412-e71784b5.jpg,images/100k/train/09a3f412-e71784b5.jpg,train,train,clear,night,city street
09ac7416-54132cc6,09ac7416-54132cc6.jpg,images/100k/train/09ac7416-54132cc6.jpg,train,train,snowy,night,city street
09ac7416-d0e852a3,09ac7416-d0e852a3.jpg,images/100k/train/09ac7416-d0e852a3.jpg,train,train,clear,night,city street
09bf8565-ff3f3d49,09bf8565-ff3f3d49.jpg,images/100k/train/09bf8565-ff3f3d49.jpg,train,train,overcast,daytime,highway
09cf2788-3645c2cc,09cf2788-3645c2cc.jpg,images/100k/train/09cf2788-3645c2cc.jpg,train,train,snowy,daytime,city street
09d9403c-7087e413,09d9403c-7087e413.jpg,images/100k/train/09d9403c-7087e413.jpg,train,train,clear,night,city street
09e7c40c-1fee1f27,09e7c40c-1fee1f27.jpg,images/100k/train/09e7c40c-1fee1f27.jpg,train,train,undefined,daytime,city street
09edad8a-f673747e,09edad8a-f673747e.jpg,images/100k/train/09edad8a-f673747e.jpg,train,train,clear,night,city street
0a006b7b-d44d2584,0a006b7b-d44d2584.jpg,images/100k/train/0a006b7b-d44d2584.jpg,train,train,clear,night,highway
0a022bf4-fb62ebb1,0a022bf4-fb62ebb1.jpg,images/100k/train/0a022bf4-fb62ebb1.jpg,train,train,undefined,daytime,highway
0a19489c-120e718b,0a19489c-120e718b.jpg,images/100k/train/0a19489c-120e718b.jpg,train,train,clear,daytime,highway
0a2a1a40-44173767,0a2a1a40-44173767.jpg,images/100k/train/0a2a1a40-44173767.jpg,train,train,clear,night,highway
0a3f8f94-0f3aab2e,0a3f8f94-0f3aab2e.jpg,images/100k/train/0a3f8f94-0f3aab2e.jpg,train,train,snowy,night,city street
0a454654-6c2943bb,0a454654-6c2943bb.jpg,images/100k/train/0a454654-6c2943bb.jpg,train,train,clear,night,city street
0a4ef631-6a2cae37,0a4ef631-6a2cae37.jpg,images/100k/train/0a4ef631-6a2cae37.jpg,train,train,clear,night,highway
0a6de7b2-e5f63244,0a6de7b2-e5f63244.jpg,images/100k/train/0a6de7b2-e5f63244.jpg,train,train,partly cloudy,dawn/dusk,city street
0a88f32b-929501bf,0a88f32b-929501bf.jpg,images/100k/train/0a88f32b-929501bf.jpg,train,train,undefined,daytime,residential
0a987fbc-5adf2bca,0a987fbc-5adf2bca.jpg,images/100k/train/0a987fbc-5adf2bca.jpg,train,train,clear,night,city street
0a9d03d6-02ea8201,0a9d03d6-02ea8201.jpg,images/100k/train/0a9d03d6-02ea8201.jpg,train,train,snowy,dawn/dusk,city street
0aa52205-d9b7723f,0aa52205-d9b7723f.jpg,images/100k/train/0aa52205-d9b7723f.jpg,train,train,partly cloudy,daytime,city street
0aa842d5-8f199594,0aa842d5-8f199594.jpg,images/100k/train/0aa842d5-8f199594.jpg,train,train,clear,daytime,city street
0ac3cbf4-73c76d25,0ac3cbf4-73c76d25.jpg,images/100k/train/0ac3cbf4-73c76d25.jpg,train,train,snowy,dawn/dusk,city street
0ad67e35-56935819,0ad67e35-56935819.jpg,images/100k/train/0ad67e35-56935819.jpg,train,train,clear,daytime,residential
0add4446-2fb7b347,0add4446-2fb7b347.jpg,images/100k/train/0add4446-2fb7b347.jpg,train,train,partly cloudy,daytime,city street
0ae65b30-09274ba7,0ae65b30-09274ba7.jpg,images/100k/train/0ae65b30-09274ba7.jpg,train,train,undefined,daytime,city street
0aec42a1-fbff59b0,0aec42a1-fbff59b0.jpg,images/100k/train/0aec42a1-fbff59b0.jpg,train,train,clear,night,city street
0b01ca80-852faffa,0b01ca80-852faffa.jpg,images/100k/train/0b01ca80-852faffa.jpg,train,train,clear,dawn/dusk,highway
0b099136-a9ec5a5f,0b099136-a9ec5a5f.jpg,images/100k/train/0b099136-a9ec5a5f.jpg,train,train,overcast,daytime,city street
0b0f88a9-563e84cf,0b0f88a9-563e84cf.jpg,images/100k/train/0b0f88a9-563e84cf.jpg,train,train,clear,night,city street
0b2d2767-b260b817,0b2d2767-b260b817.jpg,images/100k/train/0b2d2767-b260b817.jpg,train,train,clear,night,city street
0b351bc5-c895ae48,0b351bc5-c895ae48.jpg,images/100k/train/0b351bc5-c895ae48.jpg,train,train,clear,daytime,city street
0b6474d1-36cafb5a,0b6474d1-36cafb5a.jpg,images/100k/train/0b6474d1-36cafb5a.jpg,train,train,overcast,dawn/dusk,city street
0b76dd7e-a198f275,0b76dd7e-a198f275.jpg,images/100k/train/0b76dd7e-a198f275.jpg,train,train,partly cloudy,daytime,city street
0b7cbaa7-6a650606,0b7cbaa7-6a650606.jpg,images/100k/train/0b7cbaa7-6a650606.jpg,train,train,snowy,daytime,city street
0b9bd129-de2e7adf,0b9bd129-de2e7adf.jpg,images/100k/train/0b9bd129-de2e7adf.jpg,train,train,clear,night,highway
0b9e72e1-2855d45f,0b9e72e1-2855d45f.jpg,images/100k/train/0b9e72e1-2855d45f.jpg,train,train,clear,daytime,city street
0bc0b27e-e18eb6d7,0bc0b27e-e18eb6d7.jpg,images/100k/train/0bc0b27e-e18eb6d7.jpg,train,train,snowy,daytime,highway
0be031c3-81b6e5b7,0be031c3-81b6e5b7.jpg,images/100k/train/0be031c3-81b6e5b7.jpg,train,train,snowy,daytime,city street
0be60f15-c6936770,0be60f15-c6936770.jpg,images/100k/train/0be60f15-c6936770.jpg,train,train,clear,night,city street
0bef592b-ab6f4dee,0bef592b-ab6f4dee.jpg,images/100k/train/0bef592b-ab6f4dee.jpg,train,train,clear,night,highway
0bf1c902-d84fa0fa,0bf1c902-d84fa0fa.jpg,images/100k/train/0bf1c902-d84fa0fa.jpg,train,train,overcast,dawn/dusk,city street
0bf2ff3e-19bb5f59,0bf2ff3e-19bb5f59.jpg,images/100k/train/0bf2ff3e-19bb5f59.jpg,train,train,clear,daytime,city street
0c005860-df3ef7d3,0c005860-df3ef7d3.jpg,images/100k/train/0c005860-df3ef7d3.jpg,train,train,clear,daytime,city street
0c0c2d36-1ead07b3,0c0c2d36-1ead07b3.jpg,images/100k/train/0c0c2d36-1ead07b3.jpg,train,train,undefined,night,city street
0c1cf990-8eab3fb5,0c1cf990-8eab3fb5.jpg,images/100k/train/0c1cf990-8eab3fb5.jpg,train,train,undefined,daytime,city street
0c21c4d2-c1554514,0c21c4d2-c1554514.jpg,images/100k/train/0c21c4d2-c1554514.jpg,train,train,undefined,daytime,city street
0c34273d-87a7edaa,0c34273d-87a7edaa.jpg,images/100k/train/0c34273d-87a7edaa.jpg,train,train,clear,daytime,highway
0c44aaea-6dcbafad,0c44aaea-6dcbafad.jpg,images/100k/train/0c44aaea-6dcbafad.jpg,train,train,undefined,daytime,city street
0c4cbdfc-1441a0f3,0c4cbdfc-1441a0f3.jpg,images/100k/train/0c4cbdfc-1441a0f3.jpg,train,train,clear,night,city street
0c564b6a-f775b485,0c564b6a-f775b485.jpg,images/100k/train/0c564b6a-f775b485.jpg,train,train,clear,night,city street
0c674b1e-b5bed7ba,0c674b1e-b5bed7ba.jpg,images/100k/train/0c674b1e-b5bed7ba.jpg,train,train,rainy,night,city street
0c6c4570-5e0537e5,0c6c4570-5e0537e5.jpg,images/100k/train/0c6c4570-5e0537e5.jpg,train,train,clear,daytime,city street
0c8e4f10-b7727d75,0c8e4f10-b7727d75.jpg,images/100k/train/0c8e4f10-b7727d75.jpg,train,train,rainy,dawn/dusk,city street
0c91b387-b565d397,0c91b387-b565d397.jpg,images/100k/train/0c91b387-b565d397.jpg,train,train,rainy,night,city street
0c9709c1-7f5e9b16,0c9709c1-7f5e9b16.jpg,images/100k/train/0c9709c1-7f5e9b16.jpg,train,train,overcast,daytime,city street
0c9b8dc4-764097f0,0c9b8dc4-764097f0.jpg,images/100k/train/0c9b8dc4-764097f0.jpg,train,train,clear,night,city street
0c9f5bb9-459661f6,0c9f5bb9-459661f6.jpg,images/100k/train/0c9f5bb9-459661f6.jpg,train,train,overcast,daytime,city street
0ca0e5b8-29ea0437,0ca0e5b8-29ea0437.jpg,images/100k/train/0ca0e5b8-29ea0437.jpg,train,train,clear,night,city street
0ca8467b-8c42a564,0ca8467b-8c42a564.jpg,images/100k/train/0ca8467b-8c42a564.jpg,train,train,clear,night,highway
0cb0c597-6c6fe612,0cb0c597-6c6fe612.jpg,images/100k/train/0cb0c597-6c6fe612.jpg,train,train,clear,night,city street
0cc8549e-8d3dd4d8,0cc8549e-8d3dd4d8.jpg,images/100k/train/0cc8549e-8d3dd4d8.jpg,train,train,undefined,daytime,city street
0cdde16a-e7a0d875,0cdde16a-e7a0d875.jpg,images/100k/train/0cdde16a-e7a0d875.jpg,train,train,clear,daytime,residential
0ce5101a-0280b606,0ce5101a-0280b606.jpg,images/100k/train/0ce5101a-0280b606.jpg,train,train,snowy,daytime,highway
0cfd4cb3-5bc4199e,0cfd4cb3-5bc4199e.jpg,images/100k/train/0cfd4cb3-5bc4199e.jpg,train,train,snowy,dawn/dusk,city street
0cfd8c23-3f413569,0cfd8c23-3f413569.jpg,images/100k/train/0cfd8c23-3f413569.jpg,train,train,clear,daytime,city street
0d029d7e-12b07534,0d029d7e-12b07534.jpg,images/100k/train/0d029d7e-12b07534.jpg,train,train,undefined,daytime,city street
0d137191-d9a23795,0d137191-d9a23795.jpg,images/100k/train/0d137191-d9a23795.jpg,train,train,clear,night,highway
0d13ae3d-1bf40521,0d13ae3d-1bf40521.jpg,images/100k/train/0d13ae3d-1bf40521.jpg,train,train,clear,dawn/dusk,highway
0d214617-9d9d28dd,0d214617-9d9d28dd.jpg,images/100k/train/0d214617-9d9d28dd.jpg,train,train,clear,night,city street
0d2bc446-a829d9a5,0d2bc446-a829d9a5.jpg,images/100k/train/0d2bc446-a829d9a5.jpg,train,train,overcast,dawn/dusk,city street
0d3ec56a-f4cead6f,0d3ec56a-f4cead6f.jpg,images/100k/train/0d3ec56a-f4cead6f.jpg,train,train,clear,daytime,highway
0d4268d5-0bd9d70a,0d4268d5-0bd9d70a.jpg,images/100k/train/0d4268d5-0bd9d70a.jpg,train,train,rainy,dawn/dusk,city street
0d451a8d-5c04e750,0d451a8d-5c04e750.jpg,images/100k/train/0d451a8d-5c04e750.jpg,train,train,undefined,daytime,residential
0d4c06d5-360c6920,0d4c06d5-360c6920.jpg,images/100k/train/0d4c06d5-360c6920.jpg,train,train,clear,night,city street
0d5a4fa0-4d2d45e6,0d5a4fa0-4d2d45e6.jpg,images/100k/train/0d5a4fa0-4d2d45e6.jpg,train,train,overcast,daytime,city street
0d5b19b3-e3f51851,0d5b19b3-e3f51851.jpg,images/100k/train/0d5b19b3-e3f51851.jpg,train,train,clear,daytime,city street
0d64bcdd-c4aae9bd,0d64bcdd-c4aae9bd.jpg,images/100k/train/0d64bcdd-c4aae9bd.jpg,train,train,clear,daytime,city street
0d65d38e-47f3f4df,0d65d38e-47f3f4df.jpg,images/100k/train/0d65d38e-47f3f4df.jpg,train,train,clear,night,city street
0d65d38e-93c1a3b5,0d65d38e-93c1a3b5.jpg,images/100k/train/0d65d38e-93c1a3b5.jpg,train,train,clear,night,city street
0d65d38e-d3e1650d,0d65d38e-d3e1650d.jpg,images/100k/train/0d65d38e-d3e1650d.jpg,train,train,clear,night,city street
0d660646-e58f93af,0d660646-e58f93af.jpg,images/100k/train/0d660646-e58f93af.jpg,train,train,overcast,daytime,city street
0d6a0db0-3ca56823,0d6a0db0-3ca56823.jpg,images/100k/train/0d6a0db0-3ca56823.jpg,train,train,clear,night,city street
0d94fd39-3069549e,0d94fd39-3069549e.jpg,images/100k/train/0d94fd39-3069549e.jpg,train,train,clear,daytime,city street
0d9c20e5-60259d73,0d9c20e5-60259d73.jpg,images/100k/train/0d9c20e5-60259d73.jpg,train,train,clear,daytime,highway
0d9ca9fa-debaa238,0d9ca9fa-debaa238.jpg,images/100k/train/0d9ca9fa-debaa238.jpg,train,train,rainy,daytime,highway
0d9e0ea5-d4e7b031,0d9e0ea5-d4e7b031.jpg,images/100k/train/0d9e0ea5-d4e7b031.jpg,train,train,clear,night,highway
0da8e2b0-4e095f06,0da8e2b0-4e095f06.jpg,images/100k/train/0da8e2b0-4e095f06.jpg,train,train,clear,daytime,city street
0dba4072-d32e04d0,0dba4072-d32e04d0.jpg,images/100k/train/0dba4072-d32e04d0.jpg,train,train,undefined,daytime,highway
0dc60179-4b17d7e8,0dc60179-4b17d7e8.jpg,images/100k/train/0dc60179-4b17d7e8.jpg,train,train,clear,night,city street
0dc7d7fd-8a70232e,0dc7d7fd-8a70232e.jpg,images/100k/train/0dc7d7fd-8a70232e.jpg,train,train,clear,night,city street
0dcd165f-81255c47,0dcd165f-81255c47.jpg,images/100k/train/0dcd165f-81255c47.jpg,train,train,snowy,night,city street
0dd60c33-487dfb19,0dd60c33-487dfb19.jpg,images/100k/train/0dd60c33-487dfb19.jpg,train,train,clear,night,highway
0ddab3e2-08017911,0ddab3e2-08017911.jpg,images/100k/train/0ddab3e2-08017911.jpg,train,train,undefined,daytime,city street
0de9ebfa-66200148,0de9ebfa-66200148.jpg,images/100k/train/0de9ebfa-66200148.jpg,train,train,rainy,daytime,city street
0df9627b-d2726822,0df9627b-d2726822.jpg,images/100k/train/0df9627b-d2726822.jpg,train,train,clear,night,highway
0dfb2737-9a07d06c,0dfb2737-9a07d06c.jpg,images/100k/train/0dfb2737-9a07d06c.jpg,train,train,clear,night,highway
0dffa115-8a64b65d,0dffa115-8a64b65d.jpg,images/100k/train/0dffa115-8a64b65d.jpg,train,train,overcast,dawn/dusk,highway
0e05e1d7-51f68c07,0e05e1d7-51f68c07.jpg,images/100k/train/0e05e1d7-51f68c07.jpg,train,train,undefined,daytime,city street
0e0b757e-12f7b9d2,0e0b757e-12f7b9d2.jpg,images/100k/train/0e0b757e-12f7b9d2.jpg,train,train,clear,night,highway
0e46d6a2-317f2c38,0e46d6a2-317f2c38.jpg,images/100k/train/0e46d6a2-317f2c38.jpg,train,train,overcast,daytime,city street
0e54c36c-df48ea8c,0e54c36c-df48ea8c.jpg,images/100k/train/0e54c36c-df48ea8c.jpg,train,train,overcast,daytime,city street
0e5fc339-929b1def,0e5fc339-929b1def.jpg,images/100k/train/0e5fc339-929b1def.jpg,train,train,undefined,night,highway
0e6671dd-d5d4e869,0e6671dd-d5d4e869.jpg,images/100k/train/0e6671dd-d5d4e869.jpg,train,train,clear,night,city street
0e67fcce-b2e8199c,0e67fcce-b2e8199c.jpg,images/100k/train/0e67fcce-b2e8199c.jpg,train,train,partly cloudy,daytime,parking lot
0e78c3ba-95b55507,0e78c3ba-95b55507.jpg,images/100k/train/0e78c3ba-95b55507.jpg,train,train,clear,daytime,city street
0e9e13e7-6e4ea043,0e9e13e7-6e4ea043.jpg,images/100k/train/0e9e13e7-6e4ea043.jpg,train,train,clear,dawn/dusk,city street
0ea059ef-101818db,0ea059ef-101818db.jpg,images/100k/train/0ea059ef-101818db.jpg,train,train,clear,night,city street
0eac13ee-b2122a76,0eac13ee-b2122a76.jpg,images/100k/train/0eac13ee-b2122a76.jpg,train,train,overcast,daytime,city street
0ebdf257-54c3ca29,0ebdf257-54c3ca29.jpg,images/100k/train/0ebdf257-54c3ca29.jpg,train,train,clear,night,city street
0ec82c09-821ed80a,0ec82c09-821ed80a.jpg,images/100k/train/0ec82c09-821ed80a.jpg,train,train,clear,night,city street
0ecf8963-181475e0,0ecf8963-181475e0.jpg,images/100k/train/0ecf8963-181475e0.jpg,train,train,clear,night,highway
0ed0d326-5ec5573f,0ed0d326-5ec5573f.jpg,images/100k/train/0ed0d326-5ec5573f.jpg,train,train,clear,daytime,highway
0ed0d326-f3689a47,0ed0d326-f3689a47.jpg,images/100k/train/0ed0d326-f3689a47.jpg,train,train,clear,daytime,residential
0ed84a06-772205e4,0ed84a06-772205e4.jpg,images/100k/train/0ed84a06-772205e4.jpg,train,train,clear,night,city street
0edb8cbb-6a76df8a,0edb8cbb-6a76df8a.jpg,images/100k/train/0edb8cbb-6a76df8a.jpg,train,train,partly cloudy,daytime,city street
0edbc246-ad2d41f5,0edbc246-ad2d41f5.jpg,images/100k/train/0edbc246-ad2d41f5.jpg,train,train,clear,night,highway
0ee1be88-7f844ca2,0ee1be88-7f844ca2.jpg,images/100k/train/0ee1be88-7f844ca2.jpg,train,train,clear,daytime,highway
0f062b89-9780bfa6,0f062b89-9780bfa6.jpg,images/100k/train/0f062b89-9780bfa6.jpg,train,train,snowy,night,city street
0f0a1598-4f711df0,0f0a1598-4f711df0.jpg,images/100k/train/0f0a1598-4f711df0.jpg,train,train,clear,night,city street
0f442be6-11385773,0f442be6-11385773.jpg,images/100k/train/0f442be6-11385773.jpg,train,train,snowy,daytime,highway
0f442be6-fd779249,0f442be6-fd779249.jpg,images/100k/train/0f442be6-fd779249.jpg,train,train,snowy,daytime,residential
0f4bb4a3-0f3a20a4,0f4bb4a3-0f3a20a4.jpg,images/100k/train/0f4bb4a3-0f3a20a4.jpg,train,train,clear,daytime,residential
0f899f00-9013cb67,0f899f00-9013cb67.jpg,images/100k/train/0f899f00-9013cb67.jpg,train,train,clear,night,city street
0f9b9e50-27c466cf,0f9b9e50-27c466cf.jpg,images/100k/train/0f9b9e50-27c466cf.jpg,train,train,overcast,dawn/dusk,city street
0fa7d0a7-6a337420,0fa7d0a7-6a337420.jpg,images/100k/train/0fa7d0a7-6a337420.jpg,train,train,clear,daytime,highway
0fa7d0a7-868d8925,0fa7d0a7-868d8925.jpg,images/100k/train/0fa7d0a7-868d8925.jpg,train,train,clear,daytime,residential
0fa9214d-ad5d267a,0fa9214d-ad5d267a.jpg,images/100k/train/0fa9214d-ad5d267a.jpg,train,train,clear,night,highway
0fb26cb0-1e84cb8e,0fb26cb0-1e84cb8e.jpg,images/100k/train/0fb26cb0-1e84cb8e.jpg,train,train,overcast,daytime,residential
0fbd6eb2-9fa73c28,0fbd6eb2-9fa73c28.jpg,images/100k/train/0fbd6eb2-9fa73c28.jpg,train,train,clear,daytime,city street
0fbf178c-9598bca6,0fbf178c-9598bca6.jpg,images/100k/train/0fbf178c-9598bca6.jpg,train,train,snowy,daytime,city street
0fc9a9da-b1d36a0b,0fc9a9da-b1d36a0b.jpg,images/100k/train/0fc9a9da-b1d36a0b.jpg,train,train,clear,night,city street
0fe850c9-6c8dc241,0fe850c9-6c8dc241.jpg,images/100k/train/0fe850c9-6c8dc241.jpg,train,train,overcast,daytime,highway
0ff07b90-023a3fe1,0ff07b90-023a3fe1.jpg,images/100k/train/0ff07b90-023a3fe1.jpg,train,train,clear,daytime,city street
0ff22e9f-bc99e801,0ff22e9f-bc99e801.jpg,images/100k/train/0ff22e9f-bc99e801.jpg,train,train,overcast,daytime,city street
10096e1c-5420b28b,10096e1c-5420b28b.jpg,images/100k/train/10096e1c-5420b28b.jpg,train,train,clear,daytime,residential
100c6dbf-688b3c1f,100c6dbf-688b3c1f.jpg,images/100k/train/100c6dbf-688b3c1f.jpg,train,train,overcast,daytime,highway
101a0964-930eae70,101a0964-930eae70.jpg,images/100k/train/101a0964-930eae70.jpg,train,train,clear,daytime,highway
101bedcd-00d794ab,101bedcd-00d794ab.jpg,images/100k/train/101bedcd-00d794ab.jpg,train,train,overcast,daytime,city street
104c905a-980c87b8,104c905a-980c87b8.jpg,images/100k/train/104c905a-980c87b8.jpg,train,train,clear,night,highway
10545e32-a25b494c,10545e32-a25b494c.jpg,images/100k/train/10545e32-a25b494c.jpg,train,train,overcast,daytime,city street
1064551d-54a4cff2,1064551d-54a4cff2.jpg,images/100k/train/1064551d-54a4cff2.jpg,train,train,clear,daytime,city street
106b57e4-a9cc6de7,106b57e4-a9cc6de7.jpg,images/100k/train/106b57e4-a9cc6de7.jpg,train,train,clear,dawn/dusk,city street
10a05690-af4e45e0,10a05690-af4e45e0.jpg,images/100k/train/10a05690-af4e45e0.jpg,train,train,clear,dawn/dusk,residential
10c13e86-9ae3c059,10c13e86-9ae3c059.jpg,images/100k/train/10c13e86-9ae3c059.jpg,train,train,clear,night,city street
10c212dd-c2b1a491,10c212dd-c2b1a491.jpg,images/100k/train/10c212dd-c2b1a491.jpg,train,train,clear,daytime,city street
10c2d350-33b90d18,10c2d350-33b90d18.jpg,images/100k/train/10c2d350-33b90d18.jpg,train,train,clear,daytime,city street
10cf25ae-46fd8afd,10cf25ae-46fd8afd.jpg,images/100k/train/10cf25ae-46fd8afd.jpg,train,train,rainy,dawn/dusk,city street
10d8b2f2-03116bba,10d8b2f2-03116bba.jpg,images/100k/train/10d8b2f2-03116bba.jpg,train,train,overcast,daytime,highway
10f92555-e2e18af8,10f92555-e2e18af8.jpg,images/100k/train/10f92555-e2e18af8.jpg,train,train,clear,night,city street
1122b4ec-20683ee9,1122b4ec-20683ee9.jpg,images/100k/train/1122b4ec-20683ee9.jpg,train,train,clear,night,residential
113ea5d7-591b7b0f,113ea5d7-591b7b0f.jpg,images/100k/train/113ea5d7-591b7b0f.jpg,train,train,overcast,daytime,city street
1141da4b-5bed4551,1141da4b-5bed4551.jpg,images/100k/train/1141da4b-5bed4551.jpg,train,train,clear,daytime,highway
114cce7b-bb3cfdf2,114cce7b-bb3cfdf2.jpg,images/100k/train/114cce7b-bb3cfdf2.jpg,train,train,clear,night,city street
114e578a-0cb4e102,114e578a-0cb4e102.jpg,images/100k/train/114e578a-0cb4e102.jpg,train,train,clear,night,highway
11513e3d-864faa0c,11513e3d-864faa0c.jpg,images/100k/train/11513e3d-864faa0c.jpg,train,train,clear,daytime,residential
1157e87e-861c48b5,1157e87e-861c48b5.jpg,images/100k/train/1157e87e-861c48b5.jpg,train,train,clear,daytime,highway
11589021-eb71270b,11589021-eb71270b.jpg,images/100k/train/11589021-eb71270b.jpg,train,train,snowy,night,highway
117f55ba-bf778c91,117f55ba-bf778c91.jpg,images/100k/train/117f55ba-bf778c91.jpg,train,train,clear,daytime,highway
118fb73e-97c92847,118fb73e-97c92847.jpg,images/100k/train/118fb73e-97c92847.jpg,train,train,overcast,daytime,highway
11a2b8ec-c6506d8d,11a2b8ec-c6506d8d.jpg,images/100k/train/11a2b8ec-c6506d8d.jpg,train,train,clear,daytime,city street
11b47a8a-a2741304,11b47a8a-a2741304.jpg,images/100k/train/11b47a8a-a2741304.jpg,train,train,snowy,daytime,residential
11b47a8a-e8b493d6,11b47a8a-e8b493d6.jpg,images/100k/train/11b47a8a-e8b493d6.jpg,train,train,overcast,daytime,highway
11bcec11-e046b4fd,11bcec11-e046b4fd.jpg,images/100k/train/11bcec11-e046b4fd.jpg,train,train,clear,daytime,highway
11bfabe9-4814e710,11bfabe9-4814e710.jpg,images/100k/train/11bfabe9-4814e710.jpg,train,train,clear,night,city street
11dc1774-98ab1ef4,11dc1774-98ab1ef4.jpg,images/100k/train/11dc1774-98ab1ef4.jpg,train,train,overcast,daytime,parking lot
11e00a10-3eb7d21a,11e00a10-3eb7d21a.jpg,images/100k/train/11e00a10-3eb7d21a.jpg,train,train,clear,night,city street
11ecaf4a-8586f43d,11ecaf4a-8586f43d.jpg,images/100k/train/11ecaf4a-8586f43d.jpg,train,train,partly cloudy,daytime,highway
11f81829-3ef0d674,11f81829-3ef0d674.jpg,images/100k/train/11f81829-3ef0d674.jpg,train,train,undefined,daytime,highway
11f8a662-083aee1f,11f8a662-083aee1f.jpg,images/100k/train/11f8a662-083aee1f.jpg,train,train,partly cloudy,daytime,residential
12011d41-208b652b,12011d41-208b652b.jpg,images/100k/train/12011d41-208b652b.jpg,train,train,clear,night,city street
121213f4-393b2342,121213f4-393b2342.jpg,images/100k/train/121213f4-393b2342.jpg,train,train,clear,night,city street
121dfc25-5d7cb182,121dfc25-5d7cb182.jpg,images/100k/train/121dfc25-5d7cb182.jpg,train,train,clear,daytime,city street
12459369-f53365ba,12459369-f53365ba.jpg,images/100k/train/12459369-f53365ba.jpg,train,train,clear,night,city street
12503fc4-5f370760,12503fc4-5f370760.jpg,images/100k/train/12503fc4-5f370760.jpg,train,train,clear,night,highway
1264396f-938f7f69,1264396f-938f7f69.jpg,images/100k/train/1264396f-938f7f69.jpg,train,train,overcast,daytime,highway
126ab5e4-9de62ccd,126ab5e4-9de62ccd.jpg,images/100k/train/126ab5e4-9de62ccd.jpg,train,train,clear,daytime,city street
12800db3-5fa0bb8e,12800db3-5fa0bb8e.jpg,images/100k/train/12800db3-5fa0bb8e.jpg,train,train,overcast,daytime,city street
129539d3-ad3ef043,129539d3-ad3ef043.jpg,images/100k/train/129539d3-ad3ef043.jpg,train,train,clear,daytime,highway
12a7ca2d-c8250ce4,12a7ca2d-c8250ce4.jpg,images/100k/train/12a7ca2d-c8250ce4.jpg,train,train,undefined,dawn/dusk,city street
12a87425-71fd7b40,12a87425-71fd7b40.jpg,images/100k/train/12a87425-71fd7b40.jpg,train,train,overcast,daytime,city street
12c1bdb3-1bf35dac,12c1bdb3-1bf35dac.jpg,images/100k/train/12c1bdb3-1bf35dac.jpg,train,train,clear,dawn/dusk,city street
12dab23b-c8087aa8,12dab23b-c8087aa8.jpg,images/100k/train/12dab23b-c8087aa8.jpg,train,train,clear,daytime,residential
12e1e47c-faddd66a,12e1e47c-faddd66a.jpg,images/100k/train/12e1e47c-faddd66a.jpg,train,train,partly cloudy,daytime,city street
12e54e66-3095e4dc,12e54e66-3095e4dc.jpg,images/100k/train/12e54e66-3095e4dc.jpg,train,train,undefined,daytime,residential
12fa635f-81538467,12fa635f-81538467.jpg,images/100k/train/12fa635f-81538467.jpg,train,train,overcast,daytime,city street
130a2a49-d89f7ea7,130a2a49-d89f7ea7.jpg,images/100k/train/130a2a49-d89f7ea7.jpg,train,train,rainy,daytime,city street
130a7c58-260fcd28,130a7c58-260fcd28.jpg,images/100k/train/130a7c58-260fcd28.jpg,train,train,clear,daytime,gas stations
130add4f-42fc5213,130add4f-42fc5213.jpg,images/100k/train/130add4f-42fc5213.jpg,train,train,snowy,daytime,city street
1337f4dd-ab3b187e,1337f4dd-ab3b187e.jpg,images/100k/train/1337f4dd-ab3b187e.jpg,train,train,clear,night,gas stations
1337f4dd-d87d60e9,1337f4dd-d87d60e9.jpg,images/100k/train/1337f4dd-d87d60e9.jpg,train,train,clear,night,city street
134581f5-855a8398,134581f5-855a8398.jpg,images/100k/train/134581f5-855a8398.jpg,train,train,clear,night,city street
1358b742-90ffc3bf,1358b742-90ffc3bf.jpg,images/100k/train/1358b742-90ffc3bf.jpg,train,train,clear,night,city street
1370e43f-7bd6b8be,1370e43f-7bd6b8be.jpg,images/100k/train/1370e43f-7bd6b8be.jpg,train,train,clear,night,residential
1371f6a6-46053308,1371f6a6-46053308.jpg,images/100k/train/1371f6a6-46053308.jpg,train,train,rainy,daytime,city street
1371f6a6-eeb284f1,1371f6a6-eeb284f1.jpg,images/100k/train/1371f6a6-eeb284f1.jpg,train,train,rainy,night,city street
138ff5f0-7b81bda1,138ff5f0-7b81bda1.jpg,images/100k/train/138ff5f0-7b81bda1.jpg,train,train,clear,night,city street
13952dfc-ac411362,13952dfc-ac411362.jpg,images/100k/train/13952dfc-ac411362.jpg,train,train,undefined,daytime,residential
13982052-20de72d1,13982052-20de72d1.jpg,images/100k/train/13982052-20de72d1.jpg,train,train,rainy,daytime,city street
13afaee3-3d5f9e1e,13afaee3-3d5f9e1e.jpg,images/100k/train/13afaee3-3d5f9e1e.jpg,train,train,overcast,daytime,city street
13b9c797-b6106308,13b9c797-b6106308.jpg,images/100k/train/13b9c797-b6106308.jpg,train,train,clear,daytime,highway
13c6375e-dd276410,13c6375e-dd276410.jpg,images/100k/train/13c6375e-dd276410.jpg,train,train,partly cloudy,daytime,highway
13c7b7e8-2dbd8f65,13c7b7e8-2dbd8f65.jpg,images/100k/train/13c7b7e8-2dbd8f65.jpg,train,train,clear,daytime,city street
13c94581-e10b6cc2,13c94581-e10b6cc2.jpg,images/100k/train/13c94581-e10b6cc2.jpg,train,train,clear,night,city street
13dcefd6-8b81ace7,13dcefd6-8b81ace7.jpg,images/100k/train/13dcefd6-8b81ace7.jpg,train,train,undefined,daytime,city street
13f5f66f-af4e9d41,13f5f66f-af4e9d41.jpg,images/100k/train/13f5f66f-af4e9d41.jpg,train,train,clear,night,city street
13f7f0bf-82bb9fb7,13f7f0bf-82bb9fb7.jpg,images/100k/train/13f7f0bf-82bb9fb7.jpg,train,train,clear,night,highway
13f7f0bf-93a9a73c,13f7f0bf-93a9a73c.jpg,images/100k/train/13f7f0bf-93a9a73c.jpg,train,train,clear,night,city street
14020ffa-756cffb2,14020ffa-756cffb2.jpg,images/100k/train/14020ffa-756cffb2.jpg,train,train,partly cloudy,daytime,city street
14030650-5e9f396c,14030650-5e9f396c.jpg,images/100k/train/14030650-5e9f396c.jpg,train,train,clear,daytime,highway
143da8e5-1c643322,143da8e5-1c643322.jpg,images/100k/train/143da8e5-1c643322.jpg,train,train,undefined,daytime,highway
143da8e5-922122c5,143da8e5-922122c5.jpg,images/100k/train/143da8e5-922122c5.jpg,train,train,clear,daytime,residential
145cd40a-3a82fa98,145cd40a-3a82fa98.jpg,images/100k/train/145cd40a-3a82fa98.jpg,train,train,overcast,daytime,city street
1465630c-4db5fc49,1465630c-4db5fc49.jpg,images/100k/train/1465630c-4db5fc49.jpg,train,train,partly cloudy,daytime,highway
14689aed-36c28cd6,14689aed-36c28cd6.jpg,images/100k/train/14689aed-36c28cd6.jpg,train,train,clear,night,city street
1478be55-f22296ef,1478be55-f22296ef.jpg,images/100k/train/1478be55-f22296ef.jpg,train,train,rainy,night,city street
147a04c9-9fb30015,147a04c9-9fb30015.jpg,images/100k/train/147a04c9-9fb30015.jpg,train,train,clear,night,city street
14804111-fc3be5a1,14804111-fc3be5a1.jpg,images/100k/train/14804111-fc3be5a1.jpg,train,train,partly cloudy,daytime,highway
148b9b8a-f7852669,148b9b8a-f7852669.jpg,images/100k/train/148b9b8a-f7852669.jpg,train,train,undefined,daytime,residential
149176bb-32ca4b1b,149176bb-32ca4b1b.jpg,images/100k/train/149176bb-32ca4b1b.jpg,train,train,clear,night,city street
14942896-ea3755fc,14942896-ea3755fc.jpg,images/100k/train/14942896-ea3755fc.jpg,train,train,clear,night,city street
14968e59-35864b1d,14968e59-35864b1d.jpg,images/100k/train/14968e59-35864b1d.jpg,train,train,overcast,dawn/dusk,city street
149d37b6-9e457a59,149d37b6-9e457a59.jpg,images/100k/train/149d37b6-9e457a59.jpg,train,train,undefined,daytime,city street
14a2bb54-12317429,14a2bb54-12317429.jpg,images/100k/train/14a2bb54-12317429.jpg,train,train,undefined,daytime,city street
14a48327-1c78004c,14a48327-1c78004c.jpg,images/100k/train/14a48327-1c78004c.jpg,train,train,partly cloudy,daytime,highway
14b50a39-3b4b1a24,14b50a39-3b4b1a24.jpg,images/100k/train/14b50a39-3b4b1a24.jpg,train,train,clear,daytime,city street
14ba9079-75ce0461,14ba9079-75ce0461.jpg,images/100k/train/14ba9079-75ce0461.jpg,train,train,clear,night,city street
14c2bf46-21a5f9f0,14c2bf46-21a5f9f0.jpg,images/100k/train/14c2bf46-21a5f9f0.jpg,train,train,snowy,night,city street
14c70f45-11a9e977,14c70f45-11a9e977.jpg,images/100k/train/14c70f45-11a9e977.jpg,train,train,clear,daytime,city street
14e52a40-4a15ea5b,14e52a40-4a15ea5b.jpg,images/100k/train/14e52a40-4a15ea5b.jpg,train,train,partly cloudy,daytime,city street
14ebe2e9-40415e00,14ebe2e9-40415e00.jpg,images/100k/train/14ebe2e9-40415e00.jpg,train,train,clear,daytime,highway
14f5a797-1dfa96a5,14f5a797-1dfa96a5.jpg,images/100k/train/14f5a797-1dfa96a5.jpg,train,train,rainy,night,city street
1508a138-e7785677,1508a138-e7785677.jpg,images/100k/train/1508a138-e7785677.jpg,train,train,overcast,daytime,highway
150c0f61-6283172d,150c0f61-6283172d.jpg,images/100k/train/150c0f61-6283172d.jpg,train,train,undefined,daytime,residential
15157203-5156fd6d,15157203-5156fd6d.jpg,images/100k/train/15157203-5156fd6d.jpg,train,train,clear,night,residential
1517a5aa-6995a154,1517a5aa-6995a154.jpg,images/100k/train/1517a5aa-6995a154.jpg,train,train,clear,night,highway
1525a8d1-fc2b6426,1525a8d1-fc2b6426.jpg,images/100k/train/1525a8d1-fc2b6426.jpg,train,train,clear,night,city street
1526fcea-143a68fc,1526fcea-143a68fc.jpg,images/100k/train/1526fcea-143a68fc.jpg,train,train,clear,daytime,highway
1527851b-1eef42c5,1527851b-1eef42c5.jpg,images/100k/train/1527851b-1eef42c5.jpg,train,train,partly cloudy,dawn/dusk,highway
15321f2c-393f2b5e,15321f2c-393f2b5e.jpg,images/100k/train/15321f2c-393f2b5e.jpg,train,train,partly cloudy,daytime,city street
153459a4-50ba500c,153459a4-50ba500c.jpg,images/100k/train/153459a4-50ba500c.jpg,train,train,clear,daytime,city street
15377521-644e0348,15377521-644e0348.jpg,images/100k/train/15377521-644e0348.jpg,train,train,clear,daytime,residential
155b407c-bcc83f98,155b407c-bcc83f98.jpg,images/100k/train/155b407c-bcc83f98.jpg,train,train,clear,daytime,highway
155c545d-df6ba87e,155c545d-df6ba87e.jpg,images/100k/train/155c545d-df6ba87e.jpg,train,train,clear,daytime,highway
15718870-1fe8f2e8,15718870-1fe8f2e8.jpg,images/100k/train/15718870-1fe8f2e8.jpg,train,train,overcast,daytime,city street
157764b1-6cc9583a,157764b1-6cc9583a.jpg,images/100k/train/157764b1-6cc9583a.jpg,train,train,undefined,daytime,city street
1583eb60-684157ec,1583eb60-684157ec.jpg,images/100k/train/1583eb60-684157ec.jpg,train,train,clear,dawn/dusk,city street
1587043c-855b5a1f,1587043c-855b5a1f.jpg,images/100k/train/1587043c-855b5a1f.jpg,train,train,clear,night,city street
15905cba-6643b878,15905cba-6643b878.jpg,images/100k/train/15905cba-6643b878.jpg,train,train,overcast,daytime,city street
15905cba-d1eee7c8,15905cba-d1eee7c8.jpg,images/100k/train/15905cba-d1eee7c8.jpg,train,train,overcast,daytime,residential
1591c029-4e2841aa,1591c029-4e2841aa.jpg,images/100k/train/1591c029-4e2841aa.jpg,train,train,snowy,night,residential
15ae7b39-b1b74a10,15ae7b39-b1b74a10.jpg,images/100k/train/15ae7b39-b1b74a10.jpg,train,train,snowy,daytime,city street
15b52d1f-f915496a,15b52d1f-f915496a.jpg,images/100k/train/15b52d1f-f915496a.jpg,train,train,undefined,daytime,city street
15bb4509-90e3fb7f,15bb4509-90e3fb7f.jpg,images/100k/train/15bb4509-90e3fb7f.jpg,train,train,snowy,night,city street
15cd06f6-df9f4c34,15cd06f6-df9f4c34.jpg,images/100k/train/15cd06f6-df9f4c34.jpg,train,train,undefined,daytime,residential
15d4467f-36303b57,15d4467f-36303b57.jpg,images/100k/train/15d4467f-36303b57.jpg,train,train,clear,daytime,highway
15dc6824-ebdc67c7,15dc6824-ebdc67c7.jpg,images/100k/train/15dc6824-ebdc67c7.jpg,train,train,overcast,daytime,city street
15dd7f54-2250b8de,15dd7f54-2250b8de.jpg,images/100k/train/15dd7f54-2250b8de.jpg,train,train,clear,daytime,residential
15ea4f81-c50c49e4,15ea4f81-c50c49e4.jpg,images/100k/train/15ea4f81-c50c49e4.jpg,train,train,clear,dawn/dusk,city street
15ea7171-e5848ef7,15ea7171-e5848ef7.jpg,images/100k/train/15ea7171-e5848ef7.jpg,train,train,partly cloudy,daytime,city street
16001e16-88354c25,16001e16-88354c25.jpg,images/100k/train/16001e16-88354c25.jpg,train,train,overcast,daytime,highway
1608cfe7-113afa74,1608cfe7-113afa74.jpg,images/100k/train/1608cfe7-113afa74.jpg,train,train,clear,daytime,city street
1608cfe7-234b359e,1608cfe7-234b359e.jpg,images/100k/train/1608cfe7-234b359e.jpg,train,train,overcast,daytime,city street
161a66fe-457d72e9,161a66fe-457d72e9.jpg,images/100k/train/161a66fe-457d72e9.jpg,train,train,clear,daytime,highway
161ba5ea-df7cde76,161ba5ea-df7cde76.jpg,images/100k/train/161ba5ea-df7cde76.jpg,train,train,snowy,daytime,highway
161d548f-493862d3,161d548f-493862d3.jpg,images/100k/train/161d548f-493862d3.jpg,train,train,clear,daytime,highway
162d78a2-aebc5a57,162d78a2-aebc5a57.jpg,images/100k/train/162d78a2-aebc5a57.jpg,train,train,clear,daytime,highway
162d8d65-96bf071f,162d8d65-96bf071f.jpg,images/100k/train/162d8d65-96bf071f.jpg,train,train,rainy,night,city street
162e097a-26e86553,162e097a-26e86553.jpg,images/100k/train/162e097a-26e86553.jpg,train,train,undefined,daytime,city street
1636b15b-b2e5f6ed,1636b15b-b2e5f6ed.jpg,images/100k/train/1636b15b-b2e5f6ed.jpg,train,train,undefined,night,city street
1638c0c4-d9ab8ee7,1638c0c4-d9ab8ee7.jpg,images/100k/train/1638c0c4-d9ab8ee7.jpg,train,train,clear,daytime,city street
164d40b6-a1eaa929,164d40b6-a1eaa929.jpg,images/100k/train/164d40b6-a1eaa929.jpg,train,train,clear,night,highway
1650cf99-18dd6d83,1650cf99-18dd6d83.jpg,images/100k/train/1650cf99-18dd6d83.jpg,train,train,clear,daytime,city street
1652cc22-d45c05b5,1652cc22-d45c05b5.jpg,images/100k/train/1652cc22-d45c05b5.jpg,train,train,clear,daytime,city street
166f8b40-6f23455f,166f8b40-6f23455f.jpg,images/100k/train/166f8b40-6f23455f.jpg,train,train,clear,night,city street
16726ee8-2295c8fd,16726ee8-2295c8fd.jpg,images/100k/train/16726ee8-2295c8fd.jpg,train,train,overcast,dawn/dusk,city street
167e3ac6-7b73b374,167e3ac6-7b73b374.jpg,images/100k/train/167e3ac6-7b73b374.jpg,train,train,clear,dawn/dusk,highway
167fa56d-071dd01b,167fa56d-071dd01b.jpg,images/100k/train/167fa56d-071dd01b.jpg,train,train,clear,daytime,highway
16866fff-48181b6f,16866fff-48181b6f.jpg,images/100k/train/16866fff-48181b6f.jpg,train,train,snowy,night,city street
168d16ae-1af94e25,168d16ae-1af94e25.jpg,images/100k/train/168d16ae-1af94e25.jpg,train,train,snowy,night,city street
168d16ae-53e677ee,168d16ae-53e677ee.jpg,images/100k/train/168d16ae-53e677ee.jpg,train,train,snowy,night,city street
1698c1ee-7a532c1a,1698c1ee-7a532c1a.jpg,images/100k/train/1698c1ee-7a532c1a.jpg,train,train,rainy,daytime,residential
169bf5f1-8e942a45,169bf5f1-8e942a45.jpg,images/100k/train/169bf5f1-8e942a45.jpg,train,train,clear,daytime,city street
16aa2534-742c809a,16aa2534-742c809a.jpg,images/100k/train/16aa2534-742c809a.jpg,train,train,clear,night,highway
16ad523b-cc5344ab,16ad523b-cc5344ab.jpg,images/100k/train/16ad523b-cc5344ab.jpg,train,train,snowy,daytime,city street
16b0973f-40fb838d,16b0973f-40fb838d.jpg,images/100k/train/16b0973f-40fb838d.jpg,train,train,clear,daytime,city street
16b1f74f-8f0d87fe,16b1f74f-8f0d87fe.jpg,images/100k/train/16b1f74f-8f0d87fe.jpg,train,train,clear,night,city street
16c2bfc7-49883575,16c2bfc7-49883575.jpg,images/100k/train/16c2bfc7-49883575.jpg,train,train,clear,daytime,city street
16c96d9c-9791ea15,16c96d9c-9791ea15.jpg,images/100k/train/16c96d9c-9791ea15.jpg,train,train,clear,night,city street
16c96d9c-bcbe2c17,16c96d9c-bcbe2c17.jpg,images/100k/train/16c96d9c-bcbe2c17.jpg,train,train,clear,night,city street
16d131ad-705dc4d1,16d131ad-705dc4d1.jpg,images/100k/train/16d131ad-705dc4d1.jpg,train,train,partly cloudy,daytime,city street
16d5d094-6bbeefaa,16d5d094-6bbeefaa.jpg,images/100k/train/16d5d094-6bbeefaa.jpg,train,train,clear,dawn/dusk,city street
16dce9f0-08dc8f57,16dce9f0-08dc8f57.jpg,images/100k/train/16dce9f0-08dc8f57.jpg,train,train,clear,night,city street
16dce9f0-8ef6f581,16dce9f0-8ef6f581.jpg,images/100k/train/16dce9f0-8ef6f581.jpg,train,train,clear,daytime,city street
16f26e4b-038bc7b6,16f26e4b-038bc7b6.jpg,images/100k/train/16f26e4b-038bc7b6.jpg,train,train,clear,daytime,city street
16f49e9b-3811c208,16f49e9b-3811c208.jpg,images/100k/train/16f49e9b-3811c208.jpg,train,train,overcast,daytime,residential
16f4f2fa-03a9892f,16f4f2fa-03a9892f.jpg,images/100k/train/16f4f2fa-03a9892f.jpg,train,train,partly cloudy,daytime,residential
1700ed3c-688861aa,1700ed3c-688861aa.jpg,images/100k/train/1700ed3c-688861aa.jpg,train,train,rainy,daytime,city street
17199913-ab22f1e0,17199913-ab22f1e0.jpg,images/100k/train/17199913-ab22f1e0.jpg,train,train,partly cloudy,daytime,city street
172682ff-1480a654,172682ff-1480a654.jpg,images/100k/train/172682ff-1480a654.jpg,train,train,clear,night,residential
17306695-934e1d43,17306695-934e1d43.jpg,images/100k/train/17306695-934e1d43.jpg,train,train,snowy,daytime,city street
1737fe46-ff326ab0,1737fe46-ff326ab0.jpg,images/100k/train/1737fe46-ff326ab0.jpg,train,train,clear,night,city street
173cc5bd-2a29ac8d,173cc5bd-2a29ac8d.jpg,images/100k/train/173cc5bd-2a29ac8d.jpg,train,train,clear,daytime,city street
17442aab-5d6ed784,17442aab-5d6ed784.jpg,images/100k/train/17442aab-5d6ed784.jpg,train,train,overcast,daytime,city street
175366ff-905a2215,175366ff-905a2215.jpg,images/100k/train/175366ff-905a2215.jpg,train,train,clear,daytime,city street
17566830-0898abb6,17566830-0898abb6.jpg,images/100k/train/17566830-0898abb6.jpg,train,train,clear,night,residential
17627803-95469ce4,17627803-95469ce4.jpg,images/100k/train/17627803-95469ce4.jpg,train,train,snowy,daytime,highway
17642a2f-89b56aaa,17642a2f-89b56aaa.jpg,images/100k/train/17642a2f-89b56aaa.jpg,train,train,clear,night,city street
176c2e34-b84e3255,176c2e34-b84e3255.jpg,images/100k/train/176c2e34-b84e3255.jpg,train,train,clear,dawn/dusk,highway
176d91a0-e2088989,176d91a0-e2088989.jpg,images/100k/train/176d91a0-e2088989.jpg,train,train,clear,daytime,residential
1773d8ef-08f7bfc6,1773d8ef-08f7bfc6.jpg,images/100k/train/1773d8ef-08f7bfc6.jpg,train,train,clear,dawn/dusk,highway
179c1edd-ba42fb5e,179c1edd-ba42fb5e.jpg,images/100k/train/179c1edd-ba42fb5e.jpg,train,train,undefined,daytime,highway
17b59ee6-ac50ee63,17b59ee6-ac50ee63.jpg,images/100k/train/17b59ee6-ac50ee63.jpg,train,train,overcast,daytime,residential
17e8cf9e-4e6b08f2,17e8cf9e-4e6b08f2.jpg,images/100k/train/17e8cf9e-4e6b08f2.jpg,train,train,overcast,daytime,city street
17e956fc-99527f55,17e956fc-99527f55.jpg,images/100k/train/17e956fc-99527f55.jpg,train,train,clear,night,highway
17fb1c37-5254be03,17fb1c37-5254be03.jpg,images/100k/train/17fb1c37-5254be03.jpg,train,train,undefined,daytime,residential
1812c350-bbf674fb,1812c350-bbf674fb.jpg,images/100k/train/1812c350-bbf674fb.jpg,train,train,clear,night,city street
1823dfe0-4a230e96,1823dfe0-4a230e96.jpg,images/100k/train/1823dfe0-4a230e96.jpg,train,train,undefined,daytime,city street
18282208-b9fc4d5e,18282208-b9fc4d5e.jpg,images/100k/train/18282208-b9fc4d5e.jpg,train,train,clear,dawn/dusk,highway
18286faa-33dcfd28,18286faa-33dcfd28.jpg,images/100k/train/18286faa-33dcfd28.jpg,train,train,clear,night,highway
182b2e66-ffd27582,182b2e66-ffd27582.jpg,images/100k/train/182b2e66-ffd27582.jpg,train,train,rainy,night,city street
18307923-ff2a5556,18307923-ff2a5556.jpg,images/100k/train/18307923-ff2a5556.jpg,train,train,partly cloudy,daytime,residential
18368c9a-41a3fda9,18368c9a-41a3fda9.jpg,images/100k/train/18368c9a-41a3fda9.jpg,train,train,clear,daytime,city street
183f98f1-e2e39948,183f98f1-e2e39948.jpg,images/100k/train/183f98f1-e2e39948.jpg,train,train,overcast,daytime,city street
184defb9-5d617a81,184defb9-5d617a81.jpg,images/100k/train/184defb9-5d617a81.jpg,train,train,clear,night,highway
185382a2-5c52f09a,185382a2-5c52f09a.jpg,images/100k/train/185382a2-5c52f09a.jpg,train,train,rainy,night,city street
1857034f-6f075fb2,1857034f-6f075fb2.jpg,images/100k/train/1857034f-6f075fb2.jpg,train,train,overcast,daytime,city street
1875b775-d4ca724a,1875b775-d4ca724a.jpg,images/100k/train/1875b775-d4ca724a.jpg,train,train,overcast,dawn/dusk,highway
1894460a-1d52a5e4,1894460a-1d52a5e4.jpg,images/100k/train/1894460a-1d52a5e4.jpg,train,train,undefined,daytime,residential
1897b12d-b0500a0b,1897b12d-b0500a0b.jpg,images/100k/train/1897b12d-b0500a0b.jpg,train,train,undefined,daytime,city street
1898e828-9c03c718,1898e828-9c03c718.jpg,images/100k/train/1898e828-9c03c718.jpg,train,train,clear,daytime,highway
189d3882-df76d54f,189d3882-df76d54f.jpg,images/100k/train/189d3882-df76d54f.jpg,train,train,clear,daytime,highway
18a650d6-c4e34bc5,18a650d6-c4e34bc5.jpg,images/100k/train/18a650d6-c4e34bc5.jpg,train,train,undefined,daytime,city street
18add974-13e8e106,18add974-13e8e106.jpg,images/100k/train/18add974-13e8e106.jpg,train,train,overcast,daytime,parking lot
18e7592e-9fdef3fb,18e7592e-9fdef3fb.jpg,images/100k/train/18e7592e-9fdef3fb.jpg,train,train,snowy,dawn/dusk,city street
18f4a444-f9a2f3d6,18f4a444-f9a2f3d6.jpg,images/100k/train/18f4a444-f9a2f3d6.jpg,train,train,clear,night,highway
18fab195-e00e5b41,18fab195-e00e5b41.jpg,images/100k/train/18fab195-e00e5b41.jpg,train,train,clear,daytime,city street
191943f7-0599d99f,191943f7-0599d99f.jpg,images/100k/train/191943f7-0599d99f.jpg,train,train,clear,night,city street
191943f7-820241d1,191943f7-820241d1.jpg,images/100k/train/191943f7-820241d1.jpg,train,train,clear,night,residential
1920c808-dec548bf,1920c808-dec548bf.jpg,images/100k/train/1920c808-dec548bf.jpg,train,train,clear,daytime,city street
192b6eb6-8a064b6a,192b6eb6-8a064b6a.jpg,images/100k/train/192b6eb6-8a064b6a.jpg,train,train,clear,dawn/dusk,city street
1939078d-9a0d4878,1939078d-9a0d4878.jpg,images/100k/train/1939078d-9a0d4878.jpg,train,train,undefined,night,city street
193eb1de-ae209b58,193eb1de-ae209b58.jpg,images/100k/train/193eb1de-ae209b58.jpg,train,train,rainy,daytime,highway
19493744-fab3b4e6,19493744-fab3b4e6.jpg,images/100k/train/19493744-fab3b4e6.jpg,train,train,rainy,night,city street
1949abb6-238d42ef,1949abb6-238d42ef.jpg,images/100k/train/1949abb6-238d42ef.jpg,train,train,overcast,daytime,residential
1963f855-1ef65043,1963f855-1ef65043.jpg,images/100k/train/1963f855-1ef65043.jpg,train,train,clear,night,highway
1989c447-0db38c5b,1989c447-0db38c5b.jpg,images/100k/train/1989c447-0db38c5b.jpg,train,train,clear,daytime,city street
198a70bf-b1b614c8,198a70bf-b1b614c8.jpg,images/100k/train/198a70bf-b1b614c8.jpg,train,train,clear,night,residential
198cfa25-f7b54297,198cfa25-f7b54297.jpg,images/100k/train/198cfa25-f7b54297.jpg,train,train,clear,daytime,city street
198e9c2f-16ed105e,198e9c2f-16ed105e.jpg,images/100k/train/198e9c2f-16ed105e.jpg,train,train,rainy,daytime,highway
19906a63-3976be3a,19906a63-3976be3a.jpg,images/100k/train/19906a63-3976be3a.jpg,train,train,overcast,daytime,city street
1991dd2f-e384b16a,1991dd2f-e384b16a.jpg,images/100k/train/1991dd2f-e384b16a.jpg,train,train,overcast,daytime,city street
19b38db9-aaabfd94,19b38db9-aaabfd94.jpg,images/100k/train/19b38db9-aaabfd94.jpg,train,train,undefined,daytime,city street
19b65c59-c6d2e82f,19b65c59-c6d2e82f.jpg,images/100k/train/19b65c59-c6d2e82f.jpg,train,train,clear,night,highway
19bd3229-cb6de8f9,19bd3229-cb6de8f9.jpg,images/100k/train/19bd3229-cb6de8f9.jpg,train,train,clear,daytime,city street
19c24a08-6a6c388f,19c24a08-6a6c388f.jpg,images/100k/train/19c24a08-6a6c388f.jpg,train,train,clear,daytime,city street
19cdf432-84cf96b3,19cdf432-84cf96b3.jpg,images/100k/train/19cdf432-84cf96b3.jpg,train,train,overcast,daytime,city street
19cec3a6-a2a9e531,19cec3a6-a2a9e531.jpg,images/100k/train/19cec3a6-a2a9e531.jpg,train,train,clear,daytime,city street
19d390d6-b11cb0ab,19d390d6-b11cb0ab.jpg,images/100k/train/19d390d6-b11cb0ab.jpg,train,train,partly cloudy,dawn/dusk,city street
19d447f7-91d01f02,19d447f7-91d01f02.jpg,images/100k/train/19d447f7-91d01f02.jpg,train,train,partly cloudy,daytime,highway
19f4304e-fcf81a56,19f4304e-fcf81a56.jpg,images/100k/train/19f4304e-fcf81a56.jpg,train,train,overcast,daytime,city street
19f675a8-5300243d,19f675a8-5300243d.jpg,images/100k/train/19f675a8-5300243d.jpg,train,train,clear,night,city street
19f84a03-dd55bfa7,19f84a03-dd55bfa7.jpg,images/100k/train/19f84a03-dd55bfa7.jpg,train,train,undefined,daytime,tunnel
19fedea6-0ea909f2,19fedea6-0ea909f2.jpg,images/100k/train/19fedea6-0ea909f2.jpg,train,train,clear,night,city street
1a065e0a-ab69e54b,1a065e0a-ab69e54b.jpg,images/100k/train/1a065e0a-ab69e54b.jpg,train,train,clear,dawn/dusk,highway
1a071771-36d3fb14,1a071771-36d3fb14.jpg,images/100k/train/1a071771-36d3fb14.jpg,train,train,clear,dawn/dusk,highway
1a0848e3-3338df6c,1a0848e3-3338df6c.jpg,images/100k/train/1a0848e3-3338df6c.jpg,train,train,snowy,daytime,city street
1a2f950b-6289c313,1a2f950b-6289c313.jpg,images/100k/train/1a2f950b-6289c313.jpg,train,train,clear,daytime,city street
1a483ddf-d51b3a32,1a483ddf-d51b3a32.jpg,images/100k/train/1a483ddf-d51b3a32.jpg,train,train,clear,night,highway
1a4c5d15-23123885,1a4c5d15-23123885.jpg,images/100k/train/1a4c5d15-23123885.jpg,train,train,snowy,daytime,residential
1a50190f-ec98a4d9,1a50190f-ec98a4d9.jpg,images/100k/train/1a50190f-ec98a4d9.jpg,train,train,clear,night,highway
1a58c6a5-011efaa9,1a58c6a5-011efaa9.jpg,images/100k/train/1a58c6a5-011efaa9.jpg,train,train,clear,night,highway
1a5d3add-01d43f99,1a5d3add-01d43f99.jpg,images/100k/train/1a5d3add-01d43f99.jpg,train,train,clear,daytime,city street
1a63fc69-5cef38dc,1a63fc69-5cef38dc.jpg,images/100k/train/1a63fc69-5cef38dc.jpg,train,train,clear,night,highway
1a6d1bda-5f5c7c31,1a6d1bda-5f5c7c31.jpg,images/100k/train/1a6d1bda-5f5c7c31.jpg,train,train,partly cloudy,daytime,city street
1a7cf499-5d67ee0f,1a7cf499-5d67ee0f.jpg,images/100k/train/1a7cf499-5d67ee0f.jpg,train,train,clear,night,city street
1a91fdc3-4428443f,1a91fdc3-4428443f.jpg,images/100k/train/1a91fdc3-4428443f.jpg,train,train,undefined,daytime,city street
1aa41265-a89ad4f3,1aa41265-a89ad4f3.jpg,images/100k/train/1aa41265-a89ad4f3.jpg,train,train,foggy,night,city street
1aad1020-254540ed,1aad1020-254540ed.jpg,images/100k/train/1aad1020-254540ed.jpg,train,train,clear,night,city street
1ab05365-be22538a,1ab05365-be22538a.jpg,images/100k/train/1ab05365-be22538a.jpg,train,train,rainy,night,highway
1ab50992-a88d0328,1ab50992-a88d0328.jpg,images/100k/train/1ab50992-a88d0328.jpg,train,train,clear,night,residential
1ab901af-222649ca,1ab901af-222649ca.jpg,images/100k/train/1ab901af-222649ca.jpg,train,train,undefined,daytime,highway
1ac17070-a796f6de,1ac17070-a796f6de.jpg,images/100k/train/1ac17070-a796f6de.jpg,train,train,clear,daytime,city street
1ac25888-5dffe8a9,1ac25888-5dffe8a9.jpg,images/100k/train/1ac25888-5dffe8a9.jpg,train,train,partly cloudy,daytime,city street
1ac41139-230fb4e1,1ac41139-230fb4e1.jpg,images/100k/train/1ac41139-230fb4e1.jpg,train,train,clear,night,city street
1accee17-e2dad6ae,1accee17-e2dad6ae.jpg,images/100k/train/1accee17-e2dad6ae.jpg,train,train,clear,night,highway
1ad82020-197ae63b,1ad82020-197ae63b.jpg,images/100k/train/1ad82020-197ae63b.jpg,train,train,clear,night,highway
1af0ed08-f99421ec,1af0ed08-f99421ec.jpg,images/100k/train/1af0ed08-f99421ec.jpg,train,train,clear,night,city street
1af2e457-ceb0eb72,1af2e457-ceb0eb72.jpg,images/100k/train/1af2e457-ceb0eb72.jpg,train,train,snowy,daytime,city street
1b130dc7-d566dc69,1b130dc7-d566dc69.jpg,images/100k/train/1b130dc7-d566dc69.jpg,train,train,snowy,daytime,city street
1b20051b-e01fe0d1,1b20051b-e01fe0d1.jpg,images/100k/train/1b20051b-e01fe0d1.jpg,train,train,clear,night,highway
1b276558-040abe79,1b276558-040abe79.jpg,images/100k/train/1b276558-040abe79.jpg,train,train,overcast,daytime,city street
1b310dd4-dd08d793,1b310dd4-dd08d793.jpg,images/100k/train/1b310dd4-dd08d793.jpg,train,train,clear,night,city street
1b3534cd-4bf64c1a,1b3534cd-4bf64c1a.jpg,images/100k/train/1b3534cd-4bf64c1a.jpg,train,train,clear,night,city street
1b3da699-c4d289dd,1b3da699-c4d289dd.jpg,images/100k/train/1b3da699-c4d289dd.jpg,train,train,undefined,daytime,city street
1b439e88-b80ba7e9,1b439e88-b80ba7e9.jpg,images/100k/train/1b439e88-b80ba7e9.jpg,train,train,clear,night,city street
1b458fbc-db610a51,1b458fbc-db610a51.jpg,images/100k/train/1b458fbc-db610a51.jpg,train,train,clear,night,highway
1b478831-1b3163b0,1b478831-1b3163b0.jpg,images/100k/train/1b478831-1b3163b0.jpg,train,train,clear,night,highway
1b48a43c-0f3827d0,1b48a43c-0f3827d0.jpg,images/100k/train/1b48a43c-0f3827d0.jpg,train,train,undefined,daytime,city street
1b51dc1d-706dd5cb,1b51dc1d-706dd5cb.jpg,images/100k/train/1b51dc1d-706dd5cb.jpg,train,train,overcast,daytime,residential
1b633760-7b971641,1b633760-7b971641.jpg,images/100k/train/1b633760-7b971641.jpg,train,train,clear,night,highway
1b744695-2893970c,1b744695-2893970c.jpg,images/100k/train/1b744695-2893970c.jpg,train,train,partly cloudy,daytime,city street
1b7e35a0-51157a3c,1b7e35a0-51157a3c.jpg,images/100k/train/1b7e35a0-51157a3c.jpg,train,train,clear,night,residential
1b840737-545e443d,1b840737-545e443d.jpg,images/100k/train/1b840737-545e443d.jpg,train,train,partly cloudy,daytime,highway
1ba2dbec-31964211,1ba2dbec-31964211.jpg,images/100k/train/1ba2dbec-31964211.jpg,train,train,rainy,daytime,highway
1bc00185-f0664386,1bc00185-f0664386.jpg,images/100k/train/1bc00185-f0664386.jpg,train,train,clear,night,residential
1bcc16d9-24150d05,1bcc16d9-24150d05.jpg,images/100k/train/1bcc16d9-24150d05.jpg,train,train,overcast,daytime,city street
1bd46dc9-95eb67b4,1bd46dc9-95eb67b4.jpg,images/100k/train/1bd46dc9-95eb67b4.jpg,train,train,clear,daytime,city street
1bdaad84-d18200c2,1bdaad84-d18200c2.jpg,images/100k/train/1bdaad84-d18200c2.jpg,train,train,clear,dawn/dusk,residential
1beed53f-d02fafd3,1beed53f-d02fafd3.jpg,images/100k/train/1beed53f-d02fafd3.jpg,train,train,clear,night,city street
1bf4bbc2-98a29105,1bf4bbc2-98a29105.jpg,images/100k/train/1bf4bbc2-98a29105.jpg,train,train,overcast,daytime,city street
1bf5bf8a-350d126f,1bf5bf8a-350d126f.jpg,images/100k/train/1bf5bf8a-350d126f.jpg,train,train,clear,dawn/dusk,city street
1bfabc86-63d704c5,1bfabc86-63d704c5.jpg,images/100k/train/1bfabc86-63d704c5.jpg,train,train,overcast,daytime,highway
1bfd989a-aa604563,1bfd989a-aa604563.jpg,images/100k/train/1bfd989a-aa604563.jpg,train,train,clear,night,city street
1c1de1e7-ba93f9ae,1c1de1e7-ba93f9ae.jpg,images/100k/train/1c1de1e7-ba93f9ae.jpg,train,train,undefined,daytime,city street
1c1f26a3-92dbad98,1c1f26a3-92dbad98.jpg,images/100k/train/1c1f26a3-92dbad98.jpg,train,train,clear,night,city street
1c227a12-10e5552c,1c227a12-10e5552c.jpg,images/100k/train/1c227a12-10e5552c.jpg,train,train,clear,daytime,highway
1c2faa91-61728d8c,1c2faa91-61728d8c.jpg,images/100k/train/1c2faa91-61728d8c.jpg,train,train,snowy,night,city street
1c3a3dff-4759119c,1c3a3dff-4759119c.jpg,images/100k/train/1c3a3dff-4759119c.jpg,train,train,undefined,daytime,city street
1c3f81a3-b24f007d,1c3f81a3-b24f007d.jpg,images/100k/train/1c3f81a3-b24f007d.jpg,train,train,clear,night,residential
1c47b5d3-34e42759,1c47b5d3-34e42759.jpg,images/100k/train/1c47b5d3-34e42759.jpg,train,train,undefined,daytime,city street
1c497174-fb2a5a45,1c497174-fb2a5a45.jpg,images/100k/train/1c497174-fb2a5a45.jpg,train,train,clear,night,city street
1c54b864-afc3bd26,1c54b864-afc3bd26.jpg,images/100k/train/1c54b864-afc3bd26.jpg,train,train,overcast,daytime,highway
1c734c25-39536e33,1c734c25-39536e33.jpg,images/100k/train/1c734c25-39536e33.jpg,train,train,undefined,daytime,city street
1c825242-dfa01987,1c825242-dfa01987.jpg,images/100k/train/1c825242-dfa01987.jpg,train,train,clear,night,city street
1c8dc2e3-485b9a78,1c8dc2e3-485b9a78.jpg,images/100k/train/1c8dc2e3-485b9a78.jpg,train,train,clear,dawn/dusk,city street
1c8e19b3-45cc365e,1c8e19b3-45cc365e.jpg,images/100k/train/1c8e19b3-45cc365e.jpg,train,train,clear,night,city street
1c8f3e12-c8ba8b24,1c8f3e12-c8ba8b24.jpg,images/100k/train/1c8f3e12-c8ba8b24.jpg,train,train,clear,night,city street
1c909dd0-a1772a27,1c909dd0-a1772a27.jpg,images/100k/train/1c909dd0-a1772a27.jpg,train,train,undefined,dawn/dusk,city street
1ca62c7d-9a870383,1ca62c7d-9a870383.jpg,images/100k/train/1ca62c7d-9a870383.jpg,train,train,clear,daytime,city street
1cae2a5c-b1ed40b3,1cae2a5c-b1ed40b3.jpg,images/100k/train/1cae2a5c-b1ed40b3.jpg,train,train,undefined,dawn/dusk,city street
1cbc711c-f7f09690,1cbc711c-f7f09690.jpg,images/100k/train/1cbc711c-f7f09690.jpg,train,train,undefined,daytime,city street
1ccae3fe-0c2b4fd7,1ccae3fe-0c2b4fd7.jpg,images/100k/train/1ccae3fe-0c2b4fd7.jpg,train,train,overcast,daytime,residential
1cd6b1c0-f42e866d,1cd6b1c0-f42e866d.jpg,images/100k/train/1cd6b1c0-f42e866d.jpg,train,train,clear,night,city street
1ce7f845-61794103,1ce7f845-61794103.jpg,images/100k/train/1ce7f845-61794103.jpg,train,train,overcast,daytime,city street
1d00cbbc-387fe804,1d00cbbc-387fe804.jpg,images/100k/train/1d00cbbc-387fe804.jpg,train,train,clear,night,city street
1d0a3721-b3a1c988,1d0a3721-b3a1c988.jpg,images/100k/train/1d0a3721-b3a1c988.jpg,train,train,clear,night,city street
1d0bb137-2869a5cb,1d0bb137-2869a5cb.jpg,images/100k/train/1d0bb137-2869a5cb.jpg,train,train,clear,night,city street
1d0ea1c2-0d989009,1d0ea1c2-0d989009.jpg,images/100k/train/1d0ea1c2-0d989009.jpg,train,train,clear,daytime,highway
1d0f55ba-f8b848e3,1d0f55ba-f8b848e3.jpg,images/100k/train/1d0f55ba-f8b848e3.jpg,train,train,snowy,daytime,city street
1d13b435-731b399b,1d13b435-731b399b.jpg,images/100k/train/1d13b435-731b399b.jpg,train,train,clear,night,city street
1d1b0182-0dbe0100,1d1b0182-0dbe0100.jpg,images/100k/train/1d1b0182-0dbe0100.jpg,train,train,partly cloudy,daytime,residential
1d288c57-97fa14e5,1d288c57-97fa14e5.jpg,images/100k/train/1d288c57-97fa14e5.jpg,train,train,clear,night,highway
1d3a6f04-6dbb4da7,1d3a6f04-6dbb4da7.jpg,images/100k/train/1d3a6f04-6dbb4da7.jpg,train,train,undefined,daytime,city street
1d3fad59-f6e5cba7,1d3fad59-f6e5cba7.jpg,images/100k/train/1d3fad59-f6e5cba7.jpg,train,train,overcast,daytime,city street
1d53aa10-37d587e9,1d53aa10-37d587e9.jpg,images/100k/train/1d53aa10-37d587e9.jpg,train,train,overcast,daytime,city street
1d64afb3-30a44ddd,1d64afb3-30a44ddd.jpg,images/100k/train/1d64afb3-30a44ddd.jpg,train,train,partly cloudy,daytime,city street
1d6ad9a0-65772cb5,1d6ad9a0-65772cb5.jpg,images/100k/train/1d6ad9a0-65772cb5.jpg,train,train,undefined,daytime,highway
1d7136ac-280e57d2,1d7136ac-280e57d2.jpg,images/100k/train/1d7136ac-280e57d2.jpg,train,train,overcast,daytime,city street
1d73551a-b660f9b4,1d73551a-b660f9b4.jpg,images/100k/train/1d73551a-b660f9b4.jpg,train,train,undefined,daytime,city street
1d7cc102-2e1bbfad,1d7cc102-2e1bbfad.jpg,images/100k/train/1d7cc102-2e1bbfad.jpg,train,train,partly cloudy,daytime,city street
1d81a9da-1d9fb4ae,1d81a9da-1d9fb4ae.jpg,images/100k/train/1d81a9da-1d9fb4ae.jpg,train,train,clear,daytime,highway
1d81ee00-4edb1e73,1d81ee00-4edb1e73.jpg,images/100k/train/1d81ee00-4edb1e73.jpg,train,train,clear,daytime,residential
1d8793c2-81ac3f54,1d8793c2-81ac3f54.jpg,images/100k/train/1d8793c2-81ac3f54.jpg,train,train,clear,night,residential
1d93f1a3-e707b43a,1d93f1a3-e707b43a.jpg,images/100k/train/1d93f1a3-e707b43a.jpg,train,train,snowy,daytime,city street
1da36654-3abbf886,1da36654-3abbf886.jpg,images/100k/train/1da36654-3abbf886.jpg,train,train,clear,dawn/dusk,city street
1da93121-60fe74f8,1da93121-60fe74f8.jpg,images/100k/train/1da93121-60fe74f8.jpg,train,train,clear,night,city street
1daa0af5-a19a1273,1daa0af5-a19a1273.jpg,images/100k/train/1daa0af5-a19a1273.jpg,train,train,undefined,daytime,city street
1dac129e-c91c0395,1dac129e-c91c0395.jpg,images/100k/train/1dac129e-c91c0395.jpg,train,train,clear,daytime,city street
1dbaa8d7-955fee3f,1dbaa8d7-955fee3f.jpg,images/100k/train/1dbaa8d7-955fee3f.jpg,train,train,undefined,daytime,residential
1dc40a8d-2ac39e3d,1dc40a8d-2ac39e3d.jpg,images/100k/train/1dc40a8d-2ac39e3d.jpg,train,train,clear,night,city street
1dda6060-295c20e8,1dda6060-295c20e8.jpg,images/100k/train/1dda6060-295c20e8.jpg,train,train,clear,night,city street
1de8e6d4-110f2781,1de8e6d4-110f2781.jpg,images/100k/train/1de8e6d4-110f2781.jpg,train,train,partly cloudy,daytime,city street
1deff035-72e48ccc,1deff035-72e48ccc.jpg,images/100k/train/1deff035-72e48ccc.jpg,train,train,clear,night,city street
1deff035-ab1c94cf,1deff035-ab1c94cf.jpg,images/100k/train/1deff035-ab1c94cf.jpg,train,train,snowy,night,city street
1e094903-6be990ae,1e094903-6be990ae.jpg,images/100k/train/1e094903-6be990ae.jpg,train,train,undefined,dawn/dusk,residential
1e1812c3-72b00b9f,1e1812c3-72b00b9f.jpg,images/100k/train/1e1812c3-72b00b9f.jpg,train,train,clear,daytime,city street
1e22e0d7-2149a710,1e22e0d7-2149a710.jpg,images/100k/train/1e22e0d7-2149a710.jpg,train,train,clear,night,city street
1e2a8ec5-a1e36329,1e2a8ec5-a1e36329.jpg,images/100k/train/1e2a8ec5-a1e36329.jpg,train,train,clear,night,residential
1e3c6b9c-ee835130,1e3c6b9c-ee835130.jpg,images/100k/train/1e3c6b9c-ee835130.jpg,train,train,clear,night,city street
1e6a6965-4b3d39fe,1e6a6965-4b3d39fe.jpg,images/100k/train/1e6a6965-4b3d39fe.jpg,train,train,overcast,daytime,residential
1e6ce86f-a11187bc,1e6ce86f-a11187bc.jpg,images/100k/train/1e6ce86f-a11187bc.jpg,train,train,clear,night,city street
1e75f7e3-40970a81,1e75f7e3-40970a81.jpg,images/100k/train/1e75f7e3-40970a81.jpg,train,train,clear,night,residential
1e797842-3c47cec5,1e797842-3c47cec5.jpg,images/100k/train/1e797842-3c47cec5.jpg,train,train,clear,dawn/dusk,city street
1e82c7e7-d2744df9,1e82c7e7-d2744df9.jpg,images/100k/train/1e82c7e7-d2744df9.jpg,train,train,snowy,daytime,city street
1e94156c-c7638e48,1e94156c-c7638e48.jpg,images/100k/train/1e94156c-c7638e48.jpg,train,train,undefined,daytime,highway
1e957b3e-c9d0d292,1e957b3e-c9d0d292.jpg,images/100k/train/1e957b3e-c9d0d292.jpg,train,train,partly cloudy,dawn/dusk,city street
1e983c41-27386473,1e983c41-27386473.jpg,images/100k/train/1e983c41-27386473.jpg,train,train,clear,daytime,city street
1e9a2407-f033c4e1,1e9a2407-f033c4e1.jpg,images/100k/train/1e9a2407-f033c4e1.jpg,train,train,overcast,daytime,city street
1e9e59ca-cf8bb9ed,1e9e59ca-cf8bb9ed.jpg,images/100k/train/1e9e59ca-cf8bb9ed.jpg,train,train,snowy,night,city street
1ea051e1-6b47f322,1ea051e1-6b47f322.jpg,images/100k/train/1ea051e1-6b47f322.jpg,train,train,undefined,daytime,highway
1ea3082f-7964577e,1ea3082f-7964577e.jpg,images/100k/train/1ea3082f-7964577e.jpg,train,train,clear,dawn/dusk,city street
1eaa4848-396b608a,1eaa4848-396b608a.jpg,images/100k/train/1eaa4848-396b608a.jpg,train,train,overcast,daytime,highway
1eb0c34b-22108d70,1eb0c34b-22108d70.jpg,images/100k/train/1eb0c34b-22108d70.jpg,train,train,clear,night,highway
1eba8506-3cb645d9,1eba8506-3cb645d9.jpg,images/100k/train/1eba8506-3cb645d9.jpg,train,train,clear,daytime,city street
1ec10b7e-fa3453dc,1ec10b7e-fa3453dc.jpg,images/100k/train/1ec10b7e-fa3453dc.jpg,train,train,clear,daytime,city street
1ec5355a-03e3548c,1ec5355a-03e3548c.jpg,images/100k/train/1ec5355a-03e3548c.jpg,train,train,undefined,daytime,city street
1ec9a774-ebff846c,1ec9a774-ebff846c.jpg,images/100k/train/1ec9a774-ebff846c.jpg,train,train,clear,daytime,highway
1ed41cf2-efe2279c,1ed41cf2-efe2279c.jpg,images/100k/train/1ed41cf2-efe2279c.jpg,train,train,undefined,dawn/dusk,city street
1eec5c7d-1c1bd965,1eec5c7d-1c1bd965.jpg,images/100k/train/1eec5c7d-1c1bd965.jpg,train,train,partly cloudy,daytime,highway
1ef685b7-7c387295,1ef685b7-7c387295.jpg,images/100k/train/1ef685b7-7c387295.jpg,train,train,clear,night,city street
1f082727-31e3076c,1f082727-31e3076c.jpg,images/100k/train/1f082727-31e3076c.jpg,train,train,clear,night,city street
1f0af85d-386af660,1f0af85d-386af660.jpg,images/100k/train/1f0af85d-386af660.jpg,train,train,snowy,daytime,city street
1f0fbe36-11ab1a97,1f0fbe36-11ab1a97.jpg,images/100k/train/1f0fbe36-11ab1a97.jpg,train,train,clear,daytime,residential
1f0fbe36-cea49f67,1f0fbe36-cea49f67.jpg,images/100k/train/1f0fbe36-cea49f67.jpg,train,train,undefined,daytime,city street
1f13032d-3997033f,1f13032d-3997033f.jpg,images/100k/train/1f13032d-3997033f.jpg,train,train,partly cloudy,daytime,highway
1f156136-8d6c7970,1f156136-8d6c7970.jpg,images/100k/train/1f156136-8d6c7970.jpg,train,train,overcast,daytime,city street
1f296f3a-fc0d3d95,1f296f3a-fc0d3d95.jpg,images/100k/train/1f296f3a-fc0d3d95.jpg,train,train,clear,daytime,city street
1f2b7386-646fc580,1f2b7386-646fc580.jpg,images/100k/train/1f2b7386-646fc580.jpg,train,train,undefined,daytime,city street
1f30768a-274e3da3,1f30768a-274e3da3.jpg,images/100k/train/1f30768a-274e3da3.jpg,train,train,clear,night,highway
1f30e49b-0e4dd8ce,1f30e49b-0e4dd8ce.jpg,images/100k/train/1f30e49b-0e4dd8ce.jpg,train,train,overcast,daytime,highway
1f349897-69007f79,1f349897-69007f79.jpg,images/100k/train/1f349897-69007f79.jpg,train,train,clear,daytime,city street
1f4114ae-e5d1e8b3,1f4114ae-e5d1e8b3.jpg,images/100k/train/1f4114ae-e5d1e8b3.jpg,train,train,clear,dawn/dusk,city street
1f43f8df-fe32532d,1f43f8df-fe32532d.jpg,images/100k/train/1f43f8df-fe32532d.jpg,train,train,clear,night,city street
1f477602-88a69ccc,1f477602-88a69ccc.jpg,images/100k/train/1f477602-88a69ccc.jpg,train,train,clear,night,city street
1f49cce2-affba551,1f49cce2-affba551.jpg,images/100k/train/1f49cce2-affba551.jpg,train,train,overcast,daytime,highway
1f54213a-845f2cff,1f54213a-845f2cff.jpg,images/100k/train/1f54213a-845f2cff.jpg,train,train,clear,night,city street
1f54213a-ef541dd8,1f54213a-ef541dd8.jpg,images/100k/train/1f54213a-ef541dd8.jpg,train,train,clear,night,city street
1f59dc01-2725ca00,1f59dc01-2725ca00.jpg,images/100k/train/1f59dc01-2725ca00.jpg,train,train,snowy,dawn/dusk,city street
1f693cf9-b3c730a4,1f693cf9-b3c730a4.jpg,images/100k/train/1f693cf9-b3c730a4.jpg,train,train,partly cloudy,daytime,city street
1f6db63b-d6dbd329,1f6db63b-d6dbd329.jpg,images/100k/train/1f6db63b-d6dbd329.jpg,train,train,clear,night,highway
1f7bfc63-13dd95a4,1f7bfc63-13dd95a4.jpg,images/100k/train/1f7bfc63-13dd95a4.jpg,train,train,clear,night,city street
1f8591c0-0bda3aa3,1f8591c0-0bda3aa3.jpg,images/100k/train/1f8591c0-0bda3aa3.jpg,train,train,overcast,daytime,city street
1f864b3f-e658daa2,1f864b3f-e658daa2.jpg,images/100k/train/1f864b3f-e658daa2.jpg,train,train,rainy,dawn/dusk,highway
1f88e570-a5188cbc,1f88e570-a5188cbc.jpg,images/100k/train/1f88e570-a5188cbc.jpg,train,train,clear,night,city street
1f8f289b-e38b2ea1,1f8f289b-e38b2ea1.jpg,images/100k/train/1f8f289b-e38b2ea1.jpg,train,train,clear,night,city street
1f94f3c2-9c2b6828,1f94f3c2-9c2b6828.jpg,images/100k/train/1f94f3c2-9c2b6828.jpg,train,train,clear,daytime,city street
1f959fdd-6ff63d34,1f959fdd-6ff63d34.jpg,images/100k/train/1f959fdd-6ff63d34.jpg,train,train,clear,daytime,highway
1f9f3716-4588101f,1f9f3716-4588101f.jpg,images/100k/train/1f9f3716-4588101f.jpg,train,train,partly cloudy,daytime,city street
1faaee6b-c0b27c70,1faaee6b-c0b27c70.jpg,images/100k/train/1faaee6b-c0b27c70.jpg,train,train,partly cloudy,dawn/dusk,city street
1fb82715-1dfa34fd,1fb82715-1dfa34fd.jpg,images/100k/train/1fb82715-1dfa34fd.jpg,train,train,rainy,night,city street
1fc49b4e-2b3994f9,1fc49b4e-2b3994f9.jpg,images/100k/train/1fc49b4e-2b3994f9.jpg,train,train,clear,night,city street
1fc50b86-a30003f5,1fc50b86-a30003f5.jpg,images/100k/train/1fc50b86-a30003f5.jpg,train,train,clear,daytime,city street
1fd163a9-57f1dc33,1fd163a9-57f1dc33.jpg,images/100k/train/1fd163a9-57f1dc33.jpg,train,train,overcast,dawn/dusk,highway
1fdf9217-7f58d0e0,1fdf9217-7f58d0e0.jpg,images/100k/train/1fdf9217-7f58d0e0.jpg,train,train,snowy,daytime,city street
1fe39b85-860d8b47,1fe39b85-860d8b47.jpg,images/100k/train/1fe39b85-860d8b47.jpg,train,train,clear,night,highway
1fe7332a-7fe032bc,1fe7332a-7fe032bc.jpg,images/100k/train/1fe7332a-7fe032bc.jpg,train,train,overcast,daytime,city street
1ff2315b-8b9ac79c,1ff2315b-8b9ac79c.jpg,images/100k/train/1ff2315b-8b9ac79c.jpg,train,train,partly cloudy,daytime,city street
20038870-555511e0,20038870-555511e0.jpg,images/100k/train/20038870-555511e0.jpg,train,train,clear,night,highway
200407a9-43e2484d,200407a9-43e2484d.jpg,images/100k/train/200407a9-43e2484d.jpg,train,train,snowy,night,city street
2017de4a-3b9b111a,2017de4a-3b9b111a.jpg,images/100k/train/2017de4a-3b9b111a.jpg,train,train,undefined,daytime,residential
201c531c-1b3dceed,201c531c-1b3dceed.jpg,images/100k/train/201c531c-1b3dceed.jpg,train,train,clear,night,city street
2021c742-9e004c6f,2021c742-9e004c6f.jpg,images/100k/train/2021c742-9e004c6f.jpg,train,train,clear,night,highway
202391c5-d49bff01,202391c5-d49bff01.jpg,images/100k/train/202391c5-d49bff01.jpg,train,train,clear,daytime,city street
203689aa-b7cc1d25,203689aa-b7cc1d25.jpg,images/100k/train/203689aa-b7cc1d25.jpg,train,train,overcast,daytime,city street
203cb65f-358093b4,203cb65f-358093b4.jpg,images/100k/train/203cb65f-358093b4.jpg,train,train,overcast,daytime,city street
20550225-b9d19995,20550225-b9d19995.jpg,images/100k/train/20550225-b9d19995.jpg,train,train,overcast,daytime,city street
205c57a8-56795b7d,205c57a8-56795b7d.jpg,images/100k/train/205c57a8-56795b7d.jpg,train,train,clear,night,city street
206f1dfe-892a0dbe,206f1dfe-892a0dbe.jpg,images/100k/train/206f1dfe-892a0dbe.jpg,train,train,overcast,daytime,city street
2070bc4c-85b87247,2070bc4c-85b87247.jpg,images/100k/train/2070bc4c-85b87247.jpg,train,train,clear,night,highway
207a3f70-613723b8,207a3f70-613723b8.jpg,images/100k/train/207a3f70-613723b8.jpg,train,train,clear,daytime,city street
208b215e-d6a24ce0,208b215e-d6a24ce0.jpg,images/100k/train/208b215e-d6a24ce0.jpg,train,train,overcast,daytime,highway
208e26b1-9fb36dd4,208e26b1-9fb36dd4.jpg,images/100k/train/208e26b1-9fb36dd4.jpg,train,train,clear,daytime,highway
20931284-466f3b77,20931284-466f3b77.jpg,images/100k/train/20931284-466f3b77.jpg,train,train,overcast,daytime,city street
209a9827-a4d392bc,209a9827-a4d392bc.jpg,images/100k/train/209a9827-a4d392bc.jpg,train,train,overcast,daytime,highway
20a3eec7-3ae8309c,20a3eec7-3ae8309c.jpg,images/100k/train/20a3eec7-3ae8309c.jpg,train,train,undefined,daytime,city street
20b64d1c-164c611f,20b64d1c-164c611f.jpg,images/100k/train/20b64d1c-164c611f.jpg,train,train,clear,night,city street
20cfbf5c-6d4b972c,20cfbf5c-6d4b972c.jpg,images/100k/train/20cfbf5c-6d4b972c.jpg,train,train,clear,night,city street
20cfbf81-f274348c,20cfbf81-f274348c.jpg,images/100k/train/20cfbf81-f274348c.jpg,train,train,clear,night,highway
20d50e36-eacb68a4,20d50e36-eacb68a4.jpg,images/100k/train/20d50e36-eacb68a4.jpg,train,train,clear,night,city street
2109d6f1-f29ca055,2109d6f1-f29ca055.jpg,images/100k/train/2109d6f1-f29ca055.jpg,train,train,overcast,daytime,highway
2110ac6a-d2e132f7,2110ac6a-d2e132f7.jpg,images/100k/train/2110ac6a-d2e132f7.jpg,train,train,clear,daytime,city street
211870cb-752b9a7f,211870cb-752b9a7f.jpg,images/100k/train/211870cb-752b9a7f.jpg,train,train,snowy,dawn/dusk,residential
2118d97b-3d7bd5d7,2118d97b-3d7bd5d7.jpg,images/100k/train/2118d97b-3d7bd5d7.jpg,train,train,clear,daytime,highway
211918a6-4dbd06ae,211918a6-4dbd06ae.jpg,images/100k/train/211918a6-4dbd06ae.jpg,train,train,clear,night,highway
212289f5-52c96034,212289f5-52c96034.jpg,images/100k/train/212289f5-52c96034.jpg,train,train,undefined,daytime,city street
212289f5-f1a47795,212289f5-f1a47795.jpg,images/100k/train/212289f5-f1a47795.jpg,train,train,undefined,daytime,city street
213344f6-5adddc66,213344f6-5adddc66.jpg,images/100k/train/213344f6-5adddc66.jpg,train,train,snowy,daytime,city street
21359482-14d9dc2a,21359482-14d9dc2a.jpg,images/100k/train/21359482-14d9dc2a.jpg,train,train,undefined,daytime,city street
2142bbc5-86035c0d,2142bbc5-86035c0d.jpg,images/100k/train/2142bbc5-86035c0d.jpg,train,train,undefined,daytime,city street
214b8902-4c9004e1,214b8902-4c9004e1.jpg,images/100k/train/214b8902-4c9004e1.jpg,train,train,clear,night,city street
21649da7-175fcfc5,21649da7-175fcfc5.jpg,images/100k/train/21649da7-175fcfc5.jpg,train,train,undefined,daytime,city street
2168a252-c052da7a,2168a252-c052da7a.jpg,images/100k/train/2168a252-c052da7a.jpg,train,train,undefined,daytime,city street
2169dce8-ca4f28f4,2169dce8-ca4f28f4.jpg,images/100k/train/2169dce8-ca4f28f4.jpg,train,train,undefined,daytime,city street
21700632-52e04b5a,21700632-52e04b5a.jpg,images/100k/train/21700632-52e04b5a.jpg,train,train,undefined,daytime,city street
217772f3-10c2ace5,217772f3-10c2ace5.jpg,images/100k/train/217772f3-10c2ace5.jpg,train,train,clear,night,residential
21825b6e-940e6f99,21825b6e-940e6f99.jpg,images/100k/train/21825b6e-940e6f99.jpg,train,train,clear,daytime,city street
21b6e292-bc9ec437,21b6e292-bc9ec437.jpg,images/100k/train/21b6e292-bc9ec437.jpg,train,train,clear,night,city street
21b782dc-82164c1e,21b782dc-82164c1e.jpg,images/100k/train/21b782dc-82164c1e.jpg,train,train,clear,night,city street
21bb3ec6-da16848d,21bb3ec6-da16848d.jpg,images/100k/train/21bb3ec6-da16848d.jpg,train,train,clear,night,city street
21c2a1fd-944077ef,21c2a1fd-944077ef.jpg,images/100k/train/21c2a1fd-944077ef.jpg,train,train,rainy,daytime,city street
21c2ddd1-09fcf27e,21c2ddd1-09fcf27e.jpg,images/100k/train/21c2ddd1-09fcf27e.jpg,train,train,undefined,daytime,highway
21ce51f8-188e787b,21ce51f8-188e787b.jpg,images/100k/train/21ce51f8-188e787b.jpg,train,train,clear,night,city street
21dc152d-86d511ac,21dc152d-86d511ac.jpg,images/100k/train/21dc152d-86d511ac.jpg,train,train,overcast,daytime,residential
21e621dd-b02f46d5,21e621dd-b02f46d5.jpg,images/100k/train/21e621dd-b02f46d5.jpg,train,train,overcast,daytime,residential
21ef1092-bc7bf4e4,21ef1092-bc7bf4e4.jpg,images/100k/train/21ef1092-bc7bf4e4.jpg,train,train,overcast,daytime,city street
21f29130-e689b634,21f29130-e689b634.jpg,images/100k/train/21f29130-e689b634.jpg,train,train,overcast,daytime,highway
21f2ef7f-941510cb,21f2ef7f-941510cb.jpg,images/100k/train/21f2ef7f-941510cb.jpg,train,train,undefined,daytime,city street
21f46308-24a6a851,21f46308-24a6a851.jpg,images/100k/train/21f46308-24a6a851.jpg,train,train,clear,night,city street
21fd3bf5-fa5ae7d5,21fd3bf5-fa5ae7d5.jpg,images/100k/train/21fd3bf5-fa5ae7d5.jpg,train,train,snowy,night,highway
2202f295-1d8254ed,2202f295-1d8254ed.jpg,images/100k/train/2202f295-1d8254ed.jpg,train,train,undefined,daytime,residential
2212a977-0505b018,2212a977-0505b018.jpg,images/100k/train/2212a977-0505b018.jpg,train,train,clear,night,city street
221b6405-c68895f4,221b6405-c68895f4.jpg,images/100k/train/221b6405-c68895f4.jpg,train,train,clear,night,city street
221d2ebc-fd3cca00,221d2ebc-fd3cca00.jpg,images/100k/train/221d2ebc-fd3cca00.jpg,train,train,clear,daytime,city street
223046e4-330bbdeb,223046e4-330bbdeb.jpg,images/100k/train/223046e4-330bbdeb.jpg,train,train,clear,night,city street
2235ae61-1b228991,2235ae61-1b228991.jpg,images/100k/train/2235ae61-1b228991.jpg,train,train,overcast,daytime,residential
223712bb-ee836555,223712bb-ee836555.jpg,images/100k/train/223712bb-ee836555.jpg,train,train,overcast,daytime,city street
223c02c2-d3ee3e75,223c02c2-d3ee3e75.jpg,images/100k/train/223c02c2-d3ee3e75.jpg,train,train,clear,night,city street
22713ff8-45b06033,22713ff8-45b06033.jpg,images/100k/train/22713ff8-45b06033.jpg,train,train,clear,daytime,highway
22885a31-3110034b,22885a31-3110034b.jpg,images/100k/train/22885a31-3110034b.jpg,train,train,clear,daytime,residential
228a3ba3-523f7bce,228a3ba3-523f7bce.jpg,images/100k/train/228a3ba3-523f7bce.jpg,train,train,clear,daytime,city street
2295f926-672f33ca,2295f926-672f33ca.jpg,images/100k/train/2295f926-672f33ca.jpg,train,train,clear,night,residential
22a39115-4df6e456,22a39115-4df6e456.jpg,images/100k/train/22a39115-4df6e456.jpg,train,train,clear,night,city street
22a46d64-8f02a982,22a46d64-8f02a982.jpg,images/100k/train/22a46d64-8f02a982.jpg,train,train,rainy,daytime,highway
22c302a8-58e15d69,22c302a8-58e15d69.jpg,images/100k/train/22c302a8-58e15d69.jpg,train,train,rainy,daytime,city street
22c3eb6a-05253d86,22c3eb6a-05253d86.jpg,images/100k/train/22c3eb6a-05253d86.jpg,train,train,overcast,daytime,city street
22c57dc6-e41dc5a8,22c57dc6-e41dc5a8.jpg,images/100k/train/22c57dc6-e41dc5a8.jpg,train,train,snowy,daytime,city street
22d11e91-7f672b92,22d11e91-7f672b92.jpg,images/100k/train/22d11e91-7f672b92.jpg,train,train,overcast,daytime,city street
22d9eb85-96272fb8,22d9eb85-96272fb8.jpg,images/100k/train/22d9eb85-96272fb8.jpg,train,train,undefined,night,city street
22ee8aea-9949fc5d,22ee8aea-9949fc5d.jpg,images/100k/train/22ee8aea-9949fc5d.jpg,train,train,clear,night,city street
22f14af2-855b952e,22f14af2-855b952e.jpg,images/100k/train/22f14af2-855b952e.jpg,train,train,clear,night,city street
22f325ef-1cafcfb4,22f325ef-1cafcfb4.jpg,images/100k/train/22f325ef-1cafcfb4.jpg,train,train,rainy,night,highway
23102cfb-b94e3ca0,23102cfb-b94e3ca0.jpg,images/100k/train/23102cfb-b94e3ca0.jpg,train,train,undefined,daytime,city street
2311e352-69d48e2c,2311e352-69d48e2c.jpg,images/100k/train/2311e352-69d48e2c.jpg,train,train,clear,night,city street
23168fa7-8d38f01e,23168fa7-8d38f01e.jpg,images/100k/train/23168fa7-8d38f01e.jpg,train,train,clear,daytime,highway
232ef4da-11ea328e,232ef4da-11ea328e.jpg,images/100k/train/232ef4da-11ea328e.jpg,train,train,clear,night,city street
23333f35-0cbc3f0f,23333f35-0cbc3f0f.jpg,images/100k/train/23333f35-0cbc3f0f.jpg,train,train,clear,daytime,highway
2357db00-55751c6f,2357db00-55751c6f.jpg,images/100k/train/2357db00-55751c6f.jpg,train,train,clear,daytime,city street
2367ebef-b853d69a,2367ebef-b853d69a.jpg,images/100k/train/2367ebef-b853d69a.jpg,train,train,clear,daytime,city street
23789761-1a059fc3,23789761-1a059fc3.jpg,images/100k/train/23789761-1a059fc3.jpg,train,train,clear,night,city street
239471e5-30e68696,239471e5-30e68696.jpg,images/100k/train/239471e5-30e68696.jpg,train,train,clear,night,city street
23a3d4cb-0909e633,23a3d4cb-0909e633.jpg,images/100k/train/23a3d4cb-0909e633.jpg,train,train,undefined,daytime,city street
23c7d0ed-79088ded,23c7d0ed-79088ded.jpg,images/100k/train/23c7d0ed-79088ded.jpg,train,train,overcast,daytime,city street
23c94ec0-301f2ade,23c94ec0-301f2ade.jpg,images/100k/train/23c94ec0-301f2ade.jpg,train,train,clear,night,city street
23cfd522-6f251a1f,23cfd522-6f251a1f.jpg,images/100k/train/23cfd522-6f251a1f.jpg,train,train,clear,night,city street
23e83b2f-622f2957,23e83b2f-622f2957.jpg,images/100k/train/23e83b2f-622f2957.jpg,train,train,clear,daytime,city street
23ef1ac8-3251db45,23ef1ac8-3251db45.jpg,images/100k/train/23ef1ac8-3251db45.jpg,train,train,undefined,daytime,city street
23f11120-2bf9f3b5,23f11120-2bf9f3b5.jpg,images/100k/train/23f11120-2bf9f3b5.jpg,train,train,clear,night,highway
2404b384-1a990728,2404b384-1a990728.jpg,images/100k/train/2404b384-1a990728.jpg,train,train,clear,night,highway
24084593-4ad618f7,24084593-4ad618f7.jpg,images/100k/train/24084593-4ad618f7.jpg,train,train,partly cloudy,daytime,highway
2412e064-312eb4fb,2412e064-312eb4fb.jpg,images/100k/train/2412e064-312eb4fb.jpg,train,train,clear,daytime,city street
2413193e-cf2fcc58,2413193e-cf2fcc58.jpg,images/100k/train/2413193e-cf2fcc58.jpg,train,train,clear,night,city street
2415a26c-1c90df5e,2415a26c-1c90df5e.jpg,images/100k/train/2415a26c-1c90df5e.jpg,train,train,clear,night,highway
241df6b0-84eaebaf,241df6b0-84eaebaf.jpg,images/100k/train/241df6b0-84eaebaf.jpg,train,train,clear,night,city street
241ed60a-af60e5a9,241ed60a-af60e5a9.jpg,images/100k/train/241ed60a-af60e5a9.jpg,train,train,clear,night,residential
242d9992-eda5b5f1,242d9992-eda5b5f1.jpg,images/100k/train/242d9992-eda5b5f1.jpg,train,train,clear,daytime,city street
242f54d8-4f038af1,242f54d8-4f038af1.jpg,images/100k/train/242f54d8-4f038af1.jpg,train,train,clear,night,city street
24325a78-1cc8e2ee,24325a78-1cc8e2ee.jpg,images/100k/train/24325a78-1cc8e2ee.jpg,train,train,clear,daytime,city street
244984cf-0edb3165,244984cf-0edb3165.jpg,images/100k/train/244984cf-0edb3165.jpg,train,train,undefined,dawn/dusk,highway
244984cf-12e357fe,244984cf-12e357fe.jpg,images/100k/train/244984cf-12e357fe.jpg,train,train,clear,night,highway
244a8b0c-70494f6d,244a8b0c-70494f6d.jpg,images/100k/train/244a8b0c-70494f6d.jpg,train,train,overcast,daytime,city street
244f9d52-8939637c,244f9d52-8939637c.jpg,images/100k/train/244f9d52-8939637c.jpg,train,train,rainy,daytime,city street
245ddac9-fd6a7714,245ddac9-fd6a7714.jpg,images/100k/train/245ddac9-fd6a7714.jpg,train,train,clear,night,city street
246493fe-161af873,246493fe-161af873.jpg,images/100k/train/246493fe-161af873.jpg,train,train,clear,night,highway
2475f1bd-2c2ad28d,2475f1bd-2c2ad28d.jpg,images/100k/train/2475f1bd-2c2ad28d.jpg,train,train,rainy,night,city street
24894c5f-781f0bd8,24894c5f-781f0bd8.jpg,images/100k/train/24894c5f-781f0bd8.jpg,train,train,clear,daytime,city street
248a4b7a-2841ffbf,248a4b7a-2841ffbf.jpg,images/100k/train/248a4b7a-2841ffbf.jpg,train,train,clear,night,city street
248d8c92-e0c70981,248d8c92-e0c70981.jpg,images/100k/train/248d8c92-e0c70981.jpg,train,train,partly cloudy,daytime,city street
248dab6f-6690e23b,248dab6f-6690e23b.jpg,images/100k/train/248dab6f-6690e23b.jpg,train,train,clear,daytime,city street
24bd0513-af9c69f3,24bd0513-af9c69f3.jpg,images/100k/train/24bd0513-af9c69f3.jpg,train,train,clear,daytime,city street
24bd65ac-d2ea11cf,24bd65ac-d2ea11cf.jpg,images/100k/train/24bd65ac-d2ea11cf.jpg,train,train,clear,dawn/dusk,highway
24c42a84-de688d99,24c42a84-de688d99.jpg,images/100k/train/24c42a84-de688d99.jpg,train,train,clear,night,city street
24d0c95f-365745f8,24d0c95f-365745f8.jpg,images/100k/train/24d0c95f-365745f8.jpg,train,train,snowy,daytime,city street
24d1d8fd-eae1f4fa,24d1d8fd-eae1f4fa.jpg,images/100k/train/24d1d8fd-eae1f4fa.jpg,train,train,rainy,night,highway
24d68796-3ab0c57f,24d68796-3ab0c57f.jpg,images/100k/train/24d68796-3ab0c57f.jpg,train,train,clear,night,city street
24d751b3-11a16ed4,24d751b3-11a16ed4.jpg,images/100k/train/24d751b3-11a16ed4.jpg,train,train,undefined,daytime,city street
24d784b6-fe2d32c2,24d784b6-fe2d32c2.jpg,images/100k/train/24d784b6-fe2d32c2.jpg,train,train,undefined,daytime,highway
24e101fe-ed404376,24e101fe-ed404376.jpg,images/100k/train/24e101fe-ed404376.jpg,train,train,clear,daytime,residential
24eb954c-1547d72c,24eb954c-1547d72c.jpg,images/100k/train/24eb954c-1547d72c.jpg,train,train,rainy,night,city street
24efe18e-2c30700b,24efe18e-2c30700b.jpg,images/100k/train/24efe18e-2c30700b.jpg,train,train,partly cloudy,daytime,city street
2502b01a-f04b15b7,2502b01a-f04b15b7.jpg,images/100k/train/2502b01a-f04b15b7.jpg,train,train,clear,night,city street
25085e7b-305078bc,25085e7b-305078bc.jpg,images/100k/train/25085e7b-305078bc.jpg,train,train,undefined,daytime,city street
25138241-e2226c45,25138241-e2226c45.jpg,images/100k/train/25138241-e2226c45.jpg,train,train,undefined,daytime,highway
251816c0-63d90d7a,251816c0-63d90d7a.jpg,images/100k/train/251816c0-63d90d7a.jpg,train,train,clear,dawn/dusk,city street
2524dba7-83ab56a5,2524dba7-83ab56a5.jpg,images/100k/train/2524dba7-83ab56a5.jpg,train,train,clear,night,city street
2528d3ea-c71d78b9,2528d3ea-c71d78b9.jpg,images/100k/train/2528d3ea-c71d78b9.jpg,train,train,clear,night,city street
254c03f2-3a30edb9,254c03f2-3a30edb9.jpg,images/100k/train/254c03f2-3a30edb9.jpg,train,train,undefined,daytime,residential
254e6898-259fa3ed,254e6898-259fa3ed.jpg,images/100k/train/254e6898-259fa3ed.jpg,train,train,undefined,daytime,city street
2551c2e6-41894b5f,2551c2e6-41894b5f.jpg,images/100k/train/2551c2e6-41894b5f.jpg,train,train,undefined,daytime,city street
25574c87-67b934ef,25574c87-67b934ef.jpg,images/100k/train/25574c87-67b934ef.jpg,train,train,overcast,daytime,city street
25a9b188-05525199,25a9b188-05525199.jpg,images/100k/train/25a9b188-05525199.jpg,train,train,clear,night,city street
25a9b188-a67c6dc6,25a9b188-a67c6dc6.jpg,images/100k/train/25a9b188-a67c6dc6.jpg,train,train,clear,night,highway
25a9b188-d85b19f6,25a9b188-d85b19f6.jpg,images/100k/train/25a9b188-d85b19f6.jpg,train,train,clear,night,city street
25b0b582-89df7497,25b0b582-89df7497.jpg,images/100k/train/25b0b582-89df7497.jpg,train,train,clear,night,residential
25b85436-3a0e059f,25b85436-3a0e059f.jpg,images/100k/train/25b85436-3a0e059f.jpg,train,train,clear,night,city street
25c289ee-6cad6980,25c289ee-6cad6980.jpg,images/100k/train/25c289ee-6cad6980.jpg,train,train,clear,daytime,highway
25c4e089-7d356270,25c4e089-7d356270.jpg,images/100k/train/25c4e089-7d356270.jpg,train,train,clear,night,city street
25d69301-5e015dd6,25d69301-5e015dd6.jpg,images/100k/train/25d69301-5e015dd6.jpg,train,train,clear,night,city street
25e3206e-e6c29f72,25e3206e-e6c29f72.jpg,images/100k/train/25e3206e-e6c29f72.jpg,train,train,snowy,daytime,city street
25f18204-a0d3dd59,25f18204-a0d3dd59.jpg,images/100k/train/25f18204-a0d3dd59.jpg,train,train,clear,night,residential
25f71599-e6901ee5,25f71599-e6901ee5.jpg,images/100k/train/25f71599-e6901ee5.jpg,train,train,clear,night,city street
260cf770-0adc6dc8,260cf770-0adc6dc8.jpg,images/100k/train/260cf770-0adc6dc8.jpg,train,train,partly cloudy,daytime,residential
2615bbbb-998b46b1,2615bbbb-998b46b1.jpg,images/100k/train/2615bbbb-998b46b1.jpg,train,train,clear,daytime,residential
2616b90f-3aa2ffe4,2616b90f-3aa2ffe4.jpg,images/100k/train/2616b90f-3aa2ffe4.jpg,train,train,clear,night,city street
261cf2ea-47a3d5a6,261cf2ea-47a3d5a6.jpg,images/100k/train/261cf2ea-47a3d5a6.jpg,train,train,snowy,daytime,city street
26291d5e-68be35d8,26291d5e-68be35d8.jpg,images/100k/train/26291d5e-68be35d8.jpg,train,train,clear,daytime,highway
2636cf9d-8f13b0dc,2636cf9d-8f13b0dc.jpg,images/100k/train/2636cf9d-8f13b0dc.jpg,train,train,overcast,daytime,residential
263917f1-479dfacc,263917f1-479dfacc.jpg,images/100k/train/263917f1-479dfacc.jpg,train,train,partly cloudy,daytime,city street
263ba42a-1e09f6cd,263ba42a-1e09f6cd.jpg,images/100k/train/263ba42a-1e09f6cd.jpg,train,train,clear,night,city street
263ba42a-95647649,263ba42a-95647649.jpg,images/100k/train/263ba42a-95647649.jpg,train,train,clear,night,city street
26401f63-2630c043,26401f63-2630c043.jpg,images/100k/train/26401f63-2630c043.jpg,train,train,snowy,daytime,city street
264b9ed7-358bb41a,264b9ed7-358bb41a.jpg,images/100k/train/264b9ed7-358bb41a.jpg,train,train,clear,night,city street
264b9ed7-741f6ed4,264b9ed7-741f6ed4.jpg,images/100k/train/264b9ed7-741f6ed4.jpg,train,train,clear,night,city street
26540911-2a76f195,26540911-2a76f195.jpg,images/100k/train/26540911-2a76f195.jpg,train,train,clear,night,highway
265eb1d9-244b50f4,265eb1d9-244b50f4.jpg,images/100k/train/265eb1d9-244b50f4.jpg,train,train,snowy,night,city street
265eb1d9-dbc90e45,265eb1d9-dbc90e45.jpg,images/100k/train/265eb1d9-dbc90e45.jpg,train,train,snowy,night,city street
26750c68-88700906,26750c68-88700906.jpg,images/100k/train/26750c68-88700906.jpg,train,train,rainy,daytime,highway
26750c68-e94e2d8c,26750c68-e94e2d8c.jpg,images/100k/train/26750c68-e94e2d8c.jpg,train,train,snowy,night,city street
26849f29-213c1a5b,26849f29-213c1a5b.jpg,images/100k/train/26849f29-213c1a5b.jpg,train,train,undefined,daytime,city street
26947fc3-6ede0bb5,26947fc3-6ede0bb5.jpg,images/100k/train/26947fc3-6ede0bb5.jpg,train,train,partly cloudy,daytime,city street
2698a8da-63f71ca0,2698a8da-63f71ca0.jpg,images/100k/train/2698a8da-63f71ca0.jpg,train,train,clear,daytime,city street
26b804bd-26709aed,26b804bd-26709aed.jpg,images/100k/train/26b804bd-26709aed.jpg,train,train,clear,daytime,city street
26badca6-3b83f808,26badca6-3b83f808.jpg,images/100k/train/26badca6-3b83f808.jpg,train,train,clear,night,city street
26bd4851-a88fd851,26bd4851-a88fd851.jpg,images/100k/train/26bd4851-a88fd851.jpg,train,train,clear,daytime,city street
26cf0b57-1ecf3659,26cf0b57-1ecf3659.jpg,images/100k/train/26cf0b57-1ecf3659.jpg,train,train,overcast,daytime,city street
26db50de-3633468e,26db50de-3633468e.jpg,images/100k/train/26db50de-3633468e.jpg,train,train,overcast,dawn/dusk,city street
2702df1f-faf5516e,2702df1f-faf5516e.jpg,images/100k/train/2702df1f-faf5516e.jpg,train,train,overcast,daytime,highway
27114f20-b978add1,27114f20-b978add1.jpg,images/100k/train/27114f20-b978add1.jpg,train,train,snowy,night,city street
27177a04-4e9fa0cf,27177a04-4e9fa0cf.jpg,images/100k/train/27177a04-4e9fa0cf.jpg,train,train,partly cloudy,daytime,highway
271967b8-2c7329ae,271967b8-2c7329ae.jpg,images/100k/train/271967b8-2c7329ae.jpg,train,train,clear,daytime,city street
272eb054-847a5a46,272eb054-847a5a46.jpg,images/100k/train/272eb054-847a5a46.jpg,train,train,clear,daytime,residential
272f2435-df337925,272f2435-df337925.jpg,images/100k/train/272f2435-df337925.jpg,train,train,clear,daytime,highway
2730aaf5-6f1b547c,2730aaf5-6f1b547c.jpg,images/100k/train/2730aaf5-6f1b547c.jpg,train,train,rainy,daytime,city street
2736fdaf-6588c969,2736fdaf-6588c969.jpg,images/100k/train/2736fdaf-6588c969.jpg,train,train,undefined,daytime,city street
273eccb8-560cbfe4,273eccb8-560cbfe4.jpg,images/100k/train/273eccb8-560cbfe4.jpg,train,train,clear,night,city street
273fe176-4a8456dc,273fe176-4a8456dc.jpg,images/100k/train/273fe176-4a8456dc.jpg,train,train,clear,night,city street
2740033b-36065520,2740033b-36065520.jpg,images/100k/train/2740033b-36065520.jpg,train,train,snowy,daytime,highway
274a0490-2cae486f,274a0490-2cae486f.jpg,images/100k/train/274a0490-2cae486f.jpg,train,train,partly cloudy,daytime,city street
274a0490-7d65d208,274a0490-7d65d208.jpg,images/100k/train/274a0490-7d65d208.jpg,train,train,undefined,daytime,residential
274ab688-653a8786,274ab688-653a8786.jpg,images/100k/train/274ab688-653a8786.jpg,train,train,clear,night,city street
2753e8ea-078f9aec,2753e8ea-078f9aec.jpg,images/100k/train/2753e8ea-078f9aec.jpg,train,train,partly cloudy,daytime,highway
275524e5-e6f8ef92,275524e5-e6f8ef92.jpg,images/100k/train/275524e5-e6f8ef92.jpg,train,train,clear,night,highway
2759c1ea-28003b1b,2759c1ea-28003b1b.jpg,images/100k/train/2759c1ea-28003b1b.jpg,train,train,clear,night,city street
27634030-1f3da5fb,27634030-1f3da5fb.jpg,images/100k/train/27634030-1f3da5fb.jpg,train,train,clear,night,city street
276ae1dc-fb2d5597,276ae1dc-fb2d5597.jpg,images/100k/train/276ae1dc-fb2d5597.jpg,train,train,snowy,daytime,city street
2777ef21-c83650a4,2777ef21-c83650a4.jpg,images/100k/train/2777ef21-c83650a4.jpg,train,train,clear,night,city street
277dac8b-bbeb3d3b,277dac8b-bbeb3d3b.jpg,images/100k/train/277dac8b-bbeb3d3b.jpg,train,train,snowy,daytime,city street
2782b2d4-6ea256ed,2782b2d4-6ea256ed.jpg,images/100k/train/2782b2d4-6ea256ed.jpg,train,train,undefined,daytime,residential
279644af-eb52c8af,279644af-eb52c8af.jpg,images/100k/train/279644af-eb52c8af.jpg,train,train,clear,night,city street
27a79e9b-d2bbc6c1,27a79e9b-d2bbc6c1.jpg,images/100k/train/27a79e9b-d2bbc6c1.jpg,train,train,clear,night,city street
27b3b7a0-6f4a26e7,27b3b7a0-6f4a26e7.jpg,images/100k/train/27b3b7a0-6f4a26e7.jpg,train,train,snowy,night,residential
27b4ec10-4156e86e,27b4ec10-4156e86e.jpg,images/100k/train/27b4ec10-4156e86e.jpg,train,train,clear,daytime,highway
27ea4793-fa9a74bb,27ea4793-fa9a74bb.jpg,images/100k/train/27ea4793-fa9a74bb.jpg,train,train,overcast,daytime,city street
27f5a0bf-40486bf4,27f5a0bf-40486bf4.jpg,images/100k/train/27f5a0bf-40486bf4.jpg,train,train,clear,daytime,parking lot
27f70271-159dd2a3,27f70271-159dd2a3.jpg,images/100k/train/27f70271-159dd2a3.jpg,train,train,clear,daytime,highway
2802e2c0-a010c04f,2802e2c0-a010c04f.jpg,images/100k/train/2802e2c0-a010c04f.jpg,train,train,clear,night,city street
2803902f-c1bfb67f,2803902f-c1bfb67f.jpg,images/100k/train/2803902f-c1bfb67f.jpg,train,train,clear,night,highway
2821e9df-ecb414bb,2821e9df-ecb414bb.jpg,images/100k/train/2821e9df-ecb414bb.jpg,train,train,undefined,daytime,city street
284438e5-12e19eaf,284438e5-12e19eaf.jpg,images/100k/train/284438e5-12e19eaf.jpg,train,train,undefined,night,city street
285864fd-161adf6f,285864fd-161adf6f.jpg,images/100k/train/285864fd-161adf6f.jpg,train,train,partly cloudy,daytime,highway
285864fd-e5c8c676,285864fd-e5c8c676.jpg,images/100k/train/285864fd-e5c8c676.jpg,train,train,overcast,daytime,city street
2859107a-b513a3f7,2859107a-b513a3f7.jpg,images/100k/train/2859107a-b513a3f7.jpg,train,train,overcast,daytime,city street
2860d6a8-ad799268,2860d6a8-ad799268.jpg,images/100k/train/2860d6a8-ad799268.jpg,train,train,overcast,daytime,city street
28643c39-7bcaa7fc,28643c39-7bcaa7fc.jpg,images/100k/train/28643c39-7bcaa7fc.jpg,train,train,rainy,dawn/dusk,city street
28682283-95f8941a,28682283-95f8941a.jpg,images/100k/train/28682283-95f8941a.jpg,train,train,clear,daytime,residential
2871fb39-32eb06c7,2871fb39-32eb06c7.jpg,images/100k/train/2871fb39-32eb06c7.jpg,train,train,snowy,daytime,residential
28977da4-ecce0aae,28977da4-ecce0aae.jpg,images/100k/train/28977da4-ecce0aae.jpg,train,train,clear,night,highway
289c48a3-1b2c75f5,289c48a3-1b2c75f5.jpg,images/100k/train/289c48a3-1b2c75f5.jpg,train,train,clear,night,city street
28a1f566-69a8907c,28a1f566-69a8907c.jpg,images/100k/train/28a1f566-69a8907c.jpg,train,train,clear,night,city street
28ad955f-0b0e4b7b,28ad955f-0b0e4b7b.jpg,images/100k/train/28ad955f-0b0e4b7b.jpg,train,train,clear,daytime,city street
28b3996a-d5e1d98d,28b3996a-d5e1d98d.jpg,images/100k/train/28b3996a-d5e1d98d.jpg,train,train,clear,night,city street
28bb3756-ee3a6ade,28bb3756-ee3a6ade.jpg,images/100k/train/28bb3756-ee3a6ade.jpg,train,train,clear,night,highway
28c472d9-524d1ac1,28c472d9-524d1ac1.jpg,images/100k/train/28c472d9-524d1ac1.jpg,train,train,undefined,dawn/dusk,city street
28c984e7-58bb1d6b,28c984e7-58bb1d6b.jpg,images/100k/train/28c984e7-58bb1d6b.jpg,train,train,clear,daytime,city street
28dabcec-a3ee4bd0,28dabcec-a3ee4bd0.jpg,images/100k/train/28dabcec-a3ee4bd0.jpg,train,train,clear,night,city street
28e54af2-7b5333ed,28e54af2-7b5333ed.jpg,images/100k/train/28e54af2-7b5333ed.jpg,train,train,clear,night,highway
28e812b9-37790fe7,28e812b9-37790fe7.jpg,images/100k/train/28e812b9-37790fe7.jpg,train,train,clear,night,city street
28f314e4-54060598,28f314e4-54060598.jpg,images/100k/train/28f314e4-54060598.jpg,train,train,clear,daytime,residential
28f89523-c420da12,28f89523-c420da12.jpg,images/100k/train/28f89523-c420da12.jpg,train,train,clear,daytime,residential
290a8caa-4d36a133,290a8caa-4d36a133.jpg,images/100k/train/290a8caa-4d36a133.jpg,train,train,clear,night,highway
290f2794-200d9da2,290f2794-200d9da2.jpg,images/100k/train/290f2794-200d9da2.jpg,train,train,snowy,daytime,city street
2913ff67-20fb404c,2913ff67-20fb404c.jpg,images/100k/train/2913ff67-20fb404c.jpg,train,train,clear,daytime,city street
2915958a-b9be9da5,2915958a-b9be9da5.jpg,images/100k/train/2915958a-b9be9da5.jpg,train,train,partly cloudy,daytime,city street
2915f6bd-a7981a88,2915f6bd-a7981a88.jpg,images/100k/train/2915f6bd-a7981a88.jpg,train,train,partly cloudy,daytime,residential
291961ba-22adf6e4,291961ba-22adf6e4.jpg,images/100k/train/291961ba-22adf6e4.jpg,train,train,clear,night,residential
291ac92e-ff9d2930,291ac92e-ff9d2930.jpg,images/100k/train/291ac92e-ff9d2930.jpg,train,train,undefined,daytime,city street
291dee4f-ff523e14,291dee4f-ff523e14.jpg,images/100k/train/291dee4f-ff523e14.jpg,train,train,undefined,undefined,city street
291ff5d1-e280595c,291ff5d1-e280595c.jpg,images/100k/train/291ff5d1-e280595c.jpg,train,train,clear,daytime,city street
29327306-53bc7eca,29327306-53bc7eca.jpg,images/100k/train/29327306-53bc7eca.jpg,train,train,undefined,daytime,city street
29447299-6776458a,29447299-6776458a.jpg,images/100k/train/29447299-6776458a.jpg,train,train,rainy,night,city street
294f0a55-32d18a2e,294f0a55-32d18a2e.jpg,images/100k/train/294f0a55-32d18a2e.jpg,train,train,partly cloudy,daytime,city street
2954b457-c58e8b45,2954b457-c58e8b45.jpg,images/100k/train/2954b457-c58e8b45.jpg,train,train,clear,daytime,city street
296a101a-9a310b37,296a101a-9a310b37.jpg,images/100k/train/296a101a-9a310b37.jpg,train,train,undefined,daytime,city street
296ff220-b55088b8,296ff220-b55088b8.jpg,images/100k/train/296ff220-b55088b8.jpg,train,train,clear,night,city street
298e83cb-241a3608,298e83cb-241a3608.jpg,images/100k/train/298e83cb-241a3608.jpg,train,train,partly cloudy,daytime,highway
29947c23-ec2cbcff,29947c23-ec2cbcff.jpg,images/100k/train/29947c23-ec2cbcff.jpg,train,train,clear,night,highway
29959e83-a75b18f8,29959e83-a75b18f8.jpg,images/100k/train/29959e83-a75b18f8.jpg,train,train,overcast,daytime,city street
299cbd99-6f7d52c0,299cbd99-6f7d52c0.jpg,images/100k/train/299cbd99-6f7d52c0.jpg,train,train,clear,daytime,city street
29ae5f56-fbf6aa17,29ae5f56-fbf6aa17.jpg,images/100k/train/29ae5f56-fbf6aa17.jpg,train,train,undefined,night,city street
29bf3244-ae90ccf8,29bf3244-ae90ccf8.jpg,images/100k/train/29bf3244-ae90ccf8.jpg,train,train,clear,night,city street
29c6c640-d087d0f4,29c6c640-d087d0f4.jpg,images/100k/train/29c6c640-d087d0f4.jpg,train,train,overcast,daytime,city street
29c8385a-e39b9c38,29c8385a-e39b9c38.jpg,images/100k/train/29c8385a-e39b9c38.jpg,train,train,clear,daytime,city street
29c93eac-7d402687,29c93eac-7d402687.jpg,images/100k/train/29c93eac-7d402687.jpg,train,train,clear,night,highway
29c9ca26-77ef4b1a,29c9ca26-77ef4b1a.jpg,images/100k/train/29c9ca26-77ef4b1a.jpg,train,train,clear,daytime,highway
29cd6c22-87fb9c0d,29cd6c22-87fb9c0d.jpg,images/100k/train/29cd6c22-87fb9c0d.jpg,train,train,undefined,dawn/dusk,city street
29e436e5-7752dbb1,29e436e5-7752dbb1.jpg,images/100k/train/29e436e5-7752dbb1.jpg,train,train,overcast,daytime,highway
29e869fc-621b4c79,29e869fc-621b4c79.jpg,images/100k/train/29e869fc-621b4c79.jpg,train,train,snowy,dawn/dusk,city street
29eb071f-05c4c966,29eb071f-05c4c966.jpg,images/100k/train/29eb071f-05c4c966.jpg,train,train,clear,daytime,residential
29ede712-0dd0a1eb,29ede712-0dd0a1eb.jpg,images/100k/train/29ede712-0dd0a1eb.jpg,train,train,clear,daytime,city street
2a051b12-8008b4de,2a051b12-8008b4de.jpg,images/100k/train/2a051b12-8008b4de.jpg,train,train,clear,night,city street
2a0819d8-9654ff82,2a0819d8-9654ff82.jpg,images/100k/train/2a0819d8-9654ff82.jpg,train,train,undefined,daytime,city street
2a27ffe5-f4780aac,2a27ffe5-f4780aac.jpg,images/100k/train/2a27ffe5-f4780aac.jpg,train,train,rainy,night,city street
2a322002-e5837bf7,2a322002-e5837bf7.jpg,images/100k/train/2a322002-e5837bf7.jpg,train,train,clear,night,city street
2a346bba-f6fa5d89,2a346bba-f6fa5d89.jpg,images/100k/train/2a346bba-f6fa5d89.jpg,train,train,partly cloudy,daytime,city street
2a438f77-9e13f845,2a438f77-9e13f845.jpg,images/100k/train/2a438f77-9e13f845.jpg,train,train,partly cloudy,daytime,city street
2a472b31-a1c33160,2a472b31-a1c33160.jpg,images/100k/train/2a472b31-a1c33160.jpg,train,train,clear,night,highway
2a490157-1d9c56ae,2a490157-1d9c56ae.jpg,images/100k/train/2a490157-1d9c56ae.jpg,train,train,clear,daytime,highway
2a656a7b-d576e409,2a656a7b-d576e409.jpg,images/100k/train/2a656a7b-d576e409.jpg,train,train,clear,night,highway
2a68bd17-cd27fc76,2a68bd17-cd27fc76.jpg,images/100k/train/2a68bd17-cd27fc76.jpg,train,train,overcast,daytime,highway
2a76dd2f-c873a00a,2a76dd2f-c873a00a.jpg,images/100k/train/2a76dd2f-c873a00a.jpg,train,train,snowy,daytime,highway
2a7a4866-d589b536,2a7a4866-d589b536.jpg,images/100k/train/2a7a4866-d589b536.jpg,train,train,snowy,daytime,city street
2a7d1d96-07b05331,2a7d1d96-07b05331.jpg,images/100k/train/2a7d1d96-07b05331.jpg,train,train,clear,night,highway
2a7d1d96-f2d83a64,2a7d1d96-f2d83a64.jpg,images/100k/train/2a7d1d96-f2d83a64.jpg,train,train,clear,night,city street
2a7e1ff7-375a2cfe,2a7e1ff7-375a2cfe.jpg,images/100k/train/2a7e1ff7-375a2cfe.jpg,train,train,partly cloudy,daytime,city street
2a7e1ff7-582ed68d,2a7e1ff7-582ed68d.jpg,images/100k/train/2a7e1ff7-582ed68d.jpg,train,train,undefined,daytime,residential
2a82a0af-ed40b58f,2a82a0af-ed40b58f.jpg,images/100k/train/2a82a0af-ed40b58f.jpg,train,train,snowy,night,city street
2a857225-cb7dac35,2a857225-cb7dac35.jpg,images/100k/train/2a857225-cb7dac35.jpg,train,train,snowy,night,city street
2a9154da-9f3769b5,2a9154da-9f3769b5.jpg,images/100k/train/2a9154da-9f3769b5.jpg,train,train,clear,night,city street
2aa8f9dc-42a8c678,2aa8f9dc-42a8c678.jpg,images/100k/train/2aa8f9dc-42a8c678.jpg,train,train,clear,night,highway
2aa8f9dc-776bcba6,2aa8f9dc-776bcba6.jpg,images/100k/train/2aa8f9dc-776bcba6.jpg,train,train,clear,night,highway
2ab2f4ce-5dc50f61,2ab2f4ce-5dc50f61.jpg,images/100k/train/2ab2f4ce-5dc50f61.jpg,train,train,rainy,daytime,city street
2ab2f4ce-df73386a,2ab2f4ce-df73386a.jpg,images/100k/train/2ab2f4ce-df73386a.jpg,train,train,snowy,daytime,highway
2ad91144-3013b4fa,2ad91144-3013b4fa.jpg,images/100k/train/2ad91144-3013b4fa.jpg,train,train,overcast,daytime,city street
2aeb31c9-8583da82,2aeb31c9-8583da82.jpg,images/100k/train/2aeb31c9-8583da82.jpg,train,train,clear,night,highway
2aecc356-eddcf69c,2aecc356-eddcf69c.jpg,images/100k/train/2aecc356-eddcf69c.jpg,train,train,undefined,daytime,highway
2afa3340-281419ff,2afa3340-281419ff.jpg,images/100k/train/2afa3340-281419ff.jpg,train,train,clear,night,city street
2b06fd1b-f68decc4,2b06fd1b-f68decc4.jpg,images/100k/train/2b06fd1b-f68decc4.jpg,train,train,clear,night,city street
2b0a137a-b33ce007,2b0a137a-b33ce007.jpg,images/100k/train/2b0a137a-b33ce007.jpg,train,train,clear,night,city street
2b0a2436-2dd2ee9f,2b0a2436-2dd2ee9f.jpg,images/100k/train/2b0a2436-2dd2ee9f.jpg,train,train,rainy,dawn/dusk,highway
2b0cf575-05526b72,2b0cf575-05526b72.jpg,images/100k/train/2b0cf575-05526b72.jpg,train,train,clear,night,city street
2b1a193a-a87dacdb,2b1a193a-a87dacdb.jpg,images/100k/train/2b1a193a-a87dacdb.jpg,train,train,undefined,daytime,city street
2b2243c0-dcc6613b,2b2243c0-dcc6613b.jpg,images/100k/train/2b2243c0-dcc6613b.jpg,train,train,clear,night,city street
2b2c44c7-958f0ba8,2b2c44c7-958f0ba8.jpg,images/100k/train/2b2c44c7-958f0ba8.jpg,train,train,undefined,daytime,city street
2b395b41-f8152c06,2b395b41-f8152c06.jpg,images/100k/train/2b395b41-f8152c06.jpg,train,train,undefined,daytime,residential
2b39cdee-596e0888,2b39cdee-596e0888.jpg,images/100k/train/2b39cdee-596e0888.jpg,train,train,clear,daytime,city street
2b3c8695-72c5b040,2b3c8695-72c5b040.jpg,images/100k/train/2b3c8695-72c5b040.jpg,train,train,clear,night,city street
2b48e850-d2c48489,2b48e850-d2c48489.jpg,images/100k/train/2b48e850-d2c48489.jpg,train,train,clear,daytime,highway
2b5f0ec4-296460e3,2b5f0ec4-296460e3.jpg,images/100k/train/2b5f0ec4-296460e3.jpg,train,train,partly cloudy,daytime,residential
2b70adcf-ac09d786,2b70adcf-ac09d786.jpg,images/100k/train/2b70adcf-ac09d786.jpg,train,train,clear,night,city street
2b770aae-a586c584,2b770aae-a586c584.jpg,images/100k/train/2b770aae-a586c584.jpg,train,train,clear,dawn/dusk,city street
2b816b4b-aca281d5,2b816b4b-aca281d5.jpg,images/100k/train/2b816b4b-aca281d5.jpg,train,train,partly cloudy,daytime,highway
2b83b724-7fc1a648,2b83b724-7fc1a648.jpg,images/100k/train/2b83b724-7fc1a648.jpg,train,train,clear,night,residential
2b923350-24ae0792,2b923350-24ae0792.jpg,images/100k/train/2b923350-24ae0792.jpg,train,train,snowy,night,city street
2b98dadb-21317600,2b98dadb-21317600.jpg,images/100k/train/2b98dadb-21317600.jpg,train,train,clear,night,city street
2b997fd9-6641e027,2b997fd9-6641e027.jpg,images/100k/train/2b997fd9-6641e027.jpg,train,train,clear,night,highway
2ba7d514-84558d80,2ba7d514-84558d80.jpg,images/100k/train/2ba7d514-84558d80.jpg,train,train,overcast,daytime,residential
2ba7d514-ed8d53d1,2ba7d514-ed8d53d1.jpg,images/100k/train/2ba7d514-ed8d53d1.jpg,train,train,rainy,daytime,highway
2bb0ef42-e5602067,2bb0ef42-e5602067.jpg,images/100k/train/2bb0ef42-e5602067.jpg,train,train,partly cloudy,dawn/dusk,highway
2bb6427e-d5ad3e28,2bb6427e-d5ad3e28.jpg,images/100k/train/2bb6427e-d5ad3e28.jpg,train,train,snowy,night,city street
2bb6dfcc-00919cc3,2bb6dfcc-00919cc3.jpg,images/100k/train/2bb6dfcc-00919cc3.jpg,train,train,snowy,night,highway
2bcdc1d4-582563fc,2bcdc1d4-582563fc.jpg,images/100k/train/2bcdc1d4-582563fc.jpg,train,train,clear,night,city street
2bd2d132-829beff4,2bd2d132-829beff4.jpg,images/100k/train/2bd2d132-829beff4.jpg,train,train,clear,night,highway
2bd786fc-b64938b2,2bd786fc-b64938b2.jpg,images/100k/train/2bd786fc-b64938b2.jpg,train,train,overcast,daytime,city street
2be36f58-d67ba5cb,2be36f58-d67ba5cb.jpg,images/100k/train/2be36f58-d67ba5cb.jpg,train,train,overcast,daytime,residential
2be9fd50-f01b1240,2be9fd50-f01b1240.jpg,images/100k/train/2be9fd50-f01b1240.jpg,train,train,partly cloudy,daytime,city street
2beccce2-18444154,2beccce2-18444154.jpg,images/100k/train/2beccce2-18444154.jpg,train,train,undefined,daytime,highway
2bf43ae4-574424a8,2bf43ae4-574424a8.jpg,images/100k/train/2bf43ae4-574424a8.jpg,train,train,snowy,daytime,city street
2c01bd98-b626e8b8,2c01bd98-b626e8b8.jpg,images/100k/train/2c01bd98-b626e8b8.jpg,train,train,partly cloudy,daytime,city street
2c1320a8-db00ca7b,2c1320a8-db00ca7b.jpg,images/100k/train/2c1320a8-db00ca7b.jpg,train,train,rainy,daytime,undefined
2c2c7cef-f19282c2,2c2c7cef-f19282c2.jpg,images/100k/train/2c2c7cef-f19282c2.jpg,train,train,clear,daytime,city street
2c329697-65a2dfd3,2c329697-65a2dfd3.jpg,images/100k/train/2c329697-65a2dfd3.jpg,train,train,clear,night,city street
2c329697-8ca3ac56,2c329697-8ca3ac56.jpg,images/100k/train/2c329697-8ca3ac56.jpg,train,train,clear,night,highway
2c530ea7-dac68526,2c530ea7-dac68526.jpg,images/100k/train/2c530ea7-dac68526.jpg,train,train,snowy,daytime,city street
2c5a7114-2bed2178,2c5a7114-2bed2178.jpg,images/100k/train/2c5a7114-2bed2178.jpg,train,train,clear,night,city street
2c66430a-e921c965,2c66430a-e921c965.jpg,images/100k/train/2c66430a-e921c965.jpg,train,train,snowy,night,highway
2c7b30b0-95549c53,2c7b30b0-95549c53.jpg,images/100k/train/2c7b30b0-95549c53.jpg,train,train,snowy,dawn/dusk,city street
2c7b691f-bdd7a9ef,2c7b691f-bdd7a9ef.jpg,images/100k/train/2c7b691f-bdd7a9ef.jpg,train,train,undefined,daytime,city street
2c85f73a-9309d1d7,2c85f73a-9309d1d7.jpg,images/100k/train/2c85f73a-9309d1d7.jpg,train,train,clear,daytime,city street
2c86a7d0-f409b3ce,2c86a7d0-f409b3ce.jpg,images/100k/train/2c86a7d0-f409b3ce.jpg,train,train,clear,night,highway
2c8fcdf8-929f54ad,2c8fcdf8-929f54ad.jpg,images/100k/train/2c8fcdf8-929f54ad.jpg,train,train,clear,night,city street
2c929e6c-b96091d7,2c929e6c-b96091d7.jpg,images/100k/train/2c929e6c-b96091d7.jpg,train,train,snowy,night,city street
2c99da3b-35ab8b8d,2c99da3b-35ab8b8d.jpg,images/100k/train/2c99da3b-35ab8b8d.jpg,train,train,clear,night,city street
2c9c829d-10fd2896,2c9c829d-10fd2896.jpg,images/100k/train/2c9c829d-10fd2896.jpg,train,train,overcast,daytime,city street
2ca35cec-1c73160b,2ca35cec-1c73160b.jpg,images/100k/train/2ca35cec-1c73160b.jpg,train,train,partly cloudy,daytime,city street
2ca458d1-c92fd538,2ca458d1-c92fd538.jpg,images/100k/train/2ca458d1-c92fd538.jpg,train,train,partly cloudy,daytime,city street
2ca4751b-e05a7a86,2ca4751b-e05a7a86.jpg,images/100k/train/2ca4751b-e05a7a86.jpg,train,train,clear,night,highway
2ca5569d-6ddecacf,2ca5569d-6ddecacf.jpg,images/100k/train/2ca5569d-6ddecacf.jpg,train,train,snowy,night,city street
2cbb1948-cc04ef57,2cbb1948-cc04ef57.jpg,images/100k/train/2cbb1948-cc04ef57.jpg,train,train,clear,night,city street
2cbcb585-16884720,2cbcb585-16884720.jpg,images/100k/train/2cbcb585-16884720.jpg,train,train,snowy,daytime,highway
2cc3a221-c3f18323,2cc3a221-c3f18323.jpg,images/100k/train/2cc3a221-c3f18323.jpg,train,train,rainy,night,highway
2cd1cd35-610f9677,2cd1cd35-610f9677.jpg,images/100k/train/2cd1cd35-610f9677.jpg,train,train,rainy,dawn/dusk,highway
2cd2a47f-9aa49856,2cd2a47f-9aa49856.jpg,images/100k/train/2cd2a47f-9aa49856.jpg,train,train,clear,night,city street
2cd8dc44-b563cdfe,2cd8dc44-b563cdfe.jpg,images/100k/train/2cd8dc44-b563cdfe.jpg,train,train,clear,night,highway
2ce7d369-b77fb3d8,2ce7d369-b77fb3d8.jpg,images/100k/train/2ce7d369-b77fb3d8.jpg,train,train,clear,daytime,city street
2ceac3cd-0f50261b,2ceac3cd-0f50261b.jpg,images/100k/train/2ceac3cd-0f50261b.jpg,train,train,partly cloudy,daytime,city street
2cf976a2-479cd46b,2cf976a2-479cd46b.jpg,images/100k/train/2cf976a2-479cd46b.jpg,train,train,clear,daytime,highway
2cfaa294-5692c025,2cfaa294-5692c025.jpg,images/100k/train/2cfaa294-5692c025.jpg,train,train,rainy,night,highway
2d0bc026-0515f960,2d0bc026-0515f960.jpg,images/100k/train/2d0bc026-0515f960.jpg,train,train,clear,night,city street
2d175864-66526711,2d175864-66526711.jpg,images/100k/train/2d175864-66526711.jpg,train,train,undefined,daytime,city street
2d28fe39-57e4a51f,2d28fe39-57e4a51f.jpg,images/100k/train/2d28fe39-57e4a51f.jpg,train,train,clear,daytime,highway
2d2c4829-3ba90a50,2d2c4829-3ba90a50.jpg,images/100k/train/2d2c4829-3ba90a50.jpg,train,train,rainy,night,residential
2d31065f-de478cdf,2d31065f-de478cdf.jpg,images/100k/train/2d31065f-de478cdf.jpg,train,train,undefined,daytime,city street
2d378761-e8770dfe,2d378761-e8770dfe.jpg,images/100k/train/2d378761-e8770dfe.jpg,train,train,partly cloudy,daytime,highway
2d3c5c52-a9c6f2d3,2d3c5c52-a9c6f2d3.jpg,images/100k/train/2d3c5c52-a9c6f2d3.jpg,train,train,clear,daytime,city street
2d4a6184-1994897a,2d4a6184-1994897a.jpg,images/100k/train/2d4a6184-1994897a.jpg,train,train,clear,night,highway
2d5aa536-541e15a6,2d5aa536-541e15a6.jpg,images/100k/train/2d5aa536-541e15a6.jpg,train,train,clear,daytime,city street
2d76b063-e7e044d8,2d76b063-e7e044d8.jpg,images/100k/train/2d76b063-e7e044d8.jpg,train,train,rainy,night,highway
2d77b000-0af4ef5c,2d77b000-0af4ef5c.jpg,images/100k/train/2d77b000-0af4ef5c.jpg,train,train,overcast,dawn/dusk,city street
2d7b698e-fccf4205,2d7b698e-fccf4205.jpg,images/100k/train/2d7b698e-fccf4205.jpg,train,train,clear,night,city street
2d86b379-e4b17c6f,2d86b379-e4b17c6f.jpg,images/100k/train/2d86b379-e4b17c6f.jpg,train,train,rainy,daytime,residential
2d8ea452-b64971bb,2d8ea452-b64971bb.jpg,images/100k/train/2d8ea452-b64971bb.jpg,train,train,undefined,daytime,highway
2dac521f-a8f1f35a,2dac521f-a8f1f35a.jpg,images/100k/train/2dac521f-a8f1f35a.jpg,train,train,undefined,daytime,city street
2dc13b26-b76ad1e7,2dc13b26-b76ad1e7.jpg,images/100k/train/2dc13b26-b76ad1e7.jpg,train,train,snowy,daytime,city street
2dc4e4d2-986cf43c,2dc4e4d2-986cf43c.jpg,images/100k/train/2dc4e4d2-986cf43c.jpg,train,train,undefined,daytime,city street
2dd8f16f-6080f447,2dd8f16f-6080f447.jpg,images/100k/train/2dd8f16f-6080f447.jpg,train,train,overcast,daytime,city street
2de503e2-f85b1e7a,2de503e2-f85b1e7a.jpg,images/100k/train/2de503e2-f85b1e7a.jpg,train,train,clear,night,city street
2df1f136-92a69045,2df1f136-92a69045.jpg,images/100k/train/2df1f136-92a69045.jpg,train,train,clear,daytime,highway
2e08313c-47316728,2e08313c-47316728.jpg,images/100k/train/2e08313c-47316728.jpg,train,train,snowy,daytime,city street
2e121e83-44eea5ac,2e121e83-44eea5ac.jpg,images/100k/train/2e121e83-44eea5ac.jpg,train,train,clear,daytime,city street
2e1e3eaa-4ec66394,2e1e3eaa-4ec66394.jpg,images/100k/train/2e1e3eaa-4ec66394.jpg,train,train,partly cloudy,daytime,city street
2e27b2af-59106bdf,2e27b2af-59106bdf.jpg,images/100k/train/2e27b2af-59106bdf.jpg,train,train,clear,daytime,city street
2e41eaa9-71fb26bf,2e41eaa9-71fb26bf.jpg,images/100k/train/2e41eaa9-71fb26bf.jpg,train,train,clear,night,city street
2e4af06d-4bf647b7,2e4af06d-4bf647b7.jpg,images/100k/train/2e4af06d-4bf647b7.jpg,train,train,rainy,daytime,city street
2e4af06d-9015106b,2e4af06d-9015106b.jpg,images/100k/train/2e4af06d-9015106b.jpg,train,train,rainy,daytime,city street
2e54b87c-1fe4f360,2e54b87c-1fe4f360.jpg,images/100k/train/2e54b87c-1fe4f360.jpg,train,train,clear,daytime,city street
2e6ab366-0b8b11e0,2e6ab366-0b8b11e0.jpg,images/100k/train/2e6ab366-0b8b11e0.jpg,train,train,rainy,daytime,residential
2e6ab366-c3306534,2e6ab366-c3306534.jpg,images/100k/train/2e6ab366-c3306534.jpg,train,train,rainy,night,city street
2e71f7e9-f86b16e9,2e71f7e9-f86b16e9.jpg,images/100k/train/2e71f7e9-f86b16e9.jpg,train,train,clear,daytime,city street
2e77f4b7-1cece641,2e77f4b7-1cece641.jpg,images/100k/train/2e77f4b7-1cece641.jpg,train,train,snowy,night,city street
2e9f5b16-6ea7c9db,2e9f5b16-6ea7c9db.jpg,images/100k/train/2e9f5b16-6ea7c9db.jpg,train,train,overcast,daytime,highway
2ea46f67-8cae754f,2ea46f67-8cae754f.jpg,images/100k/train/2ea46f67-8cae754f.jpg,train,train,clear,daytime,highway
2ea5df8c-a9500ef2,2ea5df8c-a9500ef2.jpg,images/100k/train/2ea5df8c-a9500ef2.jpg,train,train,rainy,night,city street
2ea72493-76fd421f,2ea72493-76fd421f.jpg,images/100k/train/2ea72493-76fd421f.jpg,train,train,overcast,daytime,city street
2eaca1db-0b8ea56a,2eaca1db-0b8ea56a.jpg,images/100k/train/2eaca1db-0b8ea56a.jpg,train,train,clear,daytime,residential
2ebb5ea3-d2555dda,2ebb5ea3-d2555dda.jpg,images/100k/train/2ebb5ea3-d2555dda.jpg,train,train,clear,night,city street
2ec0aa6c-5ccebcf1,2ec0aa6c-5ccebcf1.jpg,images/100k/train/2ec0aa6c-5ccebcf1.jpg,train,train,clear,daytime,city street
2eecf133-4dbbf962,2eecf133-4dbbf962.jpg,images/100k/train/2eecf133-4dbbf962.jpg,train,train,overcast,daytime,residential
2efa64b8-e7fc3b66,2efa64b8-e7fc3b66.jpg,images/100k/train/2efa64b8-e7fc3b66.jpg,train,train,clear,daytime,city street
2f02d459-19d1999d,2f02d459-19d1999d.jpg,images/100k/train/2f02d459-19d1999d.jpg,train,train,clear,daytime,highway
2f072e48-3a7c9116,2f072e48-3a7c9116.jpg,images/100k/train/2f072e48-3a7c9116.jpg,train,train,clear,night,city street
2f09a530-f1d50cd9,2f09a530-f1d50cd9.jpg,images/100k/train/2f09a530-f1d50cd9.jpg,train,train,partly cloudy,daytime,city street
2f147772-298901d1,2f147772-298901d1.jpg,images/100k/train/2f147772-298901d1.jpg,train,train,snowy,night,city street
2f1c3771-2e2e8fc3,2f1c3771-2e2e8fc3.jpg,images/100k/train/2f1c3771-2e2e8fc3.jpg,train,train,overcast,daytime,highway
2f1f5dd9-4dd1d1d6,2f1f5dd9-4dd1d1d6.jpg,images/100k/train/2f1f5dd9-4dd1d1d6.jpg,train,train,clear,night,city street
2f26b25d-1d0725a6,2f26b25d-1d0725a6.jpg,images/100k/train/2f26b25d-1d0725a6.jpg,train,train,clear,night,city street
2f26b25d-bca5a0f6,2f26b25d-bca5a0f6.jpg,images/100k/train/2f26b25d-bca5a0f6.jpg,train,train,clear,night,city street
2f26b25d-f4eded8f,2f26b25d-f4eded8f.jpg,images/100k/train/2f26b25d-f4eded8f.jpg,train,train,clear,night,city street
2f293b1a-7c6363d0,2f293b1a-7c6363d0.jpg,images/100k/train/2f293b1a-7c6363d0.jpg,train,train,snowy,night,city street
2f36074c-a1dddcc0,2f36074c-a1dddcc0.jpg,images/100k/train/2f36074c-a1dddcc0.jpg,train,train,clear,night,city street
2f40abd5-35eb3ea5,2f40abd5-35eb3ea5.jpg,images/100k/train/2f40abd5-35eb3ea5.jpg,train,train,clear,night,city street
2f45c868-61ee0556,2f45c868-61ee0556.jpg,images/100k/train/2f45c868-61ee0556.jpg,train,train,undefined,daytime,city street
2f4fb244-aadf3693,2f4fb244-aadf3693.jpg,images/100k/train/2f4fb244-aadf3693.jpg,train,train,snowy,daytime,city street
2f5668be-2a598345,2f5668be-2a598345.jpg,images/100k/train/2f5668be-2a598345.jpg,train,train,clear,night,city street
2f64d6b1-5bb06f8a,2f64d6b1-5bb06f8a.jpg,images/100k/train/2f64d6b1-5bb06f8a.jpg,train,train,undefined,daytime,city street
2f71691e-3ab7aad1,2f71691e-3ab7aad1.jpg,images/100k/train/2f71691e-3ab7aad1.jpg,train,train,clear,night,city street
2f71857b-8bfa2264,2f71857b-8bfa2264.jpg,images/100k/train/2f71857b-8bfa2264.jpg,train,train,clear,daytime,highway
2f755d79-8a93679e,2f755d79-8a93679e.jpg,images/100k/train/2f755d79-8a93679e.jpg,train,train,overcast,daytime,highway
2f786301-d959f12e,2f786301-d959f12e.jpg,images/100k/train/2f786301-d959f12e.jpg,train,train,clear,night,city street
2f7bed99-51b78b7f,2f7bed99-51b78b7f.jpg,images/100k/train/2f7bed99-51b78b7f.jpg,train,train,clear,daytime,residential
2f933f2b-3d0af98b,2f933f2b-3d0af98b.jpg,images/100k/train/2f933f2b-3d0af98b.jpg,train,train,clear,night,city street
2f9a2442-ff212c8e,2f9a2442-ff212c8e.jpg,images/100k/train/2f9a2442-ff212c8e.jpg,train,train,clear,night,city street
2fa619b6-4effd428,2fa619b6-4effd428.jpg,images/100k/train/2fa619b6-4effd428.jpg,train,train,partly cloudy,daytime,highway
2fba74dd-dc62035f,2fba74dd-dc62035f.jpg,images/100k/train/2fba74dd-dc62035f.jpg,train,train,undefined,daytime,residential
2fcbca14-6830ece3,2fcbca14-6830ece3.jpg,images/100k/train/2fcbca14-6830ece3.jpg,train,train,clear,night,city street
2fdc2a22-99f36c42,2fdc2a22-99f36c42.jpg,images/100k/train/2fdc2a22-99f36c42.jpg,train,train,clear,night,city street
2fe4d50f-3073ee5d,2fe4d50f-3073ee5d.jpg,images/100k/train/2fe4d50f-3073ee5d.jpg,train,train,clear,night,residential
2fea7e08-77426338,2fea7e08-77426338.jpg,images/100k/train/2fea7e08-77426338.jpg,train,train,undefined,daytime,city street
2ff71d00-8f5416ae,2ff71d00-8f5416ae.jpg,images/100k/train/2ff71d00-8f5416ae.jpg,train,train,clear,night,city street
3006688f-4925f356,3006688f-4925f356.jpg,images/100k/train/3006688f-4925f356.jpg,train,train,clear,daytime,city street
300e816b-55ec9689,300e816b-55ec9689.jpg,images/100k/train/300e816b-55ec9689.jpg,train,train,clear,night,city street
30168ef2-6dfa5eb9,30168ef2-6dfa5eb9.jpg,images/100k/train/30168ef2-6dfa5eb9.jpg,train,train,rainy,night,highway
30296e67-ae3ddde5,30296e67-ae3ddde5.jpg,images/100k/train/30296e67-ae3ddde5.jpg,train,train,snowy,night,city street
3035e9b2-6192652b,3035e9b2-6192652b.jpg,images/100k/train/3035e9b2-6192652b.jpg,train,train,snowy,night,city street
3056395e-b0993a6f,3056395e-b0993a6f.jpg,images/100k/train/3056395e-b0993a6f.jpg,train,train,undefined,daytime,city street
305d81b5-096cdf00,305d81b5-096cdf00.jpg,images/100k/train/305d81b5-096cdf00.jpg,train,train,clear,night,highway
306ae952-b55601ab,306ae952-b55601ab.jpg,images/100k/train/306ae952-b55601ab.jpg,train,train,overcast,daytime,city street
3076f17e-90015aca,3076f17e-90015aca.jpg,images/100k/train/3076f17e-90015aca.jpg,train,train,clear,night,city street
307c97fc-a6282add,307c97fc-a6282add.jpg,images/100k/train/307c97fc-a6282add.jpg,train,train,snowy,night,city street
307ce959-b55ab09a,307ce959-b55ab09a.jpg,images/100k/train/307ce959-b55ab09a.jpg,train,train,partly cloudy,daytime,highway
307db04b-562b6f7d,307db04b-562b6f7d.jpg,images/100k/train/307db04b-562b6f7d.jpg,train,train,snowy,daytime,city street
308dbb84-1b79ff69,308dbb84-1b79ff69.jpg,images/100k/train/308dbb84-1b79ff69.jpg,train,train,clear,night,city street
309e2953-9f4c5f26,309e2953-9f4c5f26.jpg,images/100k/train/309e2953-9f4c5f26.jpg,train,train,clear,night,highway
30ab8f70-fe717d15,30ab8f70-fe717d15.jpg,images/100k/train/30ab8f70-fe717d15.jpg,train,train,clear,daytime,highway
30b207bb-9d7ead9b,30b207bb-9d7ead9b.jpg,images/100k/train/30b207bb-9d7ead9b.jpg,train,train,clear,night,highway
30b28a46-9522f45f,30b28a46-9522f45f.jpg,images/100k/train/30b28a46-9522f45f.jpg,train,train,overcast,daytime,city street
30d3b8f3-37c53384,30d3b8f3-37c53384.jpg,images/100k/train/30d3b8f3-37c53384.jpg,train,train,clear,daytime,highway
30d85926-26d2b42d,30d85926-26d2b42d.jpg,images/100k/train/30d85926-26d2b42d.jpg,train,train,clear,night,city street
30d85926-a6b43f6a,30d85926-a6b43f6a.jpg,images/100k/train/30d85926-a6b43f6a.jpg,train,train,clear,night,city street
30db74a7-c76a577a,30db74a7-c76a577a.jpg,images/100k/train/30db74a7-c76a577a.jpg,train,train,undefined,daytime,city street
30e7b626-c4e4a831,30e7b626-c4e4a831.jpg,images/100k/train/30e7b626-c4e4a831.jpg,train,train,undefined,daytime,city street
30eccea9-7b207ff3,30eccea9-7b207ff3.jpg,images/100k/train/30eccea9-7b207ff3.jpg,train,train,clear,daytime,highway
30ee7e23-51cfbf60,30ee7e23-51cfbf60.jpg,images/100k/train/30ee7e23-51cfbf60.jpg,train,train,snowy,night,city street
31031acd-5b9ca2e0,31031acd-5b9ca2e0.jpg,images/100k/train/31031acd-5b9ca2e0.jpg,train,train,rainy,daytime,city street
3103e438-7e3cb735,3103e438-7e3cb735.jpg,images/100k/train/3103e438-7e3cb735.jpg,train,train,clear,night,city street
310b9601-b06d04b7,310b9601-b06d04b7.jpg,images/100k/train/310b9601-b06d04b7.jpg,train,train,clear,night,city street
3121e224-81cfa1c2,3121e224-81cfa1c2.jpg,images/100k/train/3121e224-81cfa1c2.jpg,train,train,clear,night,city street
312ee734-d46568cb,312ee734-d46568cb.jpg,images/100k/train/312ee734-d46568cb.jpg,train,train,undefined,daytime,city street
313a8774-7b884040,313a8774-7b884040.jpg,images/100k/train/313a8774-7b884040.jpg,train,train,rainy,daytime,city street
313ed93b-30c7dfc1,313ed93b-30c7dfc1.jpg,images/100k/train/313ed93b-30c7dfc1.jpg,train,train,clear,daytime,highway
31496af3-6e97f7e6,31496af3-6e97f7e6.jpg,images/100k/train/31496af3-6e97f7e6.jpg,train,train,rainy,daytime,residential
31626aa1-de2efdf2,31626aa1-de2efdf2.jpg,images/100k/train/31626aa1-de2efdf2.jpg,train,train,overcast,daytime,city street
3167c7cf-68f07810,3167c7cf-68f07810.jpg,images/100k/train/3167c7cf-68f07810.jpg,train,train,clear,daytime,residential
31690fd0-ab024de6,31690fd0-ab024de6.jpg,images/100k/train/31690fd0-ab024de6.jpg,train,train,snowy,daytime,city street
3183dff9-c7ac29b2,3183dff9-c7ac29b2.jpg,images/100k/train/3183dff9-c7ac29b2.jpg,train,train,clear,dawn/dusk,highway
3198a12f-aff85b07,3198a12f-aff85b07.jpg,images/100k/train/3198a12f-aff85b07.jpg,train,train,undefined,daytime,city street
319ef9a4-190a2eac,319ef9a4-190a2eac.jpg,images/100k/train/319ef9a4-190a2eac.jpg,train,train,clear,night,city street
31a40919-834a5712,31a40919-834a5712.jpg,images/100k/train/31a40919-834a5712.jpg,train,train,partly cloudy,daytime,city street
31a83844-88f70bbd,31a83844-88f70bbd.jpg,images/100k/train/31a83844-88f70bbd.jpg,train,train,clear,night,highway
31a9e4c6-e5e59a34,31a9e4c6-e5e59a34.jpg,images/100k/train/31a9e4c6-e5e59a34.jpg,train,train,undefined,daytime,city street
31aa8ad4-2b845421,31aa8ad4-2b845421.jpg,images/100k/train/31aa8ad4-2b845421.jpg,train,train,clear,daytime,city street
31af0dc8-483ceb13,31af0dc8-483ceb13.jpg,images/100k/train/31af0dc8-483ceb13.jpg,train,train,undefined,daytime,city street
31b85909-d616997b,31b85909-d616997b.jpg,images/100k/train/31b85909-d616997b.jpg,train,train,clear,night,city street
31c1fab5-46db4634,31c1fab5-46db4634.jpg,images/100k/train/31c1fab5-46db4634.jpg,train,train,rainy,night,city street
31c1fab5-6df3db44,31c1fab5-6df3db44.jpg,images/100k/train/31c1fab5-6df3db44.jpg,train,train,clear,night,highway
31c82271-9b426b9c,31c82271-9b426b9c.jpg,images/100k/train/31c82271-9b426b9c.jpg,train,train,clear,daytime,city street
31ca7eb9-7c5f0d45,31ca7eb9-7c5f0d45.jpg,images/100k/train/31ca7eb9-7c5f0d45.jpg,train,train,clear,daytime,highway
31cfecb1-ed56167d,31cfecb1-ed56167d.jpg,images/100k/train/31cfecb1-ed56167d.jpg,train,train,rainy,night,highway
31f42605-d26c5d76,31f42605-d26c5d76.jpg,images/100k/train/31f42605-d26c5d76.jpg,train,train,undefined,daytime,city street
31fe96d1-51fa9b67,31fe96d1-51fa9b67.jpg,images/100k/train/31fe96d1-51fa9b67.jpg,train,train,clear,night,city street
32008604-d49bb6f1,32008604-d49bb6f1.jpg,images/100k/train/32008604-d49bb6f1.jpg,train,train,clear,daytime,city street
3224bf75-6e1e7e2e,3224bf75-6e1e7e2e.jpg,images/100k/train/3224bf75-6e1e7e2e.jpg,train,train,rainy,night,city street
3224bf75-8b525d86,3224bf75-8b525d86.jpg,images/100k/train/3224bf75-8b525d86.jpg,train,train,rainy,night,city street
323a3e5f-a70f4d22,323a3e5f-a70f4d22.jpg,images/100k/train/323a3e5f-a70f4d22.jpg,train,train,clear,daytime,residential
323a83a3-f6f415fb,323a83a3-f6f415fb.jpg,images/100k/train/323a83a3-f6f415fb.jpg,train,train,overcast,daytime,city street
324e4ff5-da732552,324e4ff5-da732552.jpg,images/100k/train/324e4ff5-da732552.jpg,train,train,clear,night,highway
325a8deb-80f5fbae,325a8deb-80f5fbae.jpg,images/100k/train/325a8deb-80f5fbae.jpg,train,train,clear,daytime,city street
32654172-8c1f23e8,32654172-8c1f23e8.jpg,images/100k/train/32654172-8c1f23e8.jpg,train,train,undefined,daytime,city street
3278b26f-e4d0f5ba,3278b26f-e4d0f5ba.jpg,images/100k/train/3278b26f-e4d0f5ba.jpg,train,train,clear,daytime,city street
3279d0f9-bda21087,3279d0f9-bda21087.jpg,images/100k/train/3279d0f9-bda21087.jpg,train,train,clear,daytime,residential
3286411b-83d59894,3286411b-83d59894.jpg,images/100k/train/3286411b-83d59894.jpg,train,train,overcast,daytime,city street
3289d7c9-13d3cd92,3289d7c9-13d3cd92.jpg,images/100k/train/3289d7c9-13d3cd92.jpg,train,train,clear,night,highway
328e2c2d-ba670b1f,328e2c2d-ba670b1f.jpg,images/100k/train/328e2c2d-ba670b1f.jpg,train,train,snowy,daytime,city street
32bfe901-240eb9cf,32bfe901-240eb9cf.jpg,images/100k/train/32bfe901-240eb9cf.jpg,train,train,clear,night,city street
32cf0c44-7fe64950,32cf0c44-7fe64950.jpg,images/100k/train/32cf0c44-7fe64950.jpg,train,train,partly cloudy,daytime,highway
32e59504-a989646a,32e59504-a989646a.jpg,images/100k/train/32e59504-a989646a.jpg,train,train,clear,daytime,undefined
32eda2e7-ab8bbc8e,32eda2e7-ab8bbc8e.jpg,images/100k/train/32eda2e7-ab8bbc8e.jpg,train,train,clear,night,city street
32f343ec-a61be95d,32f343ec-a61be95d.jpg,images/100k/train/32f343ec-a61be95d.jpg,train,train,clear,night,city street
3300bea6-108c5e06,3300bea6-108c5e06.jpg,images/100k/train/3300bea6-108c5e06.jpg,train,train,overcast,daytime,city street
330f21c1-786954d7,330f21c1-786954d7.jpg,images/100k/train/330f21c1-786954d7.jpg,train,train,rainy,daytime,city street
33135915-a5699af2,33135915-a5699af2.jpg,images/100k/train/33135915-a5699af2.jpg,train,train,snowy,daytime,city street
33136bce-c9a32f16,33136bce-c9a32f16.jpg,images/100k/train/33136bce-c9a32f16.jpg,train,train,undefined,dawn/dusk,city street
331fbe86-5a575546,331fbe86-5a575546.jpg,images/100k/train/331fbe86-5a575546.jpg,train,train,clear,daytime,city street
3322b390-1cd5a0d8,3322b390-1cd5a0d8.jpg,images/100k/train/3322b390-1cd5a0d8.jpg,train,train,clear,night,city street
332c4c2e-82fef2c6,332c4c2e-82fef2c6.jpg,images/100k/train/332c4c2e-82fef2c6.jpg,train,train,clear,night,highway
3335e32b-d9fab7f9,3335e32b-d9fab7f9.jpg,images/100k/train/3335e32b-d9fab7f9.jpg,train,train,undefined,dawn/dusk,highway
334e0292-69800bc0,334e0292-69800bc0.jpg,images/100k/train/334e0292-69800bc0.jpg,train,train,overcast,daytime,city street
335aabc7-c26c604f,335aabc7-c26c604f.jpg,images/100k/train/335aabc7-c26c604f.jpg,train,train,clear,daytime,highway
335af60a-10be5d85,335af60a-10be5d85.jpg,images/100k/train/335af60a-10be5d85.jpg,train,train,clear,night,city street
339d8e1b-7ab9b1fa,339d8e1b-7ab9b1fa.jpg,images/100k/train/339d8e1b-7ab9b1fa.jpg,train,train,rainy,night,city street
339dc260-af98449a,339dc260-af98449a.jpg,images/100k/train/339dc260-af98449a.jpg,train,train,overcast,daytime,highway
33a6d315-116e0637,33a6d315-116e0637.jpg,images/100k/train/33a6d315-116e0637.jpg,train,train,clear,daytime,highway
33be4e3b-16451053,33be4e3b-16451053.jpg,images/100k/train/33be4e3b-16451053.jpg,train,train,snowy,dawn/dusk,city street
33e80368-9c201036,33e80368-9c201036.jpg,images/100k/train/33e80368-9c201036.jpg,train,train,overcast,daytime,residential
33e8a6e9-948d9fa1,33e8a6e9-948d9fa1.jpg,images/100k/train/33e8a6e9-948d9fa1.jpg,train,train,clear,daytime,highway
33f572c4-bc2b2915,33f572c4-bc2b2915.jpg,images/100k/train/33f572c4-bc2b2915.jpg,train,train,snowy,daytime,city street
33f72460-11ebbcab,33f72460-11ebbcab.jpg,images/100k/train/33f72460-11ebbcab.jpg,train,train,clear,night,city street
33fd1ff0-282a3b05,33fd1ff0-282a3b05.jpg,images/100k/train/33fd1ff0-282a3b05.jpg,train,train,partly cloudy,dawn/dusk,city street
33fde9aa-617618b0,33fde9aa-617618b0.jpg,images/100k/train/33fde9aa-617618b0.jpg,train,train,overcast,daytime,city street
33fe529e-191a2404,33fe529e-191a2404.jpg,images/100k/train/33fe529e-191a2404.jpg,train,train,partly cloudy,daytime,city street
34033bcb-0ae14e40,34033bcb-0ae14e40.jpg,images/100k/train/34033bcb-0ae14e40.jpg,train,train,clear,daytime,city street
3419943d-97757d01,3419943d-97757d01.jpg,images/100k/train/3419943d-97757d01.jpg,train,train,rainy,night,city street
341d17b6-1574fc43,341d17b6-1574fc43.jpg,images/100k/train/341d17b6-1574fc43.jpg,train,train,undefined,daytime,parking lot
341f87ab-8c6bd70e,341f87ab-8c6bd70e.jpg,images/100k/train/341f87ab-8c6bd70e.jpg,train,train,undefined,daytime,city street
342025ec-caf3b49b,342025ec-caf3b49b.jpg,images/100k/train/342025ec-caf3b49b.jpg,train,train,overcast,daytime,residential
342cf91d-e94af5a4,342cf91d-e94af5a4.jpg,images/100k/train/342cf91d-e94af5a4.jpg,train,train,clear,dawn/dusk,city street
34361b86-3f8d01c9,34361b86-3f8d01c9.jpg,images/100k/train/34361b86-3f8d01c9.jpg,train,train,clear,night,city street
34388031-adc0d492,34388031-adc0d492.jpg,images/100k/train/34388031-adc0d492.jpg,train,train,rainy,night,residential
34484b77-df3b7699,34484b77-df3b7699.jpg,images/100k/train/34484b77-df3b7699.jpg,train,train,clear,daytime,highway
344edfb3-544bfcc7,344edfb3-544bfcc7.jpg,images/100k/train/344edfb3-544bfcc7.jpg,train,train,snowy,night,city street
34604285-f362e0e8,34604285-f362e0e8.jpg,images/100k/train/34604285-f362e0e8.jpg,train,train,clear,night,highway
34678402-51d4b40d,34678402-51d4b40d.jpg,images/100k/train/34678402-51d4b40d.jpg,train,train,overcast,daytime,city street
346e09e7-19bd383e,346e09e7-19bd383e.jpg,images/100k/train/346e09e7-19bd383e.jpg,train,train,undefined,night,undefined
3474f776-51342e8f,3474f776-51342e8f.jpg,images/100k/train/3474f776-51342e8f.jpg,train,train,clear,daytime,city street
34789c52-2f04b1d4,34789c52-2f04b1d4.jpg,images/100k/train/34789c52-2f04b1d4.jpg,train,train,clear,night,highway
34811fce-1c9200fe,34811fce-1c9200fe.jpg,images/100k/train/34811fce-1c9200fe.jpg,train,train,clear,night,city street
348c187f-5a4a79bf,348c187f-5a4a79bf.jpg,images/100k/train/348c187f-5a4a79bf.jpg,train,train,snowy,night,city street
3493052b-9b29840b,3493052b-9b29840b.jpg,images/100k/train/3493052b-9b29840b.jpg,train,train,clear,night,highway
34a87a92-786f66ce,34a87a92-786f66ce.jpg,images/100k/train/34a87a92-786f66ce.jpg,train,train,rainy,night,city street
34b55e78-3417c352,34b55e78-3417c352.jpg,images/100k/train/34b55e78-3417c352.jpg,train,train,overcast,daytime,city street
34efb108-f3aa66ad,34efb108-f3aa66ad.jpg,images/100k/train/34efb108-f3aa66ad.jpg,train,train,overcast,daytime,residential
34f38cb1-0e60ab4e,34f38cb1-0e60ab4e.jpg,images/100k/train/34f38cb1-0e60ab4e.jpg,train,train,clear,night,highway
34f408a6-a4b18fe7,34f408a6-a4b18fe7.jpg,images/100k/train/34f408a6-a4b18fe7.jpg,train,train,clear,night,city street
35094043-fb553e4d,35094043-fb553e4d.jpg,images/100k/train/35094043-fb553e4d.jpg,train,train,clear,night,city street
350a6d60-bf099d7d,350a6d60-bf099d7d.jpg,images/100k/train/350a6d60-bf099d7d.jpg,train,train,overcast,daytime,city street
350c0705-96f771ff,350c0705-96f771ff.jpg,images/100k/train/350c0705-96f771ff.jpg,train,train,clear,night,city street
35134402-5d1ea917,35134402-5d1ea917.jpg,images/100k/train/35134402-5d1ea917.jpg,train,train,clear,night,parking lot
351a71bc-cced681f,351a71bc-cced681f.jpg,images/100k/train/351a71bc-cced681f.jpg,train,train,clear,night,highway
351f2089-ed98c5f2,351f2089-ed98c5f2.jpg,images/100k/train/351f2089-ed98c5f2.jpg,train,train,clear,night,city street
352521d6-c1a4f80b,352521d6-c1a4f80b.jpg,images/100k/train/352521d6-c1a4f80b.jpg,train,train,undefined,daytime,residential
35355e23-586152be,35355e23-586152be.jpg,images/100k/train/35355e23-586152be.jpg,train,train,snowy,daytime,highway
353da6e3-a6e72ecf,353da6e3-a6e72ecf.jpg,images/100k/train/353da6e3-a6e72ecf.jpg,train,train,partly cloudy,daytime,highway
353ef67a-2862a0f3,353ef67a-2862a0f3.jpg,images/100k/train/353ef67a-2862a0f3.jpg,train,train,clear,night,city street
3573fab6-93ded3ca,3573fab6-93ded3ca.jpg,images/100k/train/3573fab6-93ded3ca.jpg,train,train,clear,dawn/dusk,highway
35747025-f15d6422,35747025-f15d6422.jpg,images/100k/train/35747025-f15d6422.jpg,train,train,clear,night,city street
3584e2a1-a2975190,3584e2a1-a2975190.jpg,images/100k/train/3584e2a1-a2975190.jpg,train,train,undefined,daytime,city street
358597e2-0e807010,358597e2-0e807010.jpg,images/100k/train/358597e2-0e807010.jpg,train,train,overcast,daytime,city street
35af3da5-3a060282,35af3da5-3a060282.jpg,images/100k/train/35af3da5-3a060282.jpg,train,train,overcast,daytime,highway
35b01804-acb826d5,35b01804-acb826d5.jpg,images/100k/train/35b01804-acb826d5.jpg,train,train,clear,daytime,residential
35b5c7db-b4279769,35b5c7db-b4279769.jpg,images/100k/train/35b5c7db-b4279769.jpg,train,train,snowy,daytime,highway
35be1429-4ab03975,35be1429-4ab03975.jpg,images/100k/train/35be1429-4ab03975.jpg,train,train,clear,daytime,residential
35be44c0-e6712573,35be44c0-e6712573.jpg,images/100k/train/35be44c0-e6712573.jpg,train,train,clear,daytime,city street
35c15d8e-a1129995,35c15d8e-a1129995.jpg,images/100k/train/35c15d8e-a1129995.jpg,train,train,snowy,daytime,city street
35c56fff-8b00aa3e,35c56fff-8b00aa3e.jpg,images/100k/train/35c56fff-8b00aa3e.jpg,train,train,clear,daytime,city street
35d7bd69-4f982a6e,35d7bd69-4f982a6e.jpg,images/100k/train/35d7bd69-4f982a6e.jpg,train,train,overcast,daytime,highway
35ea699f-c7f8fe6d,35ea699f-c7f8fe6d.jpg,images/100k/train/35ea699f-c7f8fe6d.jpg,train,train,clear,night,city street
35f3fd3d-b9de801b,35f3fd3d-b9de801b.jpg,images/100k/train/35f3fd3d-b9de801b.jpg,train,train,snowy,night,city street
36088757-f3e70b1d,36088757-f3e70b1d.jpg,images/100k/train/36088757-f3e70b1d.jpg,train,train,clear,night,city street
3608d2b8-6992ee6e,3608d2b8-6992ee6e.jpg,images/100k/train/3608d2b8-6992ee6e.jpg,train,train,clear,night,highway
360beb18-91a85fe6,360beb18-91a85fe6.jpg,images/100k/train/360beb18-91a85fe6.jpg,train,train,clear,night,residential
3612de65-3119dab2,3612de65-3119dab2.jpg,images/100k/train/3612de65-3119dab2.jpg,train,train,clear,daytime,residential
3625ddb0-381fbd98,3625ddb0-381fbd98.jpg,images/100k/train/3625ddb0-381fbd98.jpg,train,train,undefined,night,city street
36263df4-d49f42cd,36263df4-d49f42cd.jpg,images/100k/train/36263df4-d49f42cd.jpg,train,train,clear,dawn/dusk,highway
362eb08f-15dcfaf7,362eb08f-15dcfaf7.jpg,images/100k/train/362eb08f-15dcfaf7.jpg,train,train,undefined,daytime,city street
363e4be9-fd195787,363e4be9-fd195787.jpg,images/100k/train/363e4be9-fd195787.jpg,train,train,clear,night,city street
363f70b0-2ca79e78,363f70b0-2ca79e78.jpg,images/100k/train/363f70b0-2ca79e78.jpg,train,train,clear,daytime,residential
3643641b-4d825efc,3643641b-4d825efc.jpg,images/100k/train/3643641b-4d825efc.jpg,train,train,clear,daytime,residential
36471c38-3f33c78b,36471c38-3f33c78b.jpg,images/100k/train/36471c38-3f33c78b.jpg,train,train,clear,daytime,city street
36551151-8db1ecb6,36551151-8db1ecb6.jpg,images/100k/train/36551151-8db1ecb6.jpg,train,train,undefined,daytime,city street
3656dbd3-0e7e2221,3656dbd3-0e7e2221.jpg,images/100k/train/3656dbd3-0e7e2221.jpg,train,train,clear,night,highway
365f48a8-d111c8ef,365f48a8-d111c8ef.jpg,images/100k/train/365f48a8-d111c8ef.jpg,train,train,clear,night,city street
36749925-2d8f3245,36749925-2d8f3245.jpg,images/100k/train/36749925-2d8f3245.jpg,train,train,clear,night,highway
36749925-47efec05,36749925-47efec05.jpg,images/100k/train/36749925-47efec05.jpg,train,train,clear,night,city street
3683bf2e-09c276a5,3683bf2e-09c276a5.jpg,images/100k/train/3683bf2e-09c276a5.jpg,train,train,partly cloudy,daytime,highway
36a3ac83-13d56486,36a3ac83-13d56486.jpg,images/100k/train/36a3ac83-13d56486.jpg,train,train,partly cloudy,daytime,city street
36a7cad4-656411b7,36a7cad4-656411b7.jpg,images/100k/train/36a7cad4-656411b7.jpg,train,train,clear,daytime,highway
36abbd15-20750e25,36abbd15-20750e25.jpg,images/100k/train/36abbd15-20750e25.jpg,train,train,snowy,night,highway
36b05006-c518f142,36b05006-c518f142.jpg,images/100k/train/36b05006-c518f142.jpg,train,train,partly cloudy,daytime,city street
36bd1a29-ee4e19fc,36bd1a29-ee4e19fc.jpg,images/100k/train/36bd1a29-ee4e19fc.jpg,train,train,clear,night,highway
36be166a-91fc034a,36be166a-91fc034a.jpg,images/100k/train/36be166a-91fc034a.jpg,train,train,overcast,daytime,residential
36c0f89b-97a60f9e,36c0f89b-97a60f9e.jpg,images/100k/train/36c0f89b-97a60f9e.jpg,train,train,partly cloudy,daytime,city street
36da4059-751d850f,36da4059-751d850f.jpg,images/100k/train/36da4059-751d850f.jpg,train,train,partly cloudy,daytime,city street
36e47798-8b3da272,36e47798-8b3da272.jpg,images/100k/train/36e47798-8b3da272.jpg,train,train,clear,daytime,city street
36f29dc3-544e6557,36f29dc3-544e6557.jpg,images/100k/train/36f29dc3-544e6557.jpg,train,train,clear,daytime,city street
36fc9211-f5f2ac71,36fc9211-f5f2ac71.jpg,images/100k/train/36fc9211-f5f2ac71.jpg,train,train,clear,daytime,highway
37134d3f-5fe53171,37134d3f-5fe53171.jpg,images/100k/train/37134d3f-5fe53171.jpg,train,train,snowy,night,city street
3720ea14-27e93e1d,3720ea14-27e93e1d.jpg,images/100k/train/3720ea14-27e93e1d.jpg,train,train,clear,night,city street
372dd07a-0ff00fbc,372dd07a-0ff00fbc.jpg,images/100k/train/372dd07a-0ff00fbc.jpg,train,train,partly cloudy,daytime,residential
3735fc3d-69d8b80c,3735fc3d-69d8b80c.jpg,images/100k/train/3735fc3d-69d8b80c.jpg,train,train,clear,daytime,highway
373e20c8-82cb9d82,373e20c8-82cb9d82.jpg,images/100k/train/373e20c8-82cb9d82.jpg,train,train,clear,daytime,residential
374fe8b5-03127c4a,374fe8b5-03127c4a.jpg,images/100k/train/374fe8b5-03127c4a.jpg,train,train,clear,night,city street
374fe8b5-46928374,374fe8b5-46928374.jpg,images/100k/train/374fe8b5-46928374.jpg,train,train,clear,night,city street
374fe8b5-5dd91da0,374fe8b5-5dd91da0.jpg,images/100k/train/374fe8b5-5dd91da0.jpg,train,train,snowy,night,residential
37574715-ceab455c,37574715-ceab455c.jpg,images/100k/train/37574715-ceab455c.jpg,train,train,clear,night,highway
375d0b68-81b7752a,375d0b68-81b7752a.jpg,images/100k/train/375d0b68-81b7752a.jpg,train,train,undefined,daytime,city street
376f4ad2-23ddb506,376f4ad2-23ddb506.jpg,images/100k/train/376f4ad2-23ddb506.jpg,train,train,clear,night,highway
376f4ad2-c843713c,376f4ad2-c843713c.jpg,images/100k/train/376f4ad2-c843713c.jpg,train,train,clear,night,residential
37723e55-650d272a,37723e55-650d272a.jpg,images/100k/train/37723e55-650d272a.jpg,train,train,clear,daytime,city street
377333f6-5a9c89e9,377333f6-5a9c89e9.jpg,images/100k/train/377333f6-5a9c89e9.jpg,train,train,rainy,daytime,residential
377d682a-f3b433da,377d682a-f3b433da.jpg,images/100k/train/377d682a-f3b433da.jpg,train,train,clear,night,city street
377e4615-cd3b6faa,377e4615-cd3b6faa.jpg,images/100k/train/377e4615-cd3b6faa.jpg,train,train,clear,night,city street
3780d38e-0779cb5b,3780d38e-0779cb5b.jpg,images/100k/train/3780d38e-0779cb5b.jpg,train,train,partly cloudy,daytime,city street
37862182-2397088d,37862182-2397088d.jpg,images/100k/train/37862182-2397088d.jpg,train,train,clear,dawn/dusk,residential
379114d4-1ad2cb34,379114d4-1ad2cb34.jpg,images/100k/train/379114d4-1ad2cb34.jpg,train,train,clear,night,city street
37947409-566299fe,37947409-566299fe.jpg,images/100k/train/37947409-566299fe.jpg,train,train,clear,night,highway
37af0bb7-45e1835c,37af0bb7-45e1835c.jpg,images/100k/train/37af0bb7-45e1835c.jpg,train,train,clear,daytime,highway
37af6424-0e9ac280,37af6424-0e9ac280.jpg,images/100k/train/37af6424-0e9ac280.jpg,train,train,overcast,dawn/dusk,highway
37ba2ada-a1fe635c,37ba2ada-a1fe635c.jpg,images/100k/train/37ba2ada-a1fe635c.jpg,train,train,clear,daytime,residential
37bc264a-d2c89623,37bc264a-d2c89623.jpg,images/100k/train/37bc264a-d2c89623.jpg,train,train,partly cloudy,daytime,highway
37cbd622-d006056f,37cbd622-d006056f.jpg,images/100k/train/37cbd622-d006056f.jpg,train,train,clear,night,city street
37cbd622-df3b01d7,37cbd622-df3b01d7.jpg,images/100k/train/37cbd622-df3b01d7.jpg,train,train,clear,night,city street
37cc5c1b-88bf69d6,37cc5c1b-88bf69d6.jpg,images/100k/train/37cc5c1b-88bf69d6.jpg,train,train,undefined,daytime,city street
37d449a3-4c293ba9,37d449a3-4c293ba9.jpg,images/100k/train/37d449a3-4c293ba9.jpg,train,train,clear,night,highway
37dde2dd-73e2c95e,37dde2dd-73e2c95e.jpg,images/100k/train/37dde2dd-73e2c95e.jpg,train,train,rainy,daytime,city street
37eac3cc-56848d4c,37eac3cc-56848d4c.jpg,images/100k/train/37eac3cc-56848d4c.jpg,train,train,clear,night,city street
37f64b1f-f9b09835,37f64b1f-f9b09835.jpg,images/100k/train/37f64b1f-f9b09835.jpg,train,train,overcast,daytime,residential
38260cf9-418cb93d,38260cf9-418cb93d.jpg,images/100k/train/38260cf9-418cb93d.jpg,train,train,overcast,daytime,city street
382b0c2b-474cd884,382b0c2b-474cd884.jpg,images/100k/train/382b0c2b-474cd884.jpg,train,train,clear,daytime,city street
383aa5ac-c7603c6f,383aa5ac-c7603c6f.jpg,images/100k/train/383aa5ac-c7603c6f.jpg,train,train,clear,daytime,city street
383ce718-4eb0b271,383ce718-4eb0b271.jpg,images/100k/train/383ce718-4eb0b271.jpg,train,train,clear,night,highway
383ce718-9ff0b06e,383ce718-9ff0b06e.jpg,images/100k/train/383ce718-9ff0b06e.jpg,train,train,clear,night,city street
38435b28-90e78fd2,38435b28-90e78fd2.jpg,images/100k/train/38435b28-90e78fd2.jpg,train,train,undefined,daytime,city street
384a1e3b-8afb607a,384a1e3b-8afb607a.jpg,images/100k/train/384a1e3b-8afb607a.jpg,train,train,partly cloudy,dawn/dusk,highway
384b318e-582b4d80,384b318e-582b4d80.jpg,images/100k/train/384b318e-582b4d80.jpg,train,train,clear,daytime,city street
384da29e-f1334813,384da29e-f1334813.jpg,images/100k/train/384da29e-f1334813.jpg,train,train,clear,night,city street
385d8be7-46b33ec9,385d8be7-46b33ec9.jpg,images/100k/train/385d8be7-46b33ec9.jpg,train,train,overcast,daytime,city street
3864037a-91410eb5,3864037a-91410eb5.jpg,images/100k/train/3864037a-91410eb5.jpg,train,train,clear,night,city street
386b6868-0288b012,386b6868-0288b012.jpg,images/100k/train/386b6868-0288b012.jpg,train,train,clear,daytime,city street
388ca843-fb3ffade,388ca843-fb3ffade.jpg,images/100k/train/388ca843-fb3ffade.jpg,train,train,clear,daytime,highway
38b86071-258154cd,38b86071-258154cd.jpg,images/100k/train/38b86071-258154cd.jpg,train,train,clear,night,residential
38bdc47c-22f75c60,38bdc47c-22f75c60.jpg,images/100k/train/38bdc47c-22f75c60.jpg,train,train,clear,night,city street
38e20f1a-a26f333c,38e20f1a-a26f333c.jpg,images/100k/train/38e20f1a-a26f333c.jpg,train,train,overcast,dawn/dusk,city street
38e561dd-7bc457f2,38e561dd-7bc457f2.jpg,images/100k/train/38e561dd-7bc457f2.jpg,train,train,overcast,daytime,city street
38f254be-4d3ae58e,38f254be-4d3ae58e.jpg,images/100k/train/38f254be-4d3ae58e.jpg,train,train,rainy,daytime,highway
38f372d3-6eda6e83,38f372d3-6eda6e83.jpg,images/100k/train/38f372d3-6eda6e83.jpg,train,train,snowy,night,city street
38f8c2d4-803078a5,38f8c2d4-803078a5.jpg,images/100k/train/38f8c2d4-803078a5.jpg,train,train,undefined,daytime,residential
3900906d-83161048,3900906d-83161048.jpg,images/100k/train/3900906d-83161048.jpg,train,train,clear,daytime,city street
390b64ea-b5987472,390b64ea-b5987472.jpg,images/100k/train/390b64ea-b5987472.jpg,train,train,clear,night,city street
390e0b76-c64cd1fc,390e0b76-c64cd1fc.jpg,images/100k/train/390e0b76-c64cd1fc.jpg,train,train,partly cloudy,daytime,parking lot
390ed13d-6dea54c1,390ed13d-6dea54c1.jpg,images/100k/train/390ed13d-6dea54c1.jpg,train,train,partly cloudy,daytime,city street
3924f539-a72e312e,3924f539-a72e312e.jpg,images/100k/train/3924f539-a72e312e.jpg,train,train,undefined,daytime,city street
3927fe20-e96329f5,3927fe20-e96329f5.jpg,images/100k/train/3927fe20-e96329f5.jpg,train,train,clear,night,city street
392f7b95-ebb4cbb9,392f7b95-ebb4cbb9.jpg,images/100k/train/392f7b95-ebb4cbb9.jpg,train,train,overcast,daytime,city street
3944a38a-95acbe26,3944a38a-95acbe26.jpg,images/100k/train/3944a38a-95acbe26.jpg,train,train,clear,daytime,city street
3946ad3b-77fe9804,3946ad3b-77fe9804.jpg,images/100k/train/3946ad3b-77fe9804.jpg,train,train,overcast,dawn/dusk,city street
394c10f6-9cb7da13,394c10f6-9cb7da13.jpg,images/100k/train/394c10f6-9cb7da13.jpg,train,train,clear,night,city street
394f30a6-669e295c,394f30a6-669e295c.jpg,images/100k/train/394f30a6-669e295c.jpg,train,train,overcast,daytime,city street
39558894-1224dbdf,39558894-1224dbdf.jpg,images/100k/train/39558894-1224dbdf.jpg,train,train,rainy,night,residential
395a8334-2034d992,395a8334-2034d992.jpg,images/100k/train/395a8334-2034d992.jpg,train,train,undefined,daytime,city street
3967bc84-7e641e9d,3967bc84-7e641e9d.jpg,images/100k/train/3967bc84-7e641e9d.jpg,train,train,clear,daytime,city street
39753897-3496567d,39753897-3496567d.jpg,images/100k/train/39753897-3496567d.jpg,train,train,partly cloudy,daytime,highway
3979fced-907f36f5,3979fced-907f36f5.jpg,images/100k/train/3979fced-907f36f5.jpg,train,train,clear,daytime,city street
39834da7-cf9fcd85,39834da7-cf9fcd85.jpg,images/100k/train/39834da7-cf9fcd85.jpg,train,train,clear,night,city street
399324f0-20d26648,399324f0-20d26648.jpg,images/100k/train/399324f0-20d26648.jpg,train,train,partly cloudy,daytime,residential
3996400c-e367deb4,3996400c-e367deb4.jpg,images/100k/train/3996400c-e367deb4.jpg,train,train,clear,night,city street
39975819-348b6294,39975819-348b6294.jpg,images/100k/train/39975819-348b6294.jpg,train,train,clear,daytime,city street
39a6c527-a58d844f,39a6c527-a58d844f.jpg,images/100k/train/39a6c527-a58d844f.jpg,train,train,clear,night,city street
39b144b7-7a4d5182,39b144b7-7a4d5182.jpg,images/100k/train/39b144b7-7a4d5182.jpg,train,train,snowy,night,highway
39eb7a29-21946e77,39eb7a29-21946e77.jpg,images/100k/train/39eb7a29-21946e77.jpg,train,train,clear,night,residential
39fe2b17-4b7e2188,39fe2b17-4b7e2188.jpg,images/100k/train/39fe2b17-4b7e2188.jpg,train,train,snowy,night,city street
3a072213-88687b51,3a072213-88687b51.jpg,images/100k/train/3a072213-88687b51.jpg,train,train,snowy,daytime,city street
3a183e4c-7a2ade2f,3a183e4c-7a2ade2f.jpg,images/100k/train/3a183e4c-7a2ade2f.jpg,train,train,clear,night,city street
3a201dcb-84e1eca7,3a201dcb-84e1eca7.jpg,images/100k/train/3a201dcb-84e1eca7.jpg,train,train,clear,night,city street
3a209be1-3d2242e8,3a209be1-3d2242e8.jpg,images/100k/train/3a209be1-3d2242e8.jpg,train,train,clear,daytime,city street
3a21170d-ff54c360,3a21170d-ff54c360.jpg,images/100k/train/3a21170d-ff54c360.jpg,train,train,clear,night,city street
3a3e9c96-cf79c697,3a3e9c96-cf79c697.jpg,images/100k/train/3a3e9c96-cf79c697.jpg,train,train,clear,night,city street
3a613957-895df66f,3a613957-895df66f.jpg,images/100k/train/3a613957-895df66f.jpg,train,train,clear,daytime,residential
3a786a22-a3fcf0a9,3a786a22-a3fcf0a9.jpg,images/100k/train/3a786a22-a3fcf0a9.jpg,train,train,undefined,dawn/dusk,city street
3a7bdbfb-f7a9719f,3a7bdbfb-f7a9719f.jpg,images/100k/train/3a7bdbfb-f7a9719f.jpg,train,train,clear,night,highway
3a7ccba7-cf9980d4,3a7ccba7-cf9980d4.jpg,images/100k/train/3a7ccba7-cf9980d4.jpg,train,train,clear,night,city street
3a868bb9-6761d953,3a868bb9-6761d953.jpg,images/100k/train/3a868bb9-6761d953.jpg,train,train,snowy,night,residential
3a9fd603-d872c8da,3a9fd603-d872c8da.jpg,images/100k/train/3a9fd603-d872c8da.jpg,train,train,clear,daytime,highway
3aa00677-7b4227dd,3aa00677-7b4227dd.jpg,images/100k/train/3aa00677-7b4227dd.jpg,train,train,rainy,night,highway
3aa4de96-67b6b1a2,3aa4de96-67b6b1a2.jpg,images/100k/train/3aa4de96-67b6b1a2.jpg,train,train,clear,night,highway
3aa5c8ad-a7b5de07,3aa5c8ad-a7b5de07.jpg,images/100k/train/3aa5c8ad-a7b5de07.jpg,train,train,clear,daytime,parking lot
3aa99514-9219d130,3aa99514-9219d130.jpg,images/100k/train/3aa99514-9219d130.jpg,train,train,clear,night,city street
3aafb329-013c1c00,3aafb329-013c1c00.jpg,images/100k/train/3aafb329-013c1c00.jpg,train,train,clear,night,city street
3ab23f34-71986afc,3ab23f34-71986afc.jpg,images/100k/train/3ab23f34-71986afc.jpg,train,train,snowy,daytime,city street
3ab828fb-d55d7e66,3ab828fb-d55d7e66.jpg,images/100k/train/3ab828fb-d55d7e66.jpg,train,train,clear,daytime,residential
3ace9111-e335d485,3ace9111-e335d485.jpg,images/100k/train/3ace9111-e335d485.jpg,train,train,clear,daytime,city street
3acf5f29-3ea3655a,3acf5f29-3ea3655a.jpg,images/100k/train/3acf5f29-3ea3655a.jpg,train,train,clear,night,city street
3ad705aa-630f1458,3ad705aa-630f1458.jpg,images/100k/train/3ad705aa-630f1458.jpg,train,train,clear,night,city street
3ae75769-78482ba3,3ae75769-78482ba3.jpg,images/100k/train/3ae75769-78482ba3.jpg,train,train,rainy,night,city street
3aea635f-b6e4c2b3,3aea635f-b6e4c2b3.jpg,images/100k/train/3aea635f-b6e4c2b3.jpg,train,train,undefined,daytime,highway
3aed4a89-8e4d5a3c,3aed4a89-8e4d5a3c.jpg,images/100k/train/3aed4a89-8e4d5a3c.jpg,train,train,partly cloudy,dawn/dusk,city street
3aef249a-cbf9fc38,3aef249a-cbf9fc38.jpg,images/100k/train/3aef249a-cbf9fc38.jpg,train,train,partly cloudy,daytime,city street
3af7fd4d-862bae2f,3af7fd4d-862bae2f.jpg,images/100k/train/3af7fd4d-862bae2f.jpg,train,train,clear,night,city street
3b0310ea-ecb9ec46,3b0310ea-ecb9ec46.jpg,images/100k/train/3b0310ea-ecb9ec46.jpg,train,train,clear,night,highway
3b048843-2b28098d,3b048843-2b28098d.jpg,images/100k/train/3b048843-2b28098d.jpg,train,train,overcast,night,city street
3b0df1a7-a6a6a1fe,3b0df1a7-a6a6a1fe.jpg,images/100k/train/3b0df1a7-a6a6a1fe.jpg,train,train,clear,night,city street
3b13916c-fad5a102,3b13916c-fad5a102.jpg,images/100k/train/3b13916c-fad5a102.jpg,train,train,clear,daytime,city street
3b2003bd-0e4c7f0c,3b2003bd-0e4c7f0c.jpg,images/100k/train/3b2003bd-0e4c7f0c.jpg,train,train,clear,night,city street
3b27c49f-c8573cc6,3b27c49f-c8573cc6.jpg,images/100k/train/3b27c49f-c8573cc6.jpg,train,train,clear,daytime,residential
3b2b886f-23686206,3b2b886f-23686206.jpg,images/100k/train/3b2b886f-23686206.jpg,train,train,clear,night,city street
3b340157-16a84020,3b340157-16a84020.jpg,images/100k/train/3b340157-16a84020.jpg,train,train,undefined,daytime,city street
3b57d694-c46727dd,3b57d694-c46727dd.jpg,images/100k/train/3b57d694-c46727dd.jpg,train,train,partly cloudy,daytime,highway
3b598471-00b70a6d,3b598471-00b70a6d.jpg,images/100k/train/3b598471-00b70a6d.jpg,train,train,clear,night,city street
3b6b3e98-f2cd385d,3b6b3e98-f2cd385d.jpg,images/100k/train/3b6b3e98-f2cd385d.jpg,train,train,overcast,daytime,residential
3b6b51ce-d1e5991f,3b6b51ce-d1e5991f.jpg,images/100k/train/3b6b51ce-d1e5991f.jpg,train,train,clear,night,city street
3b6ecbd7-f11a3c29,3b6ecbd7-f11a3c29.jpg,images/100k/train/3b6ecbd7-f11a3c29.jpg,train,train,clear,night,city street
3b7cba8a-77805e94,3b7cba8a-77805e94.jpg,images/100k/train/3b7cba8a-77805e94.jpg,train,train,overcast,daytime,highway
3b961abf-b790a7c2,3b961abf-b790a7c2.jpg,images/100k/train/3b961abf-b790a7c2.jpg,train,train,partly cloudy,daytime,highway
3b963de3-3c095142,3b963de3-3c095142.jpg,images/100k/train/3b963de3-3c095142.jpg,train,train,overcast,daytime,city street
3bac279a-886706b7,3bac279a-886706b7.jpg,images/100k/train/3bac279a-886706b7.jpg,train,train,undefined,daytime,city street
3bad9f24-5788293a,3bad9f24-5788293a.jpg,images/100k/train/3bad9f24-5788293a.jpg,train,train,clear,night,city street
3bb8b608-89e359b9,3bb8b608-89e359b9.jpg,images/100k/train/3bb8b608-89e359b9.jpg,train,train,clear,daytime,highway
3bc50055-d60adf99,3bc50055-d60adf99.jpg,images/100k/train/3bc50055-d60adf99.jpg,train,train,undefined,daytime,city street
3bc9c8b7-6bbf0315,3bc9c8b7-6bbf0315.jpg,images/100k/train/3bc9c8b7-6bbf0315.jpg,train,train,undefined,daytime,tunnel
3bcaaad2-11915b0a,3bcaaad2-11915b0a.jpg,images/100k/train/3bcaaad2-11915b0a.jpg,train,train,overcast,daytime,city street
3bce0a5f-6b0c3495,3bce0a5f-6b0c3495.jpg,images/100k/train/3bce0a5f-6b0c3495.jpg,train,train,clear,night,highway
3bd57e84-7ba3b7b5,3bd57e84-7ba3b7b5.jpg,images/100k/train/3bd57e84-7ba3b7b5.jpg,train,train,clear,night,highway
3bd97add-f814a6ea,3bd97add-f814a6ea.jpg,images/100k/train/3bd97add-f814a6ea.jpg,train,train,rainy,daytime,city street
3bff5b40-973fb4ed,3bff5b40-973fb4ed.jpg,images/100k/train/3bff5b40-973fb4ed.jpg,train,train,undefined,daytime,residential
3c03b99f-b53b5b23,3c03b99f-b53b5b23.jpg,images/100k/train/3c03b99f-b53b5b23.jpg,train,train,partly cloudy,daytime,residential
3c0a8eb6-9bff9ac2,3c0a8eb6-9bff9ac2.jpg,images/100k/train/3c0a8eb6-9bff9ac2.jpg,train,train,clear,night,city street
3c21d08e-e7ef3706,3c21d08e-e7ef3706.jpg,images/100k/train/3c21d08e-e7ef3706.jpg,train,train,clear,night,city street
3c3f0a35-42357719,3c3f0a35-42357719.jpg,images/100k/train/3c3f0a35-42357719.jpg,train,train,clear,night,city street
3c5752b6-9c0bdf98,3c5752b6-9c0bdf98.jpg,images/100k/train/3c5752b6-9c0bdf98.jpg,train,train,clear,daytime,highway
3c610203-27c03f09,3c610203-27c03f09.jpg,images/100k/train/3c610203-27c03f09.jpg,train,train,clear,daytime,residential
3c610203-5716cc34,3c610203-5716cc34.jpg,images/100k/train/3c610203-5716cc34.jpg,train,train,overcast,daytime,residential
3c643bba-8cb48ec8,3c643bba-8cb48ec8.jpg,images/100k/train/3c643bba-8cb48ec8.jpg,train,train,snowy,night,city street
3c702b7b-9efd858e,3c702b7b-9efd858e.jpg,images/100k/train/3c702b7b-9efd858e.jpg,train,train,undefined,daytime,residential
3c7dc711-9b5e36dd,3c7dc711-9b5e36dd.jpg,images/100k/train/3c7dc711-9b5e36dd.jpg,train,train,clear,night,city street
3c7f58a3-d6f47433,3c7f58a3-d6f47433.jpg,images/100k/train/3c7f58a3-d6f47433.jpg,train,train,clear,night,city street
3c80c092-f46582ff,3c80c092-f46582ff.jpg,images/100k/train/3c80c092-f46582ff.jpg,train,train,clear,night,highway
3c902778-6bd3f140,3c902778-6bd3f140.jpg,images/100k/train/3c902778-6bd3f140.jpg,train,train,clear,daytime,highway
3ca16c7f-318ee6cc,3ca16c7f-318ee6cc.jpg,images/100k/train/3ca16c7f-318ee6cc.jpg,train,train,clear,daytime,city street
3caadfbf-2b752dbc,3caadfbf-2b752dbc.jpg,images/100k/train/3caadfbf-2b752dbc.jpg,train,train,overcast,daytime,city street
3cdacf82-f252c0ba,3cdacf82-f252c0ba.jpg,images/100k/train/3cdacf82-f252c0ba.jpg,train,train,undefined,daytime,residential
3cdb0bcc-14ec3f7f,3cdb0bcc-14ec3f7f.jpg,images/100k/train/3cdb0bcc-14ec3f7f.jpg,train,train,clear,night,city street
3ce41f6a-96670809,3ce41f6a-96670809.jpg,images/100k/train/3ce41f6a-96670809.jpg,train,train,snowy,night,city street
3cfdf1e3-f9e91931,3cfdf1e3-f9e91931.jpg,images/100k/train/3cfdf1e3-f9e91931.jpg,train,train,undefined,undefined,undefined
3d0c33a7-7ddccccf,3d0c33a7-7ddccccf.jpg,images/100k/train/3d0c33a7-7ddccccf.jpg,train,train,clear,night,city street
3d0c33a7-b2371240,3d0c33a7-b2371240.jpg,images/100k/train/3d0c33a7-b2371240.jpg,train,train,clear,night,city street
3d15596d-83ebf732,3d15596d-83ebf732.jpg,images/100k/train/3d15596d-83ebf732.jpg,train,train,clear,night,highway
3d156350-38cc1e60,3d156350-38cc1e60.jpg,images/100k/train/3d156350-38cc1e60.jpg,train,train,clear,night,city street
3d1d46a0-f2e38067,3d1d46a0-f2e38067.jpg,images/100k/train/3d1d46a0-f2e38067.jpg,train,train,overcast,daytime,city street
3d411c3d-f60622fa,3d411c3d-f60622fa.jpg,images/100k/train/3d411c3d-f60622fa.jpg,train,train,rainy,daytime,city street
3d44346f-c962f2f1,3d44346f-c962f2f1.jpg,images/100k/train/3d44346f-c962f2f1.jpg,train,train,clear,night,city street
3d46ebc7-08ac2c4e,3d46ebc7-08ac2c4e.jpg,images/100k/train/3d46ebc7-08ac2c4e.jpg,train,train,clear,daytime,residential
3d46ebc7-734b4921,3d46ebc7-734b4921.jpg,images/100k/train/3d46ebc7-734b4921.jpg,train,train,clear,daytime,city street
3d5da8ad-c8dc9011,3d5da8ad-c8dc9011.jpg,images/100k/train/3d5da8ad-c8dc9011.jpg,train,train,overcast,daytime,city street
3d631a17-172b2b6c,3d631a17-172b2b6c.jpg,images/100k/train/3d631a17-172b2b6c.jpg,train,train,undefined,daytime,city street
3d793123-5f94de15,3d793123-5f94de15.jpg,images/100k/train/3d793123-5f94de15.jpg,train,train,rainy,night,city street
3d7bcb0f-68bf0f42,3d7bcb0f-68bf0f42.jpg,images/100k/train/3d7bcb0f-68bf0f42.jpg,train,train,rainy,daytime,residential
3d91326a-535c40a5,3d91326a-535c40a5.jpg,images/100k/train/3d91326a-535c40a5.jpg,train,train,undefined,daytime,city street
3d9b1c8e-aed05f87,3d9b1c8e-aed05f87.jpg,images/100k/train/3d9b1c8e-aed05f87.jpg,train,train,clear,night,city street
3dbb34fc-c8d8b556,3dbb34fc-c8d8b556.jpg,images/100k/train/3dbb34fc-c8d8b556.jpg,train,train,overcast,daytime,highway
3dbba701-943ecd2a,3dbba701-943ecd2a.jpg,images/100k/train/3dbba701-943ecd2a.jpg,train,train,clear,night,city street
3dc152f1-94c2970e,3dc152f1-94c2970e.jpg,images/100k/train/3dc152f1-94c2970e.jpg,train,train,clear,night,city street
3dc80755-01e55aa7,3dc80755-01e55aa7.jpg,images/100k/train/3dc80755-01e55aa7.jpg,train,train,undefined,daytime,city street
3dce0f54-2bae8494,3dce0f54-2bae8494.jpg,images/100k/train/3dce0f54-2bae8494.jpg,train,train,clear,daytime,highway
3de54b97-b474a082,3de54b97-b474a082.jpg,images/100k/train/3de54b97-b474a082.jpg,train,train,snowy,daytime,city street
3e074d91-6e36466a,3e074d91-6e36466a.jpg,images/100k/train/3e074d91-6e36466a.jpg,train,train,undefined,daytime,city street
3e0f1745-670fdc20,3e0f1745-670fdc20.jpg,images/100k/train/3e0f1745-670fdc20.jpg,train,train,snowy,daytime,city street
3e1caa69-c08b0830,3e1caa69-c08b0830.jpg,images/100k/train/3e1caa69-c08b0830.jpg,train,train,clear,night,highway
3e3490bc-cec14e15,3e3490bc-cec14e15.jpg,images/100k/train/3e3490bc-cec14e15.jpg,train,train,clear,night,highway
3e3b28d6-adc11800,3e3b28d6-adc11800.jpg,images/100k/train/3e3b28d6-adc11800.jpg,train,train,clear,night,city street
3e3ce3f0-eeac67a0,3e3ce3f0-eeac67a0.jpg,images/100k/train/3e3ce3f0-eeac67a0.jpg,train,train,clear,night,city street
3e43d1b6-27c1a4cb,3e43d1b6-27c1a4cb.jpg,images/100k/train/3e43d1b6-27c1a4cb.jpg,train,train,rainy,daytime,city street
3e5bac47-a359eb6b,3e5bac47-a359eb6b.jpg,images/100k/train/3e5bac47-a359eb6b.jpg,train,train,overcast,daytime,residential
3e65e36b-f09194d8,3e65e36b-f09194d8.jpg,images/100k/train/3e65e36b-f09194d8.jpg,train,train,clear,night,city street
3e6941dc-d4126ae4,3e6941dc-d4126ae4.jpg,images/100k/train/3e6941dc-d4126ae4.jpg,train,train,clear,night,city street
3e9639ec-b659bd0f,3e9639ec-b659bd0f.jpg,images/100k/train/3e9639ec-b659bd0f.jpg,train,train,overcast,daytime,highway
3e9e2d92-6563157c,3e9e2d92-6563157c.jpg,images/100k/train/3e9e2d92-6563157c.jpg,train,train,rainy,dawn/dusk,city street
3ea2c056-1c2881cb,3ea2c056-1c2881cb.jpg,images/100k/train/3ea2c056-1c2881cb.jpg,train,train,partly cloudy,daytime,city street
3ead04cb-079c7c26,3ead04cb-079c7c26.jpg,images/100k/train/3ead04cb-079c7c26.jpg,train,train,clear,daytime,residential
3eadfdbe-ae25ef1e,3eadfdbe-ae25ef1e.jpg,images/100k/train/3eadfdbe-ae25ef1e.jpg,train,train,clear,daytime,city street
3ebd9464-59565e86,3ebd9464-59565e86.jpg,images/100k/train/3ebd9464-59565e86.jpg,train,train,partly cloudy,daytime,city street
3ebef51a-b9569dc6,3ebef51a-b9569dc6.jpg,images/100k/train/3ebef51a-b9569dc6.jpg,train,train,clear,daytime,highway
3ec28154-5a3013a9,3ec28154-5a3013a9.jpg,images/100k/train/3ec28154-5a3013a9.jpg,train,train,snowy,night,highway
3ed3fca5-9f43014e,3ed3fca5-9f43014e.jpg,images/100k/train/3ed3fca5-9f43014e.jpg,train,train,undefined,daytime,highway
3ee35c0d-8287b2d8,3ee35c0d-8287b2d8.jpg,images/100k/train/3ee35c0d-8287b2d8.jpg,train,train,clear,night,highway
3ee763a0-4892b9b5,3ee763a0-4892b9b5.jpg,images/100k/train/3ee763a0-4892b9b5.jpg,train,train,clear,daytime,city street
3eec0a14-c3072591,3eec0a14-c3072591.jpg,images/100k/train/3eec0a14-c3072591.jpg,train,train,clear,night,city street
3eef0f31-9d3217e8,3eef0f31-9d3217e8.jpg,images/100k/train/3eef0f31-9d3217e8.jpg,train,train,partly cloudy,daytime,city street
3eef0f31-ec5a87fe,3eef0f31-ec5a87fe.jpg,images/100k/train/3eef0f31-ec5a87fe.jpg,train,train,undefined,daytime,city street
3ef7bb72-c81fe6f7,3ef7bb72-c81fe6f7.jpg,images/100k/train/3ef7bb72-c81fe6f7.jpg,train,train,clear,daytime,city street
3eff5b91-48c115bc,3eff5b91-48c115bc.jpg,images/100k/train/3eff5b91-48c115bc.jpg,train,train,clear,night,highway
3effff65-3e41dddb,3effff65-3e41dddb.jpg,images/100k/train/3effff65-3e41dddb.jpg,train,train,partly cloudy,daytime,highway
3f0735e8-7ef54849,3f0735e8-7ef54849.jpg,images/100k/train/3f0735e8-7ef54849.jpg,train,train,clear,night,highway
3f0e123f-84c2cd12,3f0e123f-84c2cd12.jpg,images/100k/train/3f0e123f-84c2cd12.jpg,train,train,clear,night,city street
3f1d2270-e2f69f1c,3f1d2270-e2f69f1c.jpg,images/100k/train/3f1d2270-e2f69f1c.jpg,train,train,undefined,daytime,residential
3f23e436-fe696433,3f23e436-fe696433.jpg,images/100k/train/3f23e436-fe696433.jpg,train,train,clear,dawn/dusk,city street
3f27fd71-adc1df20,3f27fd71-adc1df20.jpg,images/100k/train/3f27fd71-adc1df20.jpg,train,train,partly cloudy,daytime,highway
3f291ac3-1b3789c6,3f291ac3-1b3789c6.jpg,images/100k/train/3f291ac3-1b3789c6.jpg,train,train,clear,daytime,residential
3f3a389d-00b0c924,3f3a389d-00b0c924.jpg,images/100k/train/3f3a389d-00b0c924.jpg,train,train,overcast,daytime,city street
3f3c5d03-2401c8a9,3f3c5d03-2401c8a9.jpg,images/100k/train/3f3c5d03-2401c8a9.jpg,train,train,overcast,daytime,highway
3f42dbd8-8735b598,3f42dbd8-8735b598.jpg,images/100k/train/3f42dbd8-8735b598.jpg,train,train,rainy,daytime,residential
3f470289-6d96a970,3f470289-6d96a970.jpg,images/100k/train/3f470289-6d96a970.jpg,train,train,undefined,daytime,undefined
3f4eb6a6-9eee52f9,3f4eb6a6-9eee52f9.jpg,images/100k/train/3f4eb6a6-9eee52f9.jpg,train,train,clear,daytime,highway
3f536d06-163b98e3,3f536d06-163b98e3.jpg,images/100k/train/3f536d06-163b98e3.jpg,train,train,clear,night,city street
3f56363a-77971bd1,3f56363a-77971bd1.jpg,images/100k/train/3f56363a-77971bd1.jpg,train,train,clear,daytime,city street
3f6beb06-dd6c3cef,3f6beb06-dd6c3cef.jpg,images/100k/train/3f6beb06-dd6c3cef.jpg,train,train,rainy,daytime,city street
3f79cdaa-e2a5f699,3f79cdaa-e2a5f699.jpg,images/100k/train/3f79cdaa-e2a5f699.jpg,train,train,clear,daytime,city street
3f7ee13f-c8d31c29,3f7ee13f-c8d31c29.jpg,images/100k/train/3f7ee13f-c8d31c29.jpg,train,train,undefined,daytime,city street
3fa2fae3-0fdabf27,3fa2fae3-0fdabf27.jpg,images/100k/train/3fa2fae3-0fdabf27.jpg,train,train,clear,dawn/dusk,city street
3fb5dd12-b63b23c9,3fb5dd12-b63b23c9.jpg,images/100k/train/3fb5dd12-b63b23c9.jpg,train,train,clear,daytime,city street
3fb6052b-9da63df9,3fb6052b-9da63df9.jpg,images/100k/train/3fb6052b-9da63df9.jpg,train,train,clear,night,city street
3fc26539-df1dd729,3fc26539-df1dd729.jpg,images/100k/train/3fc26539-df1dd729.jpg,train,train,clear,night,highway
3fc6dc81-79f79901,3fc6dc81-79f79901.jpg,images/100k/train/3fc6dc81-79f79901.jpg,train,train,clear,night,highway
3fdc64cb-690f63e3,3fdc64cb-690f63e3.jpg,images/100k/train/3fdc64cb-690f63e3.jpg,train,train,undefined,daytime,city street
3fdda304-c57487b7,3fdda304-c57487b7.jpg,images/100k/train/3fdda304-c57487b7.jpg,train,train,clear,daytime,city street
3fe16368-4bf50303,3fe16368-4bf50303.jpg,images/100k/train/3fe16368-4bf50303.jpg,train,train,overcast,daytime,city street
3febc9d1-61b72c5f,3febc9d1-61b72c5f.jpg,images/100k/train/3febc9d1-61b72c5f.jpg,train,train,clear,daytime,city street
3febc9d1-b8324152,3febc9d1-b8324152.jpg,images/100k/train/3febc9d1-b8324152.jpg,train,train,clear,daytime,city street
3feca4e0-680efa46,3feca4e0-680efa46.jpg,images/100k/train/3feca4e0-680efa46.jpg,train,train,undefined,daytime,residential
40180d7b-bf64de26,40180d7b-bf64de26.jpg,images/100k/train/40180d7b-bf64de26.jpg,train,train,overcast,daytime,highway
40180d7b-e4e84456,40180d7b-e4e84456.jpg,images/100k/train/40180d7b-e4e84456.jpg,train,train,clear,night,city street
401dd0c8-55a7178c,401dd0c8-55a7178c.jpg,images/100k/train/401dd0c8-55a7178c.jpg,train,train,overcast,daytime,city street
401f88ca-d94c332e,401f88ca-d94c332e.jpg,images/100k/train/401f88ca-d94c332e.jpg,train,train,overcast,daytime,city street
404cbb4a-c2627c6c,404cbb4a-c2627c6c.jpg,images/100k/train/404cbb4a-c2627c6c.jpg,train,train,clear,daytime,city street
404f9cf6-dc0c409c,404f9cf6-dc0c409c.jpg,images/100k/train/404f9cf6-dc0c409c.jpg,train,train,clear,night,city street
4075c629-974ffc61,4075c629-974ffc61.jpg,images/100k/train/4075c629-974ffc61.jpg,train,train,rainy,night,highway
407bfd52-1fb5639c,407bfd52-1fb5639c.jpg,images/100k/train/407bfd52-1fb5639c.jpg,train,train,clear,night,city street
4084beab-26650811,4084beab-26650811.jpg,images/100k/train/4084beab-26650811.jpg,train,train,overcast,dawn/dusk,city street
4091aca5-3a5f3718,4091aca5-3a5f3718.jpg,images/100k/train/4091aca5-3a5f3718.jpg,train,train,clear,night,city street
40946a51-c52f402d,40946a51-c52f402d.jpg,images/100k/train/40946a51-c52f402d.jpg,train,train,overcast,daytime,city street
40a0c432-24590707,40a0c432-24590707.jpg,images/100k/train/40a0c432-24590707.jpg,train,train,clear,night,city street
40ad8b96-470a1a2c,40ad8b96-470a1a2c.jpg,images/100k/train/40ad8b96-470a1a2c.jpg,train,train,clear,night,highway
40b3f9eb-dfe2b2e8,40b3f9eb-dfe2b2e8.jpg,images/100k/train/40b3f9eb-dfe2b2e8.jpg,train,train,clear,daytime,city street
40c206d3-13f6f22c,40c206d3-13f6f22c.jpg,images/100k/train/40c206d3-13f6f22c.jpg,train,train,clear,daytime,residential
40cba656-e43ac9f9,40cba656-e43ac9f9.jpg,images/100k/train/40cba656-e43ac9f9.jpg,train,train,partly cloudy,daytime,highway
40cc2058-768f2e21,40cc2058-768f2e21.jpg,images/100k/train/40cc2058-768f2e21.jpg,train,train,snowy,daytime,city street
40e99626-3141eb98,40e99626-3141eb98.jpg,images/100k/train/40e99626-3141eb98.jpg,train,train,overcast,daytime,city street
40eb896b-a400b81f,40eb896b-a400b81f.jpg,images/100k/train/40eb896b-a400b81f.jpg,train,train,overcast,dawn/dusk,highway
40ee0792-d444ff63,40ee0792-d444ff63.jpg,images/100k/train/40ee0792-d444ff63.jpg,train,train,overcast,daytime,highway
411d00f9-1c88c898,411d00f9-1c88c898.jpg,images/100k/train/411d00f9-1c88c898.jpg,train,train,rainy,night,highway
412c958c-8b651606,412c958c-8b651606.jpg,images/100k/train/412c958c-8b651606.jpg,train,train,clear,dawn/dusk,parking lot
4135eca0-583f6210,4135eca0-583f6210.jpg,images/100k/train/4135eca0-583f6210.jpg,train,train,clear,daytime,city street
4147a3b6-4bd00753,4147a3b6-4bd00753.jpg,images/100k/train/4147a3b6-4bd00753.jpg,train,train,overcast,daytime,city street
414a1519-98202762,414a1519-98202762.jpg,images/100k/train/414a1519-98202762.jpg,train,train,clear,night,city street
414b18d6-5ba4ad87,414b18d6-5ba4ad87.jpg,images/100k/train/414b18d6-5ba4ad87.jpg,train,train,overcast,dawn/dusk,city street
415abfb6-91780b65,415abfb6-91780b65.jpg,images/100k/train/415abfb6-91780b65.jpg,train,train,snowy,daytime,city street
4170bc88-800e3676,4170bc88-800e3676.jpg,images/100k/train/4170bc88-800e3676.jpg,train,train,snowy,night,city street
4170f5e5-9b11385b,4170f5e5-9b11385b.jpg,images/100k/train/4170f5e5-9b11385b.jpg,train,train,undefined,night,undefined
417417e3-635458ee,417417e3-635458ee.jpg,images/100k/train/417417e3-635458ee.jpg,train,train,clear,night,city street
41875081-19565a7e,41875081-19565a7e.jpg,images/100k/train/41875081-19565a7e.jpg,train,train,clear,night,residential
41ab28a6-5dfe7951,41ab28a6-5dfe7951.jpg,images/100k/train/41ab28a6-5dfe7951.jpg,train,train,overcast,daytime,city street
41c7db68-25f5b0e6,41c7db68-25f5b0e6.jpg,images/100k/train/41c7db68-25f5b0e6.jpg,train,train,overcast,night,city street
41c9bc37-439ff834,41c9bc37-439ff834.jpg,images/100k/train/41c9bc37-439ff834.jpg,train,train,partly cloudy,daytime,residential
41de76bc-0b1c602e,41de76bc-0b1c602e.jpg,images/100k/train/41de76bc-0b1c602e.jpg,train,train,clear,night,city street
41de76bc-6bd30128,41de76bc-6bd30128.jpg,images/100k/train/41de76bc-6bd30128.jpg,train,train,clear,night,city street
41de76bc-9cec11f0,41de76bc-9cec11f0.jpg,images/100k/train/41de76bc-9cec11f0.jpg,train,train,clear,night,highway
41decd0f-0a4200eb,41decd0f-0a4200eb.jpg,images/100k/train/41decd0f-0a4200eb.jpg,train,train,overcast,daytime,highway
42003990-e4ec7e0f,42003990-e4ec7e0f.jpg,images/100k/train/42003990-e4ec7e0f.jpg,train,train,undefined,daytime,city street
420933eb-0e0e5636,420933eb-0e0e5636.jpg,images/100k/train/420933eb-0e0e5636.jpg,train,train,clear,dawn/dusk,residential
42120cf5-2424fcbd,42120cf5-2424fcbd.jpg,images/100k/train/42120cf5-2424fcbd.jpg,train,train,rainy,daytime,city street
4223fdc0-26fa3f58,4223fdc0-26fa3f58.jpg,images/100k/train/4223fdc0-26fa3f58.jpg,train,train,undefined,daytime,city street
425111c0-010d1daf,425111c0-010d1daf.jpg,images/100k/train/425111c0-010d1daf.jpg,train,train,overcast,daytime,highway
42526f17-560f3ae5,42526f17-560f3ae5.jpg,images/100k/train/42526f17-560f3ae5.jpg,train,train,clear,night,city street
42534b14-0bd885d2,42534b14-0bd885d2.jpg,images/100k/train/42534b14-0bd885d2.jpg,train,train,overcast,dawn/dusk,residential
426bdf73-dfd8a867,426bdf73-dfd8a867.jpg,images/100k/train/426bdf73-dfd8a867.jpg,train,train,clear,night,city street
426e9cc6-43341f02,426e9cc6-43341f02.jpg,images/100k/train/426e9cc6-43341f02.jpg,train,train,rainy,daytime,city street
426f3d6f-518818d5,426f3d6f-518818d5.jpg,images/100k/train/426f3d6f-518818d5.jpg,train,train,clear,night,highway
426f3d6f-588249fe,426f3d6f-588249fe.jpg,images/100k/train/426f3d6f-588249fe.jpg,train,train,rainy,night,highway
4275ea9b-b95d46d8,4275ea9b-b95d46d8.jpg,images/100k/train/4275ea9b-b95d46d8.jpg,train,train,clear,night,residential
427f542f-08183277,427f542f-08183277.jpg,images/100k/train/427f542f-08183277.jpg,train,train,clear,night,highway
428357e0-26b84afe,428357e0-26b84afe.jpg,images/100k/train/428357e0-26b84afe.jpg,train,train,clear,night,highway
428f2b79-40cab628,428f2b79-40cab628.jpg,images/100k/train/428f2b79-40cab628.jpg,train,train,clear,night,city street
428f2b79-f2209431,428f2b79-f2209431.jpg,images/100k/train/428f2b79-f2209431.jpg,train,train,clear,night,city street
4295a49c-fefb3e9e,4295a49c-fefb3e9e.jpg,images/100k/train/4295a49c-fefb3e9e.jpg,train,train,clear,dawn/dusk,highway
42997873-aae1135a,42997873-aae1135a.jpg,images/100k/train/42997873-aae1135a.jpg,train,train,clear,night,city street
42a11cca-49b1e8dd,42a11cca-49b1e8dd.jpg,images/100k/train/42a11cca-49b1e8dd.jpg,train,train,partly cloudy,dawn/dusk,city street
42c7230c-ae9f1cb1,42c7230c-ae9f1cb1.jpg,images/100k/train/42c7230c-ae9f1cb1.jpg,train,train,clear,night,city street
42d197eb-04f6f37f,42d197eb-04f6f37f.jpg,images/100k/train/42d197eb-04f6f37f.jpg,train,train,clear,night,city street
42d20505-d6d3f56c,42d20505-d6d3f56c.jpg,images/100k/train/42d20505-d6d3f56c.jpg,train,train,snowy,night,residential
42d65045-c52ea8d6,42d65045-c52ea8d6.jpg,images/100k/train/42d65045-c52ea8d6.jpg,train,train,overcast,dawn/dusk,highway
42d92476-69b4c505,42d92476-69b4c505.jpg,images/100k/train/42d92476-69b4c505.jpg,train,train,partly cloudy,daytime,highway
42dfc064-c30855b6,42dfc064-c30855b6.jpg,images/100k/train/42dfc064-c30855b6.jpg,train,train,clear,daytime,residential
42e09c21-d7c78082,42e09c21-d7c78082.jpg,images/100k/train/42e09c21-d7c78082.jpg,train,train,snowy,night,city street
42e2191f-d2de6d7d,42e2191f-d2de6d7d.jpg,images/100k/train/42e2191f-d2de6d7d.jpg,train,train,clear,night,city street
42ee7ade-7cb9fecc,42ee7ade-7cb9fecc.jpg,images/100k/train/42ee7ade-7cb9fecc.jpg,train,train,clear,daytime,city street
42f17eef-27116e44,42f17eef-27116e44.jpg,images/100k/train/42f17eef-27116e44.jpg,train,train,clear,daytime,city street
42f83662-1bc2a009,42f83662-1bc2a009.jpg,images/100k/train/42f83662-1bc2a009.jpg,train,train,overcast,daytime,city street
42fa850a-3d127dbf,42fa850a-3d127dbf.jpg,images/100k/train/42fa850a-3d127dbf.jpg,train,train,partly cloudy,daytime,residential
42fa850a-735ea8dd,42fa850a-735ea8dd.jpg,images/100k/train/42fa850a-735ea8dd.jpg,train,train,undefined,daytime,residential
430395d1-dfc2b09d,430395d1-dfc2b09d.jpg,images/100k/train/430395d1-dfc2b09d.jpg,train,train,clear,daytime,highway
4331550a-9e23e129,4331550a-9e23e129.jpg,images/100k/train/4331550a-9e23e129.jpg,train,train,rainy,night,highway
43407e86-c2dd1c39,43407e86-c2dd1c39.jpg,images/100k/train/43407e86-c2dd1c39.jpg,train,train,overcast,daytime,city street
434d6930-6ae7eef1,434d6930-6ae7eef1.jpg,images/100k/train/434d6930-6ae7eef1.jpg,train,train,clear,daytime,highway
436baf51-e10fc348,436baf51-e10fc348.jpg,images/100k/train/436baf51-e10fc348.jpg,train,train,clear,night,city street
4376fba5-6456f040,4376fba5-6456f040.jpg,images/100k/train/4376fba5-6456f040.jpg,train,train,clear,night,city street
437cc367-9c33339a,437cc367-9c33339a.jpg,images/100k/train/437cc367-9c33339a.jpg,train,train,clear,night,city street
4397e315-f91392f4,4397e315-f91392f4.jpg,images/100k/train/4397e315-f91392f4.jpg,train,train,clear,night,residential
439b2e81-4256e928,439b2e81-4256e928.jpg,images/100k/train/439b2e81-4256e928.jpg,train,train,undefined,daytime,city street
439b2e81-72143d9b,439b2e81-72143d9b.jpg,images/100k/train/439b2e81-72143d9b.jpg,train,train,clear,night,city street
439b2e81-85161328,439b2e81-85161328.jpg,images/100k/train/439b2e81-85161328.jpg,train,train,undefined,daytime,highway
43a1d794-3ad4402b,43a1d794-3ad4402b.jpg,images/100k/train/43a1d794-3ad4402b.jpg,train,train,clear,daytime,highway
43aaced3-4fbe5d45,43aaced3-4fbe5d45.jpg,images/100k/train/43aaced3-4fbe5d45.jpg,train,train,clear,night,highway
43ad7c44-76f801ce,43ad7c44-76f801ce.jpg,images/100k/train/43ad7c44-76f801ce.jpg,train,train,clear,daytime,highway
43bb86a6-8d0effe7,43bb86a6-8d0effe7.jpg,images/100k/train/43bb86a6-8d0effe7.jpg,train,train,clear,dawn/dusk,highway
43d51ab7-b7734a1c,43d51ab7-b7734a1c.jpg,images/100k/train/43d51ab7-b7734a1c.jpg,train,train,clear,night,city street
43d5267f-59c572e4,43d5267f-59c572e4.jpg,images/100k/train/43d5267f-59c572e4.jpg,train,train,clear,dawn/dusk,highway
43d65cac-16fa5bfe,43d65cac-16fa5bfe.jpg,images/100k/train/43d65cac-16fa5bfe.jpg,train,train,clear,night,city street
43d65cac-5671c3b0,43d65cac-5671c3b0.jpg,images/100k/train/43d65cac-5671c3b0.jpg,train,train,clear,night,city street
43d65cac-633acf9d,43d65cac-633acf9d.jpg,images/100k/train/43d65cac-633acf9d.jpg,train,train,clear,night,city street
43d65cac-8ef56a93,43d65cac-8ef56a93.jpg,images/100k/train/43d65cac-8ef56a93.jpg,train,train,snowy,night,city street
43ec9b0f-3c69778e,43ec9b0f-3c69778e.jpg,images/100k/train/43ec9b0f-3c69778e.jpg,train,train,clear,night,highway
43f575cb-8b3adfdf,43f575cb-8b3adfdf.jpg,images/100k/train/43f575cb-8b3adfdf.jpg,train,train,clear,daytime,city street
440a481c-dc4fe99e,440a481c-dc4fe99e.jpg,images/100k/train/440a481c-dc4fe99e.jpg,train,train,clear,dawn/dusk,highway
44191a9e-454dc2bf,44191a9e-454dc2bf.jpg,images/100k/train/44191a9e-454dc2bf.jpg,train,train,clear,daytime,city street
443d8487-3fe0a388,443d8487-3fe0a388.jpg,images/100k/train/443d8487-3fe0a388.jpg,train,train,snowy,daytime,city street
4453639e-caaff704,4453639e-caaff704.jpg,images/100k/train/4453639e-caaff704.jpg,train,train,clear,daytime,highway
445a7dcb-1d3c0a40,445a7dcb-1d3c0a40.jpg,images/100k/train/445a7dcb-1d3c0a40.jpg,train,train,clear,daytime,city street
4464c852-7bbb6e3c,4464c852-7bbb6e3c.jpg,images/100k/train/4464c852-7bbb6e3c.jpg,train,train,rainy,daytime,city street
447cece6-c8fef186,447cece6-c8fef186.jpg,images/100k/train/447cece6-c8fef186.jpg,train,train,clear,night,city street
44800caa-6e49531a,44800caa-6e49531a.jpg,images/100k/train/44800caa-6e49531a.jpg,train,train,clear,night,city street
4483a299-2d53810a,4483a299-2d53810a.jpg,images/100k/train/4483a299-2d53810a.jpg,train,train,overcast,daytime,highway
44912fa2-80d12f41,44912fa2-80d12f41.jpg,images/100k/train/44912fa2-80d12f41.jpg,train,train,partly cloudy,daytime,highway
4494459a-1fb64bd1,4494459a-1fb64bd1.jpg,images/100k/train/4494459a-1fb64bd1.jpg,train,train,undefined,dawn/dusk,city street
44a85c2f-780914b1,44a85c2f-780914b1.jpg,images/100k/train/44a85c2f-780914b1.jpg,train,train,partly cloudy,daytime,city street
44add207-033c979a,44add207-033c979a.jpg,images/100k/train/44add207-033c979a.jpg,train,train,clear,daytime,city street
44bd086d-4206355c,44bd086d-4206355c.jpg,images/100k/train/44bd086d-4206355c.jpg,train,train,clear,night,highway
44bd8dc6-4e6a72ae,44bd8dc6-4e6a72ae.jpg,images/100k/train/44bd8dc6-4e6a72ae.jpg,train,train,rainy,daytime,city street
44e0d5e3-29f07458,44e0d5e3-29f07458.jpg,images/100k/train/44e0d5e3-29f07458.jpg,train,train,overcast,dawn/dusk,highway
44e16170-3cd6ac03,44e16170-3cd6ac03.jpg,images/100k/train/44e16170-3cd6ac03.jpg,train,train,undefined,night,undefined
44f53552-6c44a250,44f53552-6c44a250.jpg,images/100k/train/44f53552-6c44a250.jpg,train,train,clear,night,city street
44f5e7a5-61f73b59,44f5e7a5-61f73b59.jpg,images/100k/train/44f5e7a5-61f73b59.jpg,train,train,clear,daytime,city street
44fe187e-b4fd91dd,44fe187e-b4fd91dd.jpg,images/100k/train/44fe187e-b4fd91dd.jpg,train,train,clear,night,highway
450377af-97132b79,450377af-97132b79.jpg,images/100k/train/450377af-97132b79.jpg,train,train,clear,daytime,city street
450436b3-9992fb47,450436b3-9992fb47.jpg,images/100k/train/450436b3-9992fb47.jpg,train,train,clear,night,residential
450436b3-9af7d101,450436b3-9af7d101.jpg,images/100k/train/450436b3-9af7d101.jpg,train,train,clear,night,city street
45077408-17250878,45077408-17250878.jpg,images/100k/train/45077408-17250878.jpg,train,train,clear,night,highway
451bbf45-432aee76,451bbf45-432aee76.jpg,images/100k/train/451bbf45-432aee76.jpg,train,train,clear,daytime,city street
451d365e-3a162356,451d365e-3a162356.jpg,images/100k/train/451d365e-3a162356.jpg,train,train,snowy,daytime,highway
451eea2c-74708e76,451eea2c-74708e76.jpg,images/100k/train/451eea2c-74708e76.jpg,train,train,clear,night,city street
45230a51-9e1eb7e8,45230a51-9e1eb7e8.jpg,images/100k/train/45230a51-9e1eb7e8.jpg,train,train,snowy,daytime,highway
453569ca-49948b65,453569ca-49948b65.jpg,images/100k/train/453569ca-49948b65.jpg,train,train,clear,night,highway
4542ed72-d4bf2a8a,4542ed72-d4bf2a8a.jpg,images/100k/train/4542ed72-d4bf2a8a.jpg,train,train,clear,night,undefined
455590b6-d0dcfceb,455590b6-d0dcfceb.jpg,images/100k/train/455590b6-d0dcfceb.jpg,train,train,snowy,daytime,city street
45750769-67be163b,45750769-67be163b.jpg,images/100k/train/45750769-67be163b.jpg,train,train,snowy,daytime,city street
457c527a-7d0eee24,457c527a-7d0eee24.jpg,images/100k/train/457c527a-7d0eee24.jpg,train,train,clear,daytime,highway
4581b7e0-199a10f1,4581b7e0-199a10f1.jpg,images/100k/train/4581b7e0-199a10f1.jpg,train,train,snowy,night,residential
45911ec1-969cf2c1,45911ec1-969cf2c1.jpg,images/100k/train/45911ec1-969cf2c1.jpg,train,train,overcast,dawn/dusk,city street
4594a1ec-e5cacc23,4594a1ec-e5cacc23.jpg,images/100k/train/4594a1ec-e5cacc23.jpg,train,train,overcast,daytime,city street
45962159-400d6b4c,45962159-400d6b4c.jpg,images/100k/train/45962159-400d6b4c.jpg,train,train,clear,night,residential
45962159-4ca77ed5,45962159-4ca77ed5.jpg,images/100k/train/45962159-4ca77ed5.jpg,train,train,undefined,daytime,city street
459c7be4-5317a105,459c7be4-5317a105.jpg,images/100k/train/459c7be4-5317a105.jpg,train,train,clear,night,city street
45a8a226-ef278fae,45a8a226-ef278fae.jpg,images/100k/train/45a8a226-ef278fae.jpg,train,train,clear,night,residential
45abce86-6752462a,45abce86-6752462a.jpg,images/100k/train/45abce86-6752462a.jpg,train,train,clear,night,highway
45bb362b-67c0fc81,45bb362b-67c0fc81.jpg,images/100k/train/45bb362b-67c0fc81.jpg,train,train,snowy,night,city street
45c120dc-9b1e5601,45c120dc-9b1e5601.jpg,images/100k/train/45c120dc-9b1e5601.jpg,train,train,clear,night,city street
45c1de9a-27e88f0f,45c1de9a-27e88f0f.jpg,images/100k/train/45c1de9a-27e88f0f.jpg,train,train,clear,daytime,city street
45c238d8-082de7d3,45c238d8-082de7d3.jpg,images/100k/train/45c238d8-082de7d3.jpg,train,train,undefined,daytime,residential
45c34ebc-636fcd1e,45c34ebc-636fcd1e.jpg,images/100k/train/45c34ebc-636fcd1e.jpg,train,train,overcast,daytime,city street
45e9ed46-2141ae5e,45e9ed46-2141ae5e.jpg,images/100k/train/45e9ed46-2141ae5e.jpg,train,train,rainy,night,city street
45fdab5c-c63b1361,45fdab5c-c63b1361.jpg,images/100k/train/45fdab5c-c63b1361.jpg,train,train,clear,night,highway
46218dc2-b4313d0b,46218dc2-b4313d0b.jpg,images/100k/train/46218dc2-b4313d0b.jpg,train,train,clear,night,city street
462b3bd4-00b7e422,462b3bd4-00b7e422.jpg,images/100k/train/462b3bd4-00b7e422.jpg,train,train,clear,night,city street
463b0054-a0196f0e,463b0054-a0196f0e.jpg,images/100k/train/463b0054-a0196f0e.jpg,train,train,overcast,daytime,city street
464b7780-76791e6d,464b7780-76791e6d.jpg,images/100k/train/464b7780-76791e6d.jpg,train,train,overcast,daytime,residential
464c6f0d-ab9a7eea,464c6f0d-ab9a7eea.jpg,images/100k/train/464c6f0d-ab9a7eea.jpg,train,train,clear,night,city street
466dcc6e-4104e6c3,466dcc6e-4104e6c3.jpg,images/100k/train/466dcc6e-4104e6c3.jpg,train,train,clear,night,highway
4672aff0-9a2a95ab,4672aff0-9a2a95ab.jpg,images/100k/train/4672aff0-9a2a95ab.jpg,train,train,undefined,daytime,city street
467523fc-90338769,467523fc-90338769.jpg,images/100k/train/467523fc-90338769.jpg,train,train,clear,night,city street
4678bf81-8537a34f,4678bf81-8537a34f.jpg,images/100k/train/4678bf81-8537a34f.jpg,train,train,clear,daytime,city street
4680b06e-d7c5fca9,4680b06e-d7c5fca9.jpg,images/100k/train/4680b06e-d7c5fca9.jpg,train,train,undefined,daytime,residential
4686ce5f-ce7f6e0e,4686ce5f-ce7f6e0e.jpg,images/100k/train/4686ce5f-ce7f6e0e.jpg,train,train,overcast,daytime,highway
468ee364-258f355d,468ee364-258f355d.jpg,images/100k/train/468ee364-258f355d.jpg,train,train,partly cloudy,daytime,city street
46aae4b5-05a7ab5d,46aae4b5-05a7ab5d.jpg,images/100k/train/46aae4b5-05a7ab5d.jpg,train,train,overcast,dawn/dusk,residential
46c569a3-2a13616f,46c569a3-2a13616f.jpg,images/100k/train/46c569a3-2a13616f.jpg,train,train,clear,night,city street
46d5ba0d-2bc0cfa8,46d5ba0d-2bc0cfa8.jpg,images/100k/train/46d5ba0d-2bc0cfa8.jpg,train,train,rainy,daytime,city street
46d5ba0d-d8a28ad0,46d5ba0d-d8a28ad0.jpg,images/100k/train/46d5ba0d-d8a28ad0.jpg,train,train,overcast,daytime,residential
46e7538e-db94c0d9,46e7538e-db94c0d9.jpg,images/100k/train/46e7538e-db94c0d9.jpg,train,train,undefined,daytime,city street
46e7be9f-32050553,46e7be9f-32050553.jpg,images/100k/train/46e7be9f-32050553.jpg,train,train,rainy,night,city street
46ebc2d2-b008357d,46ebc2d2-b008357d.jpg,images/100k/train/46ebc2d2-b008357d.jpg,train,train,clear,daytime,residential
46ebc2d2-d379d628,46ebc2d2-d379d628.jpg,images/100k/train/46ebc2d2-d379d628.jpg,train,train,clear,night,city street
46f0de84-dbae6f06,46f0de84-dbae6f06.jpg,images/100k/train/46f0de84-dbae6f06.jpg,train,train,overcast,daytime,city street
46f680d9-312f3ce0,46f680d9-312f3ce0.jpg,images/100k/train/46f680d9-312f3ce0.jpg,train,train,clear,night,city street
46f76df9-3e35eab4,46f76df9-3e35eab4.jpg,images/100k/train/46f76df9-3e35eab4.jpg,train,train,clear,daytime,city street
47005bbd-ad64c141,47005bbd-ad64c141.jpg,images/100k/train/47005bbd-ad64c141.jpg,train,train,clear,daytime,city street
47019a35-fdd02601,47019a35-fdd02601.jpg,images/100k/train/47019a35-fdd02601.jpg,train,train,rainy,night,city street
47094ac8-3fac2406,47094ac8-3fac2406.jpg,images/100k/train/47094ac8-3fac2406.jpg,train,train,undefined,daytime,city street
470e3045-198ecb90,470e3045-198ecb90.jpg,images/100k/train/470e3045-198ecb90.jpg,train,train,clear,night,city street
470e3045-74ec7a9a,470e3045-74ec7a9a.jpg,images/100k/train/470e3045-74ec7a9a.jpg,train,train,clear,night,city street
47155b69-c252a357,47155b69-c252a357.jpg,images/100k/train/47155b69-c252a357.jpg,train,train,clear,night,city street
471a5cf2-03659d21,471a5cf2-03659d21.jpg,images/100k/train/471a5cf2-03659d21.jpg,train,train,clear,night,highway
47212b9f-dcdff3be,47212b9f-dcdff3be.jpg,images/100k/train/47212b9f-dcdff3be.jpg,train,train,undefined,daytime,city street
47240165-0a164810,47240165-0a164810.jpg,images/100k/train/47240165-0a164810.jpg,train,train,snowy,daytime,city street
47314877-c450a7c5,47314877-c450a7c5.jpg,images/100k/train/47314877-c450a7c5.jpg,train,train,clear,daytime,city street
4736aa88-ef292848,4736aa88-ef292848.jpg,images/100k/train/4736aa88-ef292848.jpg,train,train,clear,night,highway
47459d96-e8f13075,47459d96-e8f13075.jpg,images/100k/train/47459d96-e8f13075.jpg,train,train,clear,night,highway
475048b2-d69b02dc,475048b2-d69b02dc.jpg,images/100k/train/475048b2-d69b02dc.jpg,train,train,clear,night,city street
47572038-f93db7bd,47572038-f93db7bd.jpg,images/100k/train/47572038-f93db7bd.jpg,train,train,clear,night,city street
4759b05a-85902256,4759b05a-85902256.jpg,images/100k/train/4759b05a-85902256.jpg,train,train,clear,night,city street
475a4732-f75fc62a,475a4732-f75fc62a.jpg,images/100k/train/475a4732-f75fc62a.jpg,train,train,overcast,daytime,highway
475dc2c9-a99bc53d,475dc2c9-a99bc53d.jpg,images/100k/train/475dc2c9-a99bc53d.jpg,train,train,snowy,daytime,city street
475f2744-076ec80b,475f2744-076ec80b.jpg,images/100k/train/475f2744-076ec80b.jpg,train,train,snowy,daytime,residential
47631342-88a53d17,47631342-88a53d17.jpg,images/100k/train/47631342-88a53d17.jpg,train,train,clear,night,highway
476ea25e-e04e7195,476ea25e-e04e7195.jpg,images/100k/train/476ea25e-e04e7195.jpg,train,train,clear,night,city street
477fecad-7f94d446,477fecad-7f94d446.jpg,images/100k/train/477fecad-7f94d446.jpg,train,train,overcast,daytime,highway
47889296-38db403f,47889296-38db403f.jpg,images/100k/train/47889296-38db403f.jpg,train,train,overcast,dawn/dusk,highway
479bbab2-8cf0140d,479bbab2-8cf0140d.jpg,images/100k/train/479bbab2-8cf0140d.jpg,train,train,partly cloudy,daytime,highway
47a00316-909841b8,47a00316-909841b8.jpg,images/100k/train/47a00316-909841b8.jpg,train,train,clear,daytime,city street
47a689aa-426be1c8,47a689aa-426be1c8.jpg,images/100k/train/47a689aa-426be1c8.jpg,train,train,overcast,daytime,city street
47c0865c-ec7b7823,47c0865c-ec7b7823.jpg,images/100k/train/47c0865c-ec7b7823.jpg,train,train,overcast,dawn/dusk,city street
47cba3b9-1be98572,47cba3b9-1be98572.jpg,images/100k/train/47cba3b9-1be98572.jpg,train,train,clear,night,city street
47e2db26-14331f38,47e2db26-14331f38.jpg,images/100k/train/47e2db26-14331f38.jpg,train,train,clear,dawn/dusk,highway
47fa6a56-be1e32eb,47fa6a56-be1e32eb.jpg,images/100k/train/47fa6a56-be1e32eb.jpg,train,train,clear,daytime,city street
47fd4575-614dc0af,47fd4575-614dc0af.jpg,images/100k/train/47fd4575-614dc0af.jpg,train,train,clear,daytime,highway
4806a1c6-f1d5266b,4806a1c6-f1d5266b.jpg,images/100k/train/4806a1c6-f1d5266b.jpg,train,train,partly cloudy,daytime,highway
4807682a-a9181e83,4807682a-a9181e83.jpg,images/100k/train/4807682a-a9181e83.jpg,train,train,snowy,daytime,city street
4809cabd-075e7917,4809cabd-075e7917.jpg,images/100k/train/4809cabd-075e7917.jpg,train,train,clear,night,highway
48144b9f-d9cd0a5d,48144b9f-d9cd0a5d.jpg,images/100k/train/48144b9f-d9cd0a5d.jpg,train,train,partly cloudy,daytime,city street
481a2466-cf9ad162,481a2466-cf9ad162.jpg,images/100k/train/481a2466-cf9ad162.jpg,train,train,snowy,night,residential
482978e3-d10e3bdb,482978e3-d10e3bdb.jpg,images/100k/train/482978e3-d10e3bdb.jpg,train,train,clear,night,residential
4840bbf9-131d3aec,4840bbf9-131d3aec.jpg,images/100k/train/4840bbf9-131d3aec.jpg,train,train,rainy,daytime,city street
4851dfa6-32c03eef,4851dfa6-32c03eef.jpg,images/100k/train/4851dfa6-32c03eef.jpg,train,train,clear,night,tunnel
4854e4ec-d40e1eed,4854e4ec-d40e1eed.jpg,images/100k/train/4854e4ec-d40e1eed.jpg,train,train,clear,night,highway
485d42ab-c8e679df,485d42ab-c8e679df.jpg,images/100k/train/485d42ab-c8e679df.jpg,train,train,clear,night,city street
48748490-fbba0d10,48748490-fbba0d10.jpg,images/100k/train/48748490-fbba0d10.jpg,train,train,clear,dawn/dusk,residential
48814754-fd974cd2,48814754-fd974cd2.jpg,images/100k/train/48814754-fd974cd2.jpg,train,train,undefined,daytime,city street
4884ff5c-66a6797c,4884ff5c-66a6797c.jpg,images/100k/train/4884ff5c-66a6797c.jpg,train,train,clear,daytime,highway
48b03447-b6aa9341,48b03447-b6aa9341.jpg,images/100k/train/48b03447-b6aa9341.jpg,train,train,snowy,dawn/dusk,city street
48ba7adf-8b58a57e,48ba7adf-8b58a57e.jpg,images/100k/train/48ba7adf-8b58a57e.jpg,train,train,partly cloudy,daytime,city street
48be98fb-7bbe24d8,48be98fb-7bbe24d8.jpg,images/100k/train/48be98fb-7bbe24d8.jpg,train,train,clear,daytime,highway
48c3121c-0ce7b780,48c3121c-0ce7b780.jpg,images/100k/train/48c3121c-0ce7b780.jpg,train,train,undefined,daytime,residential
48c61115-4784353b,48c61115-4784353b.jpg,images/100k/train/48c61115-4784353b.jpg,train,train,partly cloudy,daytime,city street
48cbc95f-b09487de,48cbc95f-b09487de.jpg,images/100k/train/48cbc95f-b09487de.jpg,train,train,rainy,night,city street
48ce9dd0-fde46b7c,48ce9dd0-fde46b7c.jpg,images/100k/train/48ce9dd0-fde46b7c.jpg,train,train,clear,night,highway
48cfabd2-76c7a4f5,48cfabd2-76c7a4f5.jpg,images/100k/train/48cfabd2-76c7a4f5.jpg,train,train,overcast,daytime,city street
48d38fc9-918b992d,48d38fc9-918b992d.jpg,images/100k/train/48d38fc9-918b992d.jpg,train,train,undefined,night,city street
48de5a60-443ca988,48de5a60-443ca988.jpg,images/100k/train/48de5a60-443ca988.jpg,train,train,clear,night,city street
48e12d17-784eed2d,48e12d17-784eed2d.jpg,images/100k/train/48e12d17-784eed2d.jpg,train,train,undefined,daytime,city street
48e2de8e-7d0021d2,48e2de8e-7d0021d2.jpg,images/100k/train/48e2de8e-7d0021d2.jpg,train,train,clear,night,highway
48ef65d8-f1c6231f,48ef65d8-f1c6231f.jpg,images/100k/train/48ef65d8-f1c6231f.jpg,train,train,undefined,daytime,city street
48f50032-104b54b0,48f50032-104b54b0.jpg,images/100k/train/48f50032-104b54b0.jpg,train,train,undefined,night,city street
48ff7a56-b5dc52eb,48ff7a56-b5dc52eb.jpg,images/100k/train/48ff7a56-b5dc52eb.jpg,train,train,clear,daytime,city street
4904f242-00b967e0,4904f242-00b967e0.jpg,images/100k/train/4904f242-00b967e0.jpg,train,train,overcast,daytime,city street
49087130-0038de39,49087130-0038de39.jpg,images/100k/train/49087130-0038de39.jpg,train,train,rainy,daytime,city street
49109c6e-040d3717,49109c6e-040d3717.jpg,images/100k/train/49109c6e-040d3717.jpg,train,train,clear,dawn/dusk,city street
4916664e-68a74830,4916664e-68a74830.jpg,images/100k/train/4916664e-68a74830.jpg,train,train,partly cloudy,daytime,city street
491a8e99-8665cd7b,491a8e99-8665cd7b.jpg,images/100k/train/491a8e99-8665cd7b.jpg,train,train,rainy,dawn/dusk,city street
491e39ec-449c856e,491e39ec-449c856e.jpg,images/100k/train/491e39ec-449c856e.jpg,train,train,clear,daytime,city street
493d3550-11703b1a,493d3550-11703b1a.jpg,images/100k/train/493d3550-11703b1a.jpg,train,train,clear,night,city street
49469fcc-31ac03cc,49469fcc-31ac03cc.jpg,images/100k/train/49469fcc-31ac03cc.jpg,train,train,clear,daytime,city street
494ccbdd-130a2f94,494ccbdd-130a2f94.jpg,images/100k/train/494ccbdd-130a2f94.jpg,train,train,clear,night,city street
494ccbdd-91a2e0d6,494ccbdd-91a2e0d6.jpg,images/100k/train/494ccbdd-91a2e0d6.jpg,train,train,clear,night,highway
49569a39-b701fcd6,49569a39-b701fcd6.jpg,images/100k/train/49569a39-b701fcd6.jpg,train,train,rainy,daytime,city street
4961a3e9-fddaf280,4961a3e9-fddaf280.jpg,images/100k/train/4961a3e9-fddaf280.jpg,train,train,overcast,daytime,city street
4967bdf7-5214e266,4967bdf7-5214e266.jpg,images/100k/train/4967bdf7-5214e266.jpg,train,train,clear,daytime,city street
496daf07-3f5680c1,496daf07-3f5680c1.jpg,images/100k/train/496daf07-3f5680c1.jpg,train,train,clear,night,city street
497e1092-27fea921,497e1092-27fea921.jpg,images/100k/train/497e1092-27fea921.jpg,train,train,clear,night,city street
497ff2a0-9da75d98,497ff2a0-9da75d98.jpg,images/100k/train/497ff2a0-9da75d98.jpg,train,train,clear,daytime,highway
49814be0-423eae04,49814be0-423eae04.jpg,images/100k/train/49814be0-423eae04.jpg,train,train,snowy,daytime,city street
4988e515-8dbb62c3,4988e515-8dbb62c3.jpg,images/100k/train/4988e515-8dbb62c3.jpg,train,train,undefined,daytime,city street
498daf4e-44bff8cb,498daf4e-44bff8cb.jpg,images/100k/train/498daf4e-44bff8cb.jpg,train,train,undefined,daytime,city street
499a1636-179a8957,499a1636-179a8957.jpg,images/100k/train/499a1636-179a8957.jpg,train,train,clear,daytime,city street
49a2200b-0d19cb0c,49a2200b-0d19cb0c.jpg,images/100k/train/49a2200b-0d19cb0c.jpg,train,train,snowy,night,city street
49ad12d1-d6725e4d,49ad12d1-d6725e4d.jpg,images/100k/train/49ad12d1-d6725e4d.jpg,train,train,undefined,daytime,residential
49bde77f-cf68eb6d,49bde77f-cf68eb6d.jpg,images/100k/train/49bde77f-cf68eb6d.jpg,train,train,clear,night,highway
49c916d1-17b3b39a,49c916d1-17b3b39a.jpg,images/100k/train/49c916d1-17b3b39a.jpg,train,train,rainy,daytime,city street
49ce932b-63dd62c7,49ce932b-63dd62c7.jpg,images/100k/train/49ce932b-63dd62c7.jpg,train,train,rainy,daytime,highway
49cf8611-05263bee,49cf8611-05263bee.jpg,images/100k/train/49cf8611-05263bee.jpg,train,train,clear,night,city street
49e19a0d-b107dd95,49e19a0d-b107dd95.jpg,images/100k/train/49e19a0d-b107dd95.jpg,train,train,clear,night,city street
49f13b60-36ddedb2,49f13b60-36ddedb2.jpg,images/100k/train/49f13b60-36ddedb2.jpg,train,train,rainy,night,city street
49f62641-c8dcca94,49f62641-c8dcca94.jpg,images/100k/train/49f62641-c8dcca94.jpg,train,train,clear,night,highway
49f78c60-3f47278f,49f78c60-3f47278f.jpg,images/100k/train/49f78c60-3f47278f.jpg,train,train,overcast,daytime,city street
4a021d56-1c1262a5,4a021d56-1c1262a5.jpg,images/100k/train/4a021d56-1c1262a5.jpg,train,train,overcast,daytime,highway
4a0d7416-609494af,4a0d7416-609494af.jpg,images/100k/train/4a0d7416-609494af.jpg,train,train,clear,night,city street
4a110ab9-57c9b6e5,4a110ab9-57c9b6e5.jpg,images/100k/train/4a110ab9-57c9b6e5.jpg,train,train,clear,night,highway
4a1cb1de-2d5d14c9,4a1cb1de-2d5d14c9.jpg,images/100k/train/4a1cb1de-2d5d14c9.jpg,train,train,clear,night,city street
4a21c3c9-4a56e4d3,4a21c3c9-4a56e4d3.jpg,images/100k/train/4a21c3c9-4a56e4d3.jpg,train,train,undefined,dawn/dusk,city street
4a2b01a8-75eeeca0,4a2b01a8-75eeeca0.jpg,images/100k/train/4a2b01a8-75eeeca0.jpg,train,train,clear,night,city street
4a3b08f7-6e36ff48,4a3b08f7-6e36ff48.jpg,images/100k/train/4a3b08f7-6e36ff48.jpg,train,train,clear,night,highway
4a806b9a-7e350139,4a806b9a-7e350139.jpg,images/100k/train/4a806b9a-7e350139.jpg,train,train,overcast,daytime,city street
4a83cb52-00d64095,4a83cb52-00d64095.jpg,images/100k/train/4a83cb52-00d64095.jpg,train,train,clear,daytime,city street
4a86c8ef-fd65d5f7,4a86c8ef-fd65d5f7.jpg,images/100k/train/4a86c8ef-fd65d5f7.jpg,train,train,clear,daytime,city street
4a8ff8d8-9739877a,4a8ff8d8-9739877a.jpg,images/100k/train/4a8ff8d8-9739877a.jpg,train,train,overcast,daytime,city street
4a93cba4-923e7845,4a93cba4-923e7845.jpg,images/100k/train/4a93cba4-923e7845.jpg,train,train,rainy,night,highway
4aa359f2-5620df97,4aa359f2-5620df97.jpg,images/100k/train/4aa359f2-5620df97.jpg,train,train,rainy,night,city street
4abe13b2-5bee5b15,4abe13b2-5bee5b15.jpg,images/100k/train/4abe13b2-5bee5b15.jpg,train,train,snowy,daytime,city street
4ac4e841-79c67350,4ac4e841-79c67350.jpg,images/100k/train/4ac4e841-79c67350.jpg,train,train,undefined,daytime,city street
4ae156e3-afb94497,4ae156e3-afb94497.jpg,images/100k/train/4ae156e3-afb94497.jpg,train,train,snowy,daytime,residential
4ae8a669-8d3d411d,4ae8a669-8d3d411d.jpg,images/100k/train/4ae8a669-8d3d411d.jpg,train,train,clear,night,city street
4aec36c5-ea29a80a,4aec36c5-ea29a80a.jpg,images/100k/train/4aec36c5-ea29a80a.jpg,train,train,clear,night,city street
4af36dc3-4c032d46,4af36dc3-4c032d46.jpg,images/100k/train/4af36dc3-4c032d46.jpg,train,train,clear,daytime,city street
4af36dc3-bc007ba0,4af36dc3-bc007ba0.jpg,images/100k/train/4af36dc3-bc007ba0.jpg,train,train,clear,daytime,residential
4afd82fb-5169c153,4afd82fb-5169c153.jpg,images/100k/train/4afd82fb-5169c153.jpg,train,train,undefined,daytime,city street
4b07927b-162c80b0,4b07927b-162c80b0.jpg,images/100k/train/4b07927b-162c80b0.jpg,train,train,undefined,daytime,residential
4b0930a6-bb06b276,4b0930a6-bb06b276.jpg,images/100k/train/4b0930a6-bb06b276.jpg,train,train,undefined,daytime,city street
4b0e01fb-7cbf8f9a,4b0e01fb-7cbf8f9a.jpg,images/100k/train/4b0e01fb-7cbf8f9a.jpg,train,train,partly cloudy,daytime,highway
4b2de23a-1c0cf338,4b2de23a-1c0cf338.jpg,images/100k/train/4b2de23a-1c0cf338.jpg,train,train,undefined,daytime,city street
4b30e8d3-a93d93ac,4b30e8d3-a93d93ac.jpg,images/100k/train/4b30e8d3-a93d93ac.jpg,train,train,clear,night,city street
4b4cf458-b1a02460,4b4cf458-b1a02460.jpg,images/100k/train/4b4cf458-b1a02460.jpg,train,train,clear,daytime,residential
4b5423e7-3d86f6af,4b5423e7-3d86f6af.jpg,images/100k/train/4b5423e7-3d86f6af.jpg,train,train,overcast,daytime,highway
4b5927b6-1f2be8f7,4b5927b6-1f2be8f7.jpg,images/100k/train/4b5927b6-1f2be8f7.jpg,train,train,snowy,daytime,city street
4b63509a-22b1707c,4b63509a-22b1707c.jpg,images/100k/train/4b63509a-22b1707c.jpg,train,train,undefined,daytime,residential
4b70378a-1e64ba35,4b70378a-1e64ba35.jpg,images/100k/train/4b70378a-1e64ba35.jpg,train,train,partly cloudy,daytime,residential
4b78e751-af8b04dc,4b78e751-af8b04dc.jpg,images/100k/train/4b78e751-af8b04dc.jpg,train,train,overcast,daytime,city street
4b8efeb5-2847b335,4b8efeb5-2847b335.jpg,images/100k/train/4b8efeb5-2847b335.jpg,train,train,clear,night,city street
4b9a6026-4c094200,4b9a6026-4c094200.jpg,images/100k/train/4b9a6026-4c094200.jpg,train,train,partly cloudy,dawn/dusk,highway
4b9effc7-c42da801,4b9effc7-c42da801.jpg,images/100k/train/4b9effc7-c42da801.jpg,train,train,undefined,daytime,city street
4bb769f4-68eee01e,4bb769f4-68eee01e.jpg,images/100k/train/4bb769f4-68eee01e.jpg,train,train,clear,night,highway
4bb769f4-c04f2a29,4bb769f4-c04f2a29.jpg,images/100k/train/4bb769f4-c04f2a29.jpg,train,train,clear,night,highway
4bcc5598-c1b6b637,4bcc5598-c1b6b637.jpg,images/100k/train/4bcc5598-c1b6b637.jpg,train,train,clear,night,city street
4bd493f1-e52a35fd,4bd493f1-e52a35fd.jpg,images/100k/train/4bd493f1-e52a35fd.jpg,train,train,undefined,daytime,city street
4bdb547e-23b48bb0,4bdb547e-23b48bb0.jpg,images/100k/train/4bdb547e-23b48bb0.jpg,train,train,clear,dawn/dusk,residential
4be632bb-1ec48976,4be632bb-1ec48976.jpg,images/100k/train/4be632bb-1ec48976.jpg,train,train,rainy,daytime,highway
4be6c79f-cb1bf4b3,4be6c79f-cb1bf4b3.jpg,images/100k/train/4be6c79f-cb1bf4b3.jpg,train,train,clear,night,city street
4bec6638-73d1c759,4bec6638-73d1c759.jpg,images/100k/train/4bec6638-73d1c759.jpg,train,train,rainy,daytime,city street
4bf7ecd6-ba913580,4bf7ecd6-ba913580.jpg,images/100k/train/4bf7ecd6-ba913580.jpg,train,train,partly cloudy,daytime,city street
4c36bc46-ac8f20c4,4c36bc46-ac8f20c4.jpg,images/100k/train/4c36bc46-ac8f20c4.jpg,train,train,overcast,daytime,residential
4c3bf807-021593bc,4c3bf807-021593bc.jpg,images/100k/train/4c3bf807-021593bc.jpg,train,train,clear,daytime,highway
4c3edf27-95d2dd54,4c3edf27-95d2dd54.jpg,images/100k/train/4c3edf27-95d2dd54.jpg,train,train,clear,night,city street
4c5c24ad-30deb4ac,4c5c24ad-30deb4ac.jpg,images/100k/train/4c5c24ad-30deb4ac.jpg,train,train,overcast,daytime,city street
4c6c487e-51b2fb73,4c6c487e-51b2fb73.jpg,images/100k/train/4c6c487e-51b2fb73.jpg,train,train,clear,daytime,residential
4c7adb1b-b2653f95,4c7adb1b-b2653f95.jpg,images/100k/train/4c7adb1b-b2653f95.jpg,train,train,clear,daytime,highway
4c7fdfd1-4102ba92,4c7fdfd1-4102ba92.jpg,images/100k/train/4c7fdfd1-4102ba92.jpg,train,train,partly cloudy,daytime,highway
4c840aee-f4bc07b0,4c840aee-f4bc07b0.jpg,images/100k/train/4c840aee-f4bc07b0.jpg,train,train,clear,daytime,residential
4c8a886c-8ed39c2b,4c8a886c-8ed39c2b.jpg,images/100k/train/4c8a886c-8ed39c2b.jpg,train,train,clear,night,city street
4ca0ef43-7425eaa5,4ca0ef43-7425eaa5.jpg,images/100k/train/4ca0ef43-7425eaa5.jpg,train,train,clear,night,highway
4ca0ef43-7e279cef,4ca0ef43-7e279cef.jpg,images/100k/train/4ca0ef43-7e279cef.jpg,train,train,clear,night,undefined
4ca2602e-eadfda50,4ca2602e-eadfda50.jpg,images/100k/train/4ca2602e-eadfda50.jpg,train,train,clear,dawn/dusk,residential
4ca27e51-9478325b,4ca27e51-9478325b.jpg,images/100k/train/4ca27e51-9478325b.jpg,train,train,snowy,night,highway
4cb00f3a-28018275,4cb00f3a-28018275.jpg,images/100k/train/4cb00f3a-28018275.jpg,train,train,clear,night,city street
4cb4d524-075d7f2c,4cb4d524-075d7f2c.jpg,images/100k/train/4cb4d524-075d7f2c.jpg,train,train,undefined,daytime,city street
4cbfd3a6-8c26dbcf,4cbfd3a6-8c26dbcf.jpg,images/100k/train/4cbfd3a6-8c26dbcf.jpg,train,train,clear,night,city street
4cd777db-7e289bee,4cd777db-7e289bee.jpg,images/100k/train/4cd777db-7e289bee.jpg,train,train,clear,night,city street
4cd777db-ea85caea,4cd777db-ea85caea.jpg,images/100k/train/4cd777db-ea85caea.jpg,train,train,clear,night,city street
4cdef661-12a8c2fb,4cdef661-12a8c2fb.jpg,images/100k/train/4cdef661-12a8c2fb.jpg,train,train,snowy,daytime,city street
4ce22ce5-be80f617,4ce22ce5-be80f617.jpg,images/100k/train/4ce22ce5-be80f617.jpg,train,train,overcast,dawn/dusk,city street
4ce22ce5-fea9c18d,4ce22ce5-fea9c18d.jpg,images/100k/train/4ce22ce5-fea9c18d.jpg,train,train,undefined,daytime,city street
4ce66f8e-6140e31c,4ce66f8e-6140e31c.jpg,images/100k/train/4ce66f8e-6140e31c.jpg,train,train,clear,night,highway
4ce75e77-f72066e8,4ce75e77-f72066e8.jpg,images/100k/train/4ce75e77-f72066e8.jpg,train,train,snowy,daytime,city street
4cfb0c9b-a19407ba,4cfb0c9b-a19407ba.jpg,images/100k/train/4cfb0c9b-a19407ba.jpg,train,train,clear,night,city street
4d031767-73b062a9,4d031767-73b062a9.jpg,images/100k/train/4d031767-73b062a9.jpg,train,train,overcast,daytime,city street
4d10440e-1c7c6a67,4d10440e-1c7c6a67.jpg,images/100k/train/4d10440e-1c7c6a67.jpg,train,train,clear,night,highway
4d13fd55-f373fb4b,4d13fd55-f373fb4b.jpg,images/100k/train/4d13fd55-f373fb4b.jpg,train,train,partly cloudy,daytime,city street
4d14fcbb-665d96d1,4d14fcbb-665d96d1.jpg,images/100k/train/4d14fcbb-665d96d1.jpg,train,train,clear,night,city street
4d22354a-6ce691da,4d22354a-6ce691da.jpg,images/100k/train/4d22354a-6ce691da.jpg,train,train,snowy,night,residential
4d372e4a-d8eb2966,4d372e4a-d8eb2966.jpg,images/100k/train/4d372e4a-d8eb2966.jpg,train,train,clear,daytime,city street
4d3a055d-f4aa5eaa,4d3a055d-f4aa5eaa.jpg,images/100k/train/4d3a055d-f4aa5eaa.jpg,train,train,clear,night,city street
4d455b2f-cc1ff1ea,4d455b2f-cc1ff1ea.jpg,images/100k/train/4d455b2f-cc1ff1ea.jpg,train,train,partly cloudy,dawn/dusk,city street
4d4a590b-4332c5ab,4d4a590b-4332c5ab.jpg,images/100k/train/4d4a590b-4332c5ab.jpg,train,train,clear,daytime,highway
4d52c454-2924bc87,4d52c454-2924bc87.jpg,images/100k/train/4d52c454-2924bc87.jpg,train,train,snowy,daytime,highway
4d700522-dbe9f2fe,4d700522-dbe9f2fe.jpg,images/100k/train/4d700522-dbe9f2fe.jpg,train,train,clear,night,city street
4d7621dc-5a7ffb9b,4d7621dc-5a7ffb9b.jpg,images/100k/train/4d7621dc-5a7ffb9b.jpg,train,train,undefined,daytime,city street
4d86b954-23960e2e,4d86b954-23960e2e.jpg,images/100k/train/4d86b954-23960e2e.jpg,train,train,clear,night,highway
4d8cf114-5f2e9579,4d8cf114-5f2e9579.jpg,images/100k/train/4d8cf114-5f2e9579.jpg,train,train,clear,dawn/dusk,highway
4d91af3d-40ca8145,4d91af3d-40ca8145.jpg,images/100k/train/4d91af3d-40ca8145.jpg,train,train,snowy,night,city street
4db76be7-286c1972,4db76be7-286c1972.jpg,images/100k/train/4db76be7-286c1972.jpg,train,train,rainy,daytime,city street
4dde5b62-03f57384,4dde5b62-03f57384.jpg,images/100k/train/4dde5b62-03f57384.jpg,train,train,undefined,daytime,city street
4dedc819-a2101660,4dedc819-a2101660.jpg,images/100k/train/4dedc819-a2101660.jpg,train,train,undefined,daytime,city street
4df0ce35-7ab4997a,4df0ce35-7ab4997a.jpg,images/100k/train/4df0ce35-7ab4997a.jpg,train,train,overcast,daytime,city street
4df52280-1e94d013,4df52280-1e94d013.jpg,images/100k/train/4df52280-1e94d013.jpg,train,train,clear,daytime,city street
4e0b0e1d-0d52d09e,4e0b0e1d-0d52d09e.jpg,images/100k/train/4e0b0e1d-0d52d09e.jpg,train,train,clear,night,residential
4e0bbd0b-ca3bbc88,4e0bbd0b-ca3bbc88.jpg,images/100k/train/4e0bbd0b-ca3bbc88.jpg,train,train,clear,daytime,highway
4e1049b1-be7e0e28,4e1049b1-be7e0e28.jpg,images/100k/train/4e1049b1-be7e0e28.jpg,train,train,clear,night,city street
4e154bfe-f283abc8,4e154bfe-f283abc8.jpg,images/100k/train/4e154bfe-f283abc8.jpg,train,train,undefined,dawn/dusk,city street
4e1e3ce6-8a8b491c,4e1e3ce6-8a8b491c.jpg,images/100k/train/4e1e3ce6-8a8b491c.jpg,train,train,snowy,daytime,residential
4e227e97-0613d6a0,4e227e97-0613d6a0.jpg,images/100k/train/4e227e97-0613d6a0.jpg,train,train,snowy,dawn/dusk,residential
4e526897-dc50a6dc,4e526897-dc50a6dc.jpg,images/100k/train/4e526897-dc50a6dc.jpg,train,train,overcast,daytime,highway
4e5fe720-b1675c15,4e5fe720-b1675c15.jpg,images/100k/train/4e5fe720-b1675c15.jpg,train,train,partly cloudy,daytime,city street
4e645dba-541e1292,4e645dba-541e1292.jpg,images/100k/train/4e645dba-541e1292.jpg,train,train,partly cloudy,dawn/dusk,highway
4e66a482-11e48b39,4e66a482-11e48b39.jpg,images/100k/train/4e66a482-11e48b39.jpg,train,train,clear,night,highway
4e7b9f48-8712bdfd,4e7b9f48-8712bdfd.jpg,images/100k/train/4e7b9f48-8712bdfd.jpg,train,train,undefined,daytime,highway
4e7dd433-ef532b80,4e7dd433-ef532b80.jpg,images/100k/train/4e7dd433-ef532b80.jpg,train,train,clear,daytime,highway
4e803148-07a98540,4e803148-07a98540.jpg,images/100k/train/4e803148-07a98540.jpg,train,train,clear,daytime,highway
4ea3cfaa-f33d2467,4ea3cfaa-f33d2467.jpg,images/100k/train/4ea3cfaa-f33d2467.jpg,train,train,clear,night,undefined
4ead46a0-2b8db5b9,4ead46a0-2b8db5b9.jpg,images/100k/train/4ead46a0-2b8db5b9.jpg,train,train,overcast,daytime,highway
4eb22191-f1164897,4eb22191-f1164897.jpg,images/100k/train/4eb22191-f1164897.jpg,train,train,overcast,daytime,city street
4ec1139a-f427a969,4ec1139a-f427a969.jpg,images/100k/train/4ec1139a-f427a969.jpg,train,train,snowy,daytime,city street
4ec460bc-6609f5c6,4ec460bc-6609f5c6.jpg,images/100k/train/4ec460bc-6609f5c6.jpg,train,train,overcast,daytime,city street
4ec89730-4f0f9e9f,4ec89730-4f0f9e9f.jpg,images/100k/train/4ec89730-4f0f9e9f.jpg,train,train,clear,night,city street
4ed2c9b1-66fa66ab,4ed2c9b1-66fa66ab.jpg,images/100k/train/4ed2c9b1-66fa66ab.jpg,train,train,clear,daytime,residential
4eed4d9c-aac9926a,4eed4d9c-aac9926a.jpg,images/100k/train/4eed4d9c-aac9926a.jpg,train,train,rainy,daytime,city street
4f0ab457-e03f0a92,4f0ab457-e03f0a92.jpg,images/100k/train/4f0ab457-e03f0a92.jpg,train,train,clear,night,city street
4f122110-c6a2ae56,4f122110-c6a2ae56.jpg,images/100k/train/4f122110-c6a2ae56.jpg,train,train,snowy,daytime,residential
4f1fec5d-e12fe56e,4f1fec5d-e12fe56e.jpg,images/100k/train/4f1fec5d-e12fe56e.jpg,train,train,partly cloudy,daytime,city street
4f25f9e2-3e884efd,4f25f9e2-3e884efd.jpg,images/100k/train/4f25f9e2-3e884efd.jpg,train,train,clear,night,residential
4f331492-e5e7b7d8,4f331492-e5e7b7d8.jpg,images/100k/train/4f331492-e5e7b7d8.jpg,train,train,undefined,daytime,city street
4f52c17b-85bc2581,4f52c17b-85bc2581.jpg,images/100k/train/4f52c17b-85bc2581.jpg,train,train,clear,night,city street
4f5bf06b-80645916,4f5bf06b-80645916.jpg,images/100k/train/4f5bf06b-80645916.jpg,train,train,snowy,night,city street
4f624eb5-a5fc2136,4f624eb5-a5fc2136.jpg,images/100k/train/4f624eb5-a5fc2136.jpg,train,train,clear,night,city street
4f6bba37-79b7bb34,4f6bba37-79b7bb34.jpg,images/100k/train/4f6bba37-79b7bb34.jpg,train,train,clear,night,city street
4f7bc7fa-60b2f5bc,4f7bc7fa-60b2f5bc.jpg,images/100k/train/4f7bc7fa-60b2f5bc.jpg,train,train,undefined,undefined,tunnel
4fa3cff9-508b4774,4fa3cff9-508b4774.jpg,images/100k/train/4fa3cff9-508b4774.jpg,train,train,snowy,daytime,residential
4fa69415-6079e177,4fa69415-6079e177.jpg,images/100k/train/4fa69415-6079e177.jpg,train,train,undefined,daytime,city street
4faabd52-0659ffa3,4faabd52-0659ffa3.jpg,images/100k/train/4faabd52-0659ffa3.jpg,train,train,clear,daytime,highway
4fb6462b-02f7b23e,4fb6462b-02f7b23e.jpg,images/100k/train/4fb6462b-02f7b23e.jpg,train,train,overcast,daytime,city street
4fc4b12a-5154af75,4fc4b12a-5154af75.jpg,images/100k/train/4fc4b12a-5154af75.jpg,train,train,clear,night,highway
4fca2c1a-e4e3ee03,4fca2c1a-e4e3ee03.jpg,images/100k/train/4fca2c1a-e4e3ee03.jpg,train,train,clear,night,city street
4fd90d20-bd958707,4fd90d20-bd958707.jpg,images/100k/train/4fd90d20-bd958707.jpg,train,train,partly cloudy,daytime,city street
4ff0d410-b1280f3a,4ff0d410-b1280f3a.jpg,images/100k/train/4ff0d410-b1280f3a.jpg,train,train,clear,daytime,city street
50033295-616ceb6d,50033295-616ceb6d.jpg,images/100k/train/50033295-616ceb6d.jpg,train,train,overcast,daytime,residential
50036779-734e1dd0,50036779-734e1dd0.jpg,images/100k/train/50036779-734e1dd0.jpg,train,train,clear,night,highway
501c1848-637ae1e5,501c1848-637ae1e5.jpg,images/100k/train/501c1848-637ae1e5.jpg,train,train,overcast,daytime,city street
501d50d6-589cd9ca,501d50d6-589cd9ca.jpg,images/100k/train/501d50d6-589cd9ca.jpg,train,train,clear,night,highway
50218a94-4557d7d7,50218a94-4557d7d7.jpg,images/100k/train/50218a94-4557d7d7.jpg,train,train,overcast,daytime,residential
50407692-cd1e8be6,50407692-cd1e8be6.jpg,images/100k/train/50407692-cd1e8be6.jpg,train,train,undefined,daytime,city street
505530df-4009db23,505530df-4009db23.jpg,images/100k/train/505530df-4009db23.jpg,train,train,clear,night,city street
5057e1b7-07cf127d,5057e1b7-07cf127d.jpg,images/100k/train/5057e1b7-07cf127d.jpg,train,train,undefined,dawn/dusk,highway
505ca3b1-d945399b,505ca3b1-d945399b.jpg,images/100k/train/505ca3b1-d945399b.jpg,train,train,clear,daytime,highway
506305fc-60465440,506305fc-60465440.jpg,images/100k/train/506305fc-60465440.jpg,train,train,overcast,daytime,city street
5079abb1-1876383c,5079abb1-1876383c.jpg,images/100k/train/5079abb1-1876383c.jpg,train,train,undefined,daytime,highway
50866f46-30d1f303,50866f46-30d1f303.jpg,images/100k/train/50866f46-30d1f303.jpg,train,train,clear,daytime,highway
5086fe52-21b473b7,5086fe52-21b473b7.jpg,images/100k/train/5086fe52-21b473b7.jpg,train,train,undefined,daytime,city street
5087e799-43cf8dce,5087e799-43cf8dce.jpg,images/100k/train/5087e799-43cf8dce.jpg,train,train,clear,night,city street
5094741d-a3d6b8c9,5094741d-a3d6b8c9.jpg,images/100k/train/5094741d-a3d6b8c9.jpg,train,train,overcast,dawn/dusk,city street
50a95d7e-d112b4cd,50a95d7e-d112b4cd.jpg,images/100k/train/50a95d7e-d112b4cd.jpg,train,train,clear,daytime,residential
50ace61c-d23e1335,50ace61c-d23e1335.jpg,images/100k/train/50ace61c-d23e1335.jpg,train,train,overcast,daytime,city street
50b47497-51e13e1e,50b47497-51e13e1e.jpg,images/100k/train/50b47497-51e13e1e.jpg,train,train,snowy,night,city street
50bb67dd-6bdb0b17,50bb67dd-6bdb0b17.jpg,images/100k/train/50bb67dd-6bdb0b17.jpg,train,train,undefined,daytime,city street
50be6138-0a5cab9f,50be6138-0a5cab9f.jpg,images/100k/train/50be6138-0a5cab9f.jpg,train,train,clear,dawn/dusk,highway
50c11f3a-63dcd86e,50c11f3a-63dcd86e.jpg,images/100k/train/50c11f3a-63dcd86e.jpg,train,train,overcast,daytime,highway
50ca1138-cbd201e3,50ca1138-cbd201e3.jpg,images/100k/train/50ca1138-cbd201e3.jpg,train,train,overcast,daytime,city street
50e24e31-310aaf55,50e24e31-310aaf55.jpg,images/100k/train/50e24e31-310aaf55.jpg,train,train,clear,night,city street
50ef0051-6d8e1847,50ef0051-6d8e1847.jpg,images/100k/train/50ef0051-6d8e1847.jpg,train,train,clear,night,city street
50f251b0-d257f543,50f251b0-d257f543.jpg,images/100k/train/50f251b0-d257f543.jpg,train,train,clear,night,city street
50f4cf65-c4b18144,50f4cf65-c4b18144.jpg,images/100k/train/50f4cf65-c4b18144.jpg,train,train,clear,night,city street
50f67560-2369bf34,50f67560-2369bf34.jpg,images/100k/train/50f67560-2369bf34.jpg,train,train,clear,daytime,city street
50fef7a0-7cb46dd2,50fef7a0-7cb46dd2.jpg,images/100k/train/50fef7a0-7cb46dd2.jpg,train,train,undefined,dawn/dusk,city street
510167dc-14977cdd,510167dc-14977cdd.jpg,images/100k/train/510167dc-14977cdd.jpg,train,train,snowy,daytime,city street
5103df64-8fe42506,5103df64-8fe42506.jpg,images/100k/train/5103df64-8fe42506.jpg,train,train,clear,night,city street
511c0871-bedf0998,511c0871-bedf0998.jpg,images/100k/train/511c0871-bedf0998.jpg,train,train,undefined,night,tunnel
5130ac4f-21fd9c36,5130ac4f-21fd9c36.jpg,images/100k/train/5130ac4f-21fd9c36.jpg,train,train,rainy,daytime,city street
5132ee44-1a3a619c,5132ee44-1a3a619c.jpg,images/100k/train/5132ee44-1a3a619c.jpg,train,train,clear,daytime,city street
5141bb06-5e0b877b,5141bb06-5e0b877b.jpg,images/100k/train/5141bb06-5e0b877b.jpg,train,train,snowy,night,undefined
5144bd14-342c7638,5144bd14-342c7638.jpg,images/100k/train/5144bd14-342c7638.jpg,train,train,overcast,dawn/dusk,highway
5149266c-c77bb7ae,5149266c-c77bb7ae.jpg,images/100k/train/5149266c-c77bb7ae.jpg,train,train,clear,daytime,city street
515ec2c4-f89db79c,515ec2c4-f89db79c.jpg,images/100k/train/515ec2c4-f89db79c.jpg,train,train,rainy,night,city street
516a1749-0e9b0396,516a1749-0e9b0396.jpg,images/100k/train/516a1749-0e9b0396.jpg,train,train,clear,night,highway
517773fa-58a29788,517773fa-58a29788.jpg,images/100k/train/517773fa-58a29788.jpg,train,train,overcast,daytime,city street
517773fa-a4e7c26d,517773fa-a4e7c26d.jpg,images/100k/train/517773fa-a4e7c26d.jpg,train,train,clear,daytime,highway
517bdf76-d8386ab2,517bdf76-d8386ab2.jpg,images/100k/train/517bdf76-d8386ab2.jpg,train,train,clear,night,city street
5184dabf-aacadf02,5184dabf-aacadf02.jpg,images/100k/train/5184dabf-aacadf02.jpg,train,train,clear,night,city street
518a19b7-94803cfd,518a19b7-94803cfd.jpg,images/100k/train/518a19b7-94803cfd.jpg,train,train,rainy,night,city street
518a19b7-e2bce38c,518a19b7-e2bce38c.jpg,images/100k/train/518a19b7-e2bce38c.jpg,train,train,clear,night,highway
518c231d-619ca268,518c231d-619ca268.jpg,images/100k/train/518c231d-619ca268.jpg,train,train,clear,night,highway
519a606b-23ed8a35,519a606b-23ed8a35.jpg,images/100k/train/519a606b-23ed8a35.jpg,train,train,clear,night,city street
51a5434f-beffd77f,51a5434f-beffd77f.jpg,images/100k/train/51a5434f-beffd77f.jpg,train,train,overcast,daytime,city street
51a79f7c-055cecfe,51a79f7c-055cecfe.jpg,images/100k/train/51a79f7c-055cecfe.jpg,train,train,partly cloudy,daytime,city street
51b05a44-ec93b394,51b05a44-ec93b394.jpg,images/100k/train/51b05a44-ec93b394.jpg,train,train,foggy,daytime,residential
51b148ab-a9559d79,51b148ab-a9559d79.jpg,images/100k/train/51b148ab-a9559d79.jpg,train,train,undefined,daytime,city street
51b37824-1b015cfd,51b37824-1b015cfd.jpg,images/100k/train/51b37824-1b015cfd.jpg,train,train,partly cloudy,dawn/dusk,city street
51ca17ab-d2c93914,51ca17ab-d2c93914.jpg,images/100k/train/51ca17ab-d2c93914.jpg,train,train,rainy,night,city street
51d10703-22941982,51d10703-22941982.jpg,images/100k/train/51d10703-22941982.jpg,train,train,partly cloudy,daytime,city street
51e12cac-c97dcfbe,51e12cac-c97dcfbe.jpg,images/100k/train/51e12cac-c97dcfbe.jpg,train,train,clear,night,city street
51f7e26a-662160e5,51f7e26a-662160e5.jpg,images/100k/train/51f7e26a-662160e5.jpg,train,train,clear,dawn/dusk,city street
51f97d3e-638ef291,51f97d3e-638ef291.jpg,images/100k/train/51f97d3e-638ef291.jpg,train,train,overcast,daytime,city street
51f9dd0a-13456c4e,51f9dd0a-13456c4e.jpg,images/100k/train/51f9dd0a-13456c4e.jpg,train,train,undefined,daytime,city street
51fed393-9e7f8e90,51fed393-9e7f8e90.jpg,images/100k/train/51fed393-9e7f8e90.jpg,train,train,clear,night,city street
521a9ff9-97326ac5,521a9ff9-97326ac5.jpg,images/100k/train/521a9ff9-97326ac5.jpg,train,train,clear,night,highway
5223d9fc-41665ea6,5223d9fc-41665ea6.jpg,images/100k/train/5223d9fc-41665ea6.jpg,train,train,snowy,night,city street
522db3cc-66f21885,522db3cc-66f21885.jpg,images/100k/train/522db3cc-66f21885.jpg,train,train,clear,daytime,city street
52393c6f-0ce5af82,52393c6f-0ce5af82.jpg,images/100k/train/52393c6f-0ce5af82.jpg,train,train,overcast,dawn/dusk,city street
523d36a0-50a867e9,523d36a0-50a867e9.jpg,images/100k/train/523d36a0-50a867e9.jpg,train,train,undefined,daytime,city street
5250cae5-21b5c9c7,5250cae5-21b5c9c7.jpg,images/100k/train/5250cae5-21b5c9c7.jpg,train,train,snowy,dawn/dusk,city street
5250cae5-5e22e33a,5250cae5-5e22e33a.jpg,images/100k/train/5250cae5-5e22e33a.jpg,train,train,snowy,daytime,city street
5250cae5-dd08b350,5250cae5-dd08b350.jpg,images/100k/train/5250cae5-dd08b350.jpg,train,train,snowy,daytime,residential
52643c04-85770c24,52643c04-85770c24.jpg,images/100k/train/52643c04-85770c24.jpg,train,train,clear,daytime,city street
527b4223-f7857075,527b4223-f7857075.jpg,images/100k/train/527b4223-f7857075.jpg,train,train,clear,daytime,city street
528076d2-0aeed053,528076d2-0aeed053.jpg,images/100k/train/528076d2-0aeed053.jpg,train,train,overcast,daytime,city street
5292685b-5ce9e5a3,5292685b-5ce9e5a3.jpg,images/100k/train/5292685b-5ce9e5a3.jpg,train,train,clear,night,city street
5292685b-6d8bd35f,5292685b-6d8bd35f.jpg,images/100k/train/5292685b-6d8bd35f.jpg,train,train,clear,night,city street
5295295e-973afb65,5295295e-973afb65.jpg,images/100k/train/5295295e-973afb65.jpg,train,train,clear,night,city street
5295493c-fb8126b5,5295493c-fb8126b5.jpg,images/100k/train/5295493c-fb8126b5.jpg,train,train,clear,night,city street
5298e4c2-df2dfd6a,5298e4c2-df2dfd6a.jpg,images/100k/train/5298e4c2-df2dfd6a.jpg,train,train,clear,daytime,city street
529c49fb-c2455310,529c49fb-c2455310.jpg,images/100k/train/529c49fb-c2455310.jpg,train,train,clear,night,city street
52a51caa-3950a5ec,52a51caa-3950a5ec.jpg,images/100k/train/52a51caa-3950a5ec.jpg,train,train,clear,daytime,highway
52a51caa-b08441fc,52a51caa-b08441fc.jpg,images/100k/train/52a51caa-b08441fc.jpg,train,train,clear,daytime,city street
52a85d35-0e79c8f0,52a85d35-0e79c8f0.jpg,images/100k/train/52a85d35-0e79c8f0.jpg,train,train,clear,night,highway
52b49c9c-b2098729,52b49c9c-b2098729.jpg,images/100k/train/52b49c9c-b2098729.jpg,train,train,clear,night,highway
52ba66d6-fd79f5da,52ba66d6-fd79f5da.jpg,images/100k/train/52ba66d6-fd79f5da.jpg,train,train,clear,dawn/dusk,highway
52c835b9-dcf577eb,52c835b9-dcf577eb.jpg,images/100k/train/52c835b9-dcf577eb.jpg,train,train,clear,night,highway
52d2db1b-ca813223,52d2db1b-ca813223.jpg,images/100k/train/52d2db1b-ca813223.jpg,train,train,snowy,night,residential
52d43a91-7535d3e1,52d43a91-7535d3e1.jpg,images/100k/train/52d43a91-7535d3e1.jpg,train,train,clear,night,city street
52e1c1e1-baa93755,52e1c1e1-baa93755.jpg,images/100k/train/52e1c1e1-baa93755.jpg,train,train,clear,night,highway
5305169c-ce8364de,5305169c-ce8364de.jpg,images/100k/train/5305169c-ce8364de.jpg,train,train,clear,daytime,residential
531ff019-9ad838ad,531ff019-9ad838ad.jpg,images/100k/train/531ff019-9ad838ad.jpg,train,train,clear,night,city street
5324744a-22cbf466,5324744a-22cbf466.jpg,images/100k/train/5324744a-22cbf466.jpg,train,train,partly cloudy,daytime,city street
53266bd8-9411820a,53266bd8-9411820a.jpg,images/100k/train/53266bd8-9411820a.jpg,train,train,clear,night,highway
532dbe03-161a5040,532dbe03-161a5040.jpg,images/100k/train/532dbe03-161a5040.jpg,train,train,clear,night,highway
533396dc-eed1d0bc,533396dc-eed1d0bc.jpg,images/100k/train/533396dc-eed1d0bc.jpg,train,train,clear,night,highway
53342c27-155c0fc9,53342c27-155c0fc9.jpg,images/100k/train/53342c27-155c0fc9.jpg,train,train,clear,daytime,highway
535219a6-b8abc935,535219a6-b8abc935.jpg,images/100k/train/535219a6-b8abc935.jpg,train,train,clear,night,city street
535e8ac4-5dd9efca,535e8ac4-5dd9efca.jpg,images/100k/train/535e8ac4-5dd9efca.jpg,train,train,clear,night,city street
53689ded-3f71b798,53689ded-3f71b798.jpg,images/100k/train/53689ded-3f71b798.jpg,train,train,rainy,daytime,highway
53707d9f-86c1b91e,53707d9f-86c1b91e.jpg,images/100k/train/53707d9f-86c1b91e.jpg,train,train,clear,night,city street
5370d7b1-ea9f415f,5370d7b1-ea9f415f.jpg,images/100k/train/5370d7b1-ea9f415f.jpg,train,train,clear,daytime,city street
539a75c8-808723e3,539a75c8-808723e3.jpg,images/100k/train/539a75c8-808723e3.jpg,train,train,snowy,daytime,city street
53a82779-ae4f876e,53a82779-ae4f876e.jpg,images/100k/train/53a82779-ae4f876e.jpg,train,train,snowy,daytime,highway
53afede9-a4c7e12a,53afede9-a4c7e12a.jpg,images/100k/train/53afede9-a4c7e12a.jpg,train,train,undefined,daytime,city street
53b6be87-df2e640f,53b6be87-df2e640f.jpg,images/100k/train/53b6be87-df2e640f.jpg,train,train,clear,night,highway
53e70e9c-17b849b4,53e70e9c-17b849b4.jpg,images/100k/train/53e70e9c-17b849b4.jpg,train,train,clear,night,city street
53f2b065-27e5b3e2,53f2b065-27e5b3e2.jpg,images/100k/train/53f2b065-27e5b3e2.jpg,train,train,clear,night,city street
53f57c2b-05b5c59a,53f57c2b-05b5c59a.jpg,images/100k/train/53f57c2b-05b5c59a.jpg,train,train,clear,night,city street
53f57c2b-ab9e8634,53f57c2b-ab9e8634.jpg,images/100k/train/53f57c2b-ab9e8634.jpg,train,train,clear,dawn/dusk,highway
53f6f398-51302bca,53f6f398-51302bca.jpg,images/100k/train/53f6f398-51302bca.jpg,train,train,clear,dawn/dusk,city street
5401c407-6b08bd8b,5401c407-6b08bd8b.jpg,images/100k/train/5401c407-6b08bd8b.jpg,train,train,clear,night,city street
5407a744-e06371fd,5407a744-e06371fd.jpg,images/100k/train/5407a744-e06371fd.jpg,train,train,undefined,daytime,city street
5414c04a-290ec16a,5414c04a-290ec16a.jpg,images/100k/train/5414c04a-290ec16a.jpg,train,train,clear,night,city street
542144d8-42936f27,542144d8-42936f27.jpg,images/100k/train/542144d8-42936f27.jpg,train,train,clear,night,highway
5421c2eb-a88e5254,5421c2eb-a88e5254.jpg,images/100k/train/5421c2eb-a88e5254.jpg,train,train,undefined,daytime,highway
542229b3-7ea77128,542229b3-7ea77128.jpg,images/100k/train/542229b3-7ea77128.jpg,train,train,clear,dawn/dusk,city street
543e0902-66439a71,543e0902-66439a71.jpg,images/100k/train/543e0902-66439a71.jpg,train,train,clear,daytime,highway
543e242d-29c4209a,543e242d-29c4209a.jpg,images/100k/train/543e242d-29c4209a.jpg,train,train,undefined,daytime,city street
54404947-fcf42b84,54404947-fcf42b84.jpg,images/100k/train/54404947-fcf42b84.jpg,train,train,rainy,night,city street
54473ef1-b0d01562,54473ef1-b0d01562.jpg,images/100k/train/54473ef1-b0d01562.jpg,train,train,overcast,daytime,highway
54496929-c719be34,54496929-c719be34.jpg,images/100k/train/54496929-c719be34.jpg,train,train,partly cloudy,daytime,city street
544efe84-e6399ee4,544efe84-e6399ee4.jpg,images/100k/train/544efe84-e6399ee4.jpg,train,train,undefined,daytime,city street
544fab1c-4a45e5f7,544fab1c-4a45e5f7.jpg,images/100k/train/544fab1c-4a45e5f7.jpg,train,train,snowy,daytime,highway
5457fc77-80d2440b,5457fc77-80d2440b.jpg,images/100k/train/5457fc77-80d2440b.jpg,train,train,clear,night,city street
545cd32e-1eb7c07f,545cd32e-1eb7c07f.jpg,images/100k/train/545cd32e-1eb7c07f.jpg,train,train,rainy,night,city street
546b3334-82f22759,546b3334-82f22759.jpg,images/100k/train/546b3334-82f22759.jpg,train,train,clear,night,city street
5484660d-fc634f7a,5484660d-fc634f7a.jpg,images/100k/train/5484660d-fc634f7a.jpg,train,train,rainy,night,city street
5487e95b-3734c459,5487e95b-3734c459.jpg,images/100k/train/5487e95b-3734c459.jpg,train,train,clear,night,highway
54897e52-7464ae6e,54897e52-7464ae6e.jpg,images/100k/train/54897e52-7464ae6e.jpg,train,train,rainy,night,city street
54900072-c4c34280,54900072-c4c34280.jpg,images/100k/train/54900072-c4c34280.jpg,train,train,rainy,daytime,highway
54a3c5c6-74e9bb53,54a3c5c6-74e9bb53.jpg,images/100k/train/54a3c5c6-74e9bb53.jpg,train,train,clear,daytime,parking lot
54a8ea32-49f75555,54a8ea32-49f75555.jpg,images/100k/train/54a8ea32-49f75555.jpg,train,train,clear,night,residential
54a92bc0-c547f811,54a92bc0-c547f811.jpg,images/100k/train/54a92bc0-c547f811.jpg,train,train,undefined,daytime,city street
54afe3d6-70174049,54afe3d6-70174049.jpg,images/100k/train/54afe3d6-70174049.jpg,train,train,clear,night,city street
54bbf013-fff07539,54bbf013-fff07539.jpg,images/100k/train/54bbf013-fff07539.jpg,train,train,undefined,daytime,city street
54bc928c-7c831f35,54bc928c-7c831f35.jpg,images/100k/train/54bc928c-7c831f35.jpg,train,train,clear,night,city street
54cd3017-4b69e4ed,54cd3017-4b69e4ed.jpg,images/100k/train/54cd3017-4b69e4ed.jpg,train,train,clear,night,city street
54e06da7-41adab9d,54e06da7-41adab9d.jpg,images/100k/train/54e06da7-41adab9d.jpg,train,train,rainy,daytime,city street
54e20e4c-ae2d0cc0,54e20e4c-ae2d0cc0.jpg,images/100k/train/54e20e4c-ae2d0cc0.jpg,train,train,overcast,daytime,city street
54ec8490-5b486d09,54ec8490-5b486d09.jpg,images/100k/train/54ec8490-5b486d09.jpg,train,train,clear,night,city street
54ed9c5a-f3926b7e,54ed9c5a-f3926b7e.jpg,images/100k/train/54ed9c5a-f3926b7e.jpg,train,train,clear,daytime,city street
54ee67ef-35704d95,54ee67ef-35704d95.jpg,images/100k/train/54ee67ef-35704d95.jpg,train,train,snowy,night,city street
54eeb02a-9516ca0c,54eeb02a-9516ca0c.jpg,images/100k/train/54eeb02a-9516ca0c.jpg,train,train,partly cloudy,daytime,city street
54ef80cd-c45f3f2d,54ef80cd-c45f3f2d.jpg,images/100k/train/54ef80cd-c45f3f2d.jpg,train,train,clear,daytime,city street
54f571e8-b02c3330,54f571e8-b02c3330.jpg,images/100k/train/54f571e8-b02c3330.jpg,train,train,clear,night,city street
55095e84-03db78b6,55095e84-03db78b6.jpg,images/100k/train/55095e84-03db78b6.jpg,train,train,undefined,daytime,city street
550e8c02-f206974e,550e8c02-f206974e.jpg,images/100k/train/550e8c02-f206974e.jpg,train,train,partly cloudy,dawn/dusk,city street
55125a9b-5c06bb61,55125a9b-5c06bb61.jpg,images/100k/train/55125a9b-5c06bb61.jpg,train,train,clear,daytime,city street
5516424f-fdc91e0e,5516424f-fdc91e0e.jpg,images/100k/train/5516424f-fdc91e0e.jpg,train,train,overcast,daytime,city street
551c0746-d1e11f3d,551c0746-d1e11f3d.jpg,images/100k/train/551c0746-d1e11f3d.jpg,train,train,partly cloudy,daytime,city street
5524faf2-58c95d9a,5524faf2-58c95d9a.jpg,images/100k/train/5524faf2-58c95d9a.jpg,train,train,partly cloudy,daytime,highway
5528f0d0-dec93005,5528f0d0-dec93005.jpg,images/100k/train/5528f0d0-dec93005.jpg,train,train,undefined,daytime,residential
553e2f37-5279ec2b,553e2f37-5279ec2b.jpg,images/100k/train/553e2f37-5279ec2b.jpg,train,train,snowy,daytime,city street
554aa65e-cd59f848,554aa65e-cd59f848.jpg,images/100k/train/554aa65e-cd59f848.jpg,train,train,clear,daytime,residential
554dcc31-a37620e8,554dcc31-a37620e8.jpg,images/100k/train/554dcc31-a37620e8.jpg,train,train,overcast,daytime,city street
5550b73b-c349c695,5550b73b-c349c695.jpg,images/100k/train/5550b73b-c349c695.jpg,train,train,clear,daytime,city street
555b2016-fbca3966,555b2016-fbca3966.jpg,images/100k/train/555b2016-fbca3966.jpg,train,train,snowy,daytime,city street
55610eb6-a0ec7341,55610eb6-a0ec7341.jpg,images/100k/train/55610eb6-a0ec7341.jpg,train,train,overcast,daytime,city street
55616678-8a87977d,55616678-8a87977d.jpg,images/100k/train/55616678-8a87977d.jpg,train,train,partly cloudy,daytime,highway
5561a79a-4535d2c3,5561a79a-4535d2c3.jpg,images/100k/train/5561a79a-4535d2c3.jpg,train,train,clear,daytime,highway
5561a79a-efe6f837,5561a79a-efe6f837.jpg,images/100k/train/5561a79a-efe6f837.jpg,train,train,clear,night,city street
55664cde-d1ce5b29,55664cde-d1ce5b29.jpg,images/100k/train/55664cde-d1ce5b29.jpg,train,train,clear,dawn/dusk,city street
55677a88-c3fe2cb6,55677a88-c3fe2cb6.jpg,images/100k/train/55677a88-c3fe2cb6.jpg,train,train,clear,daytime,city street
556fea17-9ccc4fe9,556fea17-9ccc4fe9.jpg,images/100k/train/556fea17-9ccc4fe9.jpg,train,train,clear,daytime,residential
55754f61-3d3c34f2,55754f61-3d3c34f2.jpg,images/100k/train/55754f61-3d3c34f2.jpg,train,train,clear,night,city street
5581ff7f-2ef770cd,5581ff7f-2ef770cd.jpg,images/100k/train/5581ff7f-2ef770cd.jpg,train,train,overcast,daytime,city street
559104fc-0dd640f8,559104fc-0dd640f8.jpg,images/100k/train/559104fc-0dd640f8.jpg,train,train,clear,dawn/dusk,highway
5596b952-f7334f6a,5596b952-f7334f6a.jpg,images/100k/train/5596b952-f7334f6a.jpg,train,train,partly cloudy,daytime,residential
55a50c81-9a8d1a13,55a50c81-9a8d1a13.jpg,images/100k/train/55a50c81-9a8d1a13.jpg,train,train,rainy,daytime,city street
55a7d305-fabb4d24,55a7d305-fabb4d24.jpg,images/100k/train/55a7d305-fabb4d24.jpg,train,train,partly cloudy,daytime,highway
55acc06f-a38d43d7,55acc06f-a38d43d7.jpg,images/100k/train/55acc06f-a38d43d7.jpg,train,train,clear,daytime,city street
55c6dbef-00cb78ef,55c6dbef-00cb78ef.jpg,images/100k/train/55c6dbef-00cb78ef.jpg,train,train,undefined,daytime,city street
55cdb0cc-40e8294c,55cdb0cc-40e8294c.jpg,images/100k/train/55cdb0cc-40e8294c.jpg,train,train,overcast,daytime,city street
55e45954-65fba4d0,55e45954-65fba4d0.jpg,images/100k/train/55e45954-65fba4d0.jpg,train,train,clear,daytime,city street
55ebbace-e698654e,55ebbace-e698654e.jpg,images/100k/train/55ebbace-e698654e.jpg,train,train,overcast,daytime,city street
55f1f1fc-76a73fe5,55f1f1fc-76a73fe5.jpg,images/100k/train/55f1f1fc-76a73fe5.jpg,train,train,undefined,daytime,city street
55f36b4e-d97ba182,55f36b4e-d97ba182.jpg,images/100k/train/55f36b4e-d97ba182.jpg,train,train,snowy,night,city street
55fa9c72-0403e670,55fa9c72-0403e670.jpg,images/100k/train/55fa9c72-0403e670.jpg,train,train,snowy,night,city street
55fe22b3-76b69c80,55fe22b3-76b69c80.jpg,images/100k/train/55fe22b3-76b69c80.jpg,train,train,rainy,night,city street
55fe22b3-bd9dec74,55fe22b3-bd9dec74.jpg,images/100k/train/55fe22b3-bd9dec74.jpg,train,train,rainy,night,highway
5612acff-9d92a187,5612acff-9d92a187.jpg,images/100k/train/5612acff-9d92a187.jpg,train,train,partly cloudy,daytime,residential
56188d0a-e6e63c48,56188d0a-e6e63c48.jpg,images/100k/train/56188d0a-e6e63c48.jpg,train,train,clear,daytime,highway
562315a3-781be4df,562315a3-781be4df.jpg,images/100k/train/562315a3-781be4df.jpg,train,train,snowy,night,city street
562315a3-abb87906,562315a3-abb87906.jpg,images/100k/train/562315a3-abb87906.jpg,train,train,clear,night,city street
5623ad6e-ef5773e5,5623ad6e-ef5773e5.jpg,images/100k/train/5623ad6e-ef5773e5.jpg,train,train,undefined,daytime,city street
56247c59-f45b4a2a,56247c59-f45b4a2a.jpg,images/100k/train/56247c59-f45b4a2a.jpg,train,train,clear,night,city street
56265db5-fe64bdb0,56265db5-fe64bdb0.jpg,images/100k/train/56265db5-fe64bdb0.jpg,train,train,clear,night,city street
563777cd-0a087ea6,563777cd-0a087ea6.jpg,images/100k/train/563777cd-0a087ea6.jpg,train,train,clear,daytime,residential
563e1342-6b702132,563e1342-6b702132.jpg,images/100k/train/563e1342-6b702132.jpg,train,train,clear,daytime,city street
565f746e-5a800b0c,565f746e-5a800b0c.jpg,images/100k/train/565f746e-5a800b0c.jpg,train,train,snowy,night,city street
5663f149-7db88258,5663f149-7db88258.jpg,images/100k/train/5663f149-7db88258.jpg,train,train,clear,daytime,city street
566b970a-43e0a289,566b970a-43e0a289.jpg,images/100k/train/566b970a-43e0a289.jpg,train,train,clear,night,city street
5671426d-e7411c56,5671426d-e7411c56.jpg,images/100k/train/5671426d-e7411c56.jpg,train,train,clear,night,residential
5671df84-e2b58e2a,5671df84-e2b58e2a.jpg,images/100k/train/5671df84-e2b58e2a.jpg,train,train,partly cloudy,daytime,highway
567c3556-98c48262,567c3556-98c48262.jpg,images/100k/train/567c3556-98c48262.jpg,train,train,clear,night,city street
56861e74-222b9b26,56861e74-222b9b26.jpg,images/100k/train/56861e74-222b9b26.jpg,train,train,undefined,daytime,highway
56893e8f-be45c23a,56893e8f-be45c23a.jpg,images/100k/train/56893e8f-be45c23a.jpg,train,train,undefined,daytime,city street
56948b75-881b1999,56948b75-881b1999.jpg,images/100k/train/56948b75-881b1999.jpg,train,train,undefined,daytime,city street
569d591a-0dce276c,569d591a-0dce276c.jpg,images/100k/train/569d591a-0dce276c.jpg,train,train,clear,daytime,city street
56a36f2b-d721b27a,56a36f2b-d721b27a.jpg,images/100k/train/56a36f2b-d721b27a.jpg,train,train,clear,night,highway
56aaa991-5498da56,56aaa991-5498da56.jpg,images/100k/train/56aaa991-5498da56.jpg,train,train,clear,daytime,highway
56bc004a-09e03cf1,56bc004a-09e03cf1.jpg,images/100k/train/56bc004a-09e03cf1.jpg,train,train,clear,daytime,residential
56d58594-2273abb1,56d58594-2273abb1.jpg,images/100k/train/56d58594-2273abb1.jpg,train,train,clear,daytime,highway
56da18b9-7f880857,56da18b9-7f880857.jpg,images/100k/train/56da18b9-7f880857.jpg,train,train,clear,daytime,residential
56f1431d-dcecde49,56f1431d-dcecde49.jpg,images/100k/train/56f1431d-dcecde49.jpg,train,train,overcast,daytime,city street
5703a746-d7d5b1a8,5703a746-d7d5b1a8.jpg,images/100k/train/5703a746-d7d5b1a8.jpg,train,train,clear,night,city street
571aa64c-74741516,571aa64c-74741516.jpg,images/100k/train/571aa64c-74741516.jpg,train,train,overcast,dawn/dusk,highway
571aa64c-fa46c179,571aa64c-fa46c179.jpg,images/100k/train/571aa64c-fa46c179.jpg,train,train,clear,night,highway
572d01f8-5d7629e0,572d01f8-5d7629e0.jpg,images/100k/train/572d01f8-5d7629e0.jpg,train,train,partly cloudy,daytime,city street
574b9240-1886a673,574b9240-1886a673.jpg,images/100k/train/574b9240-1886a673.jpg,train,train,undefined,dawn/dusk,highway
574ef24a-a815b38a,574ef24a-a815b38a.jpg,images/100k/train/574ef24a-a815b38a.jpg,train,train,overcast,daytime,city street
576127aa-03dfc1f4,576127aa-03dfc1f4.jpg,images/100k/train/576127aa-03dfc1f4.jpg,train,train,rainy,night,undefined
57671c58-bbc50c0b,57671c58-bbc50c0b.jpg,images/100k/train/57671c58-bbc50c0b.jpg,train,train,snowy,daytime,city street
576b16bc-f0595a17,576b16bc-f0595a17.jpg,images/100k/train/576b16bc-f0595a17.jpg,train,train,clear,dawn/dusk,city street
57786efc-bf22e3c5,57786efc-bf22e3c5.jpg,images/100k/train/57786efc-bf22e3c5.jpg,train,train,undefined,daytime,highway
577bf722-809189b4,577bf722-809189b4.jpg,images/100k/train/577bf722-809189b4.jpg,train,train,overcast,daytime,city street
5795bfe7-2c82d109,5795bfe7-2c82d109.jpg,images/100k/train/5795bfe7-2c82d109.jpg,train,train,snowy,daytime,highway
579611ab-36d93195,579611ab-36d93195.jpg,images/100k/train/579611ab-36d93195.jpg,train,train,clear,daytime,residential
57a74e8d-58382822,57a74e8d-58382822.jpg,images/100k/train/57a74e8d-58382822.jpg,train,train,clear,daytime,city street
57a84356-6646bdb9,57a84356-6646bdb9.jpg,images/100k/train/57a84356-6646bdb9.jpg,train,train,overcast,daytime,highway
57ba7681-0a081da7,57ba7681-0a081da7.jpg,images/100k/train/57ba7681-0a081da7.jpg,train,train,clear,night,city street
57c4b923-d6f7a0b3,57c4b923-d6f7a0b3.jpg,images/100k/train/57c4b923-d6f7a0b3.jpg,train,train,clear,night,city street
57c4b923-f2dceda5,57c4b923-f2dceda5.jpg,images/100k/train/57c4b923-f2dceda5.jpg,train,train,clear,night,highway
57c7337c-e544fd7c,57c7337c-e544fd7c.jpg,images/100k/train/57c7337c-e544fd7c.jpg,train,train,clear,night,city street
57cdfcb0-dbddb8a3,57cdfcb0-dbddb8a3.jpg,images/100k/train/57cdfcb0-dbddb8a3.jpg,train,train,overcast,daytime,highway
57d70c7e-41cd24bd,57d70c7e-41cd24bd.jpg,images/100k/train/57d70c7e-41cd24bd.jpg,train,train,clear,night,city street
57e2d780-267cd231,57e2d780-267cd231.jpg,images/100k/train/57e2d780-267cd231.jpg,train,train,clear,night,highway
57e78466-241bdffe,57e78466-241bdffe.jpg,images/100k/train/57e78466-241bdffe.jpg,train,train,clear,daytime,city street
57fa6595-cd66ac5a,57fa6595-cd66ac5a.jpg,images/100k/train/57fa6595-cd66ac5a.jpg,train,train,undefined,daytime,residential
5804addd-f4ca5184,5804addd-f4ca5184.jpg,images/100k/train/5804addd-f4ca5184.jpg,train,train,clear,daytime,highway
5811624d-26e4bc38,5811624d-26e4bc38.jpg,images/100k/train/5811624d-26e4bc38.jpg,train,train,clear,night,city street
5815e6ef-bc5c4c65,5815e6ef-bc5c4c65.jpg,images/100k/train/5815e6ef-bc5c4c65.jpg,train,train,overcast,daytime,city street
581707a1-4a77a578,581707a1-4a77a578.jpg,images/100k/train/581707a1-4a77a578.jpg,train,train,clear,night,city street
58198565-0937094a,58198565-0937094a.jpg,images/100k/train/58198565-0937094a.jpg,train,train,undefined,daytime,city street
58251bbc-58d53d43,58251bbc-58d53d43.jpg,images/100k/train/58251bbc-58d53d43.jpg,train,train,partly cloudy,daytime,city street
5835e3bd-6f986951,5835e3bd-6f986951.jpg,images/100k/train/5835e3bd-6f986951.jpg,train,train,overcast,daytime,residential
58372f0a-7cb35bd3,58372f0a-7cb35bd3.jpg,images/100k/train/58372f0a-7cb35bd3.jpg,train,train,snowy,daytime,city street
5842c6a9-a883273b,5842c6a9-a883273b.jpg,images/100k/train/5842c6a9-a883273b.jpg,train,train,clear,daytime,city street
584f9d56-0ce3a473,584f9d56-0ce3a473.jpg,images/100k/train/584f9d56-0ce3a473.jpg,train,train,clear,night,city street
58538d31-ac0b219f,58538d31-ac0b219f.jpg,images/100k/train/58538d31-ac0b219f.jpg,train,train,rainy,dawn/dusk,highway
5872965e-9be5ad41,5872965e-9be5ad41.jpg,images/100k/train/5872965e-9be5ad41.jpg,train,train,rainy,dawn/dusk,city street
58863605-132f233f,58863605-132f233f.jpg,images/100k/train/58863605-132f233f.jpg,train,train,undefined,dawn/dusk,city street
58885f23-989b4562,58885f23-989b4562.jpg,images/100k/train/58885f23-989b4562.jpg,train,train,rainy,night,highway
588a43a9-44d9aa77,588a43a9-44d9aa77.jpg,images/100k/train/588a43a9-44d9aa77.jpg,train,train,clear,daytime,city street
588cc548-c49161c5,588cc548-c49161c5.jpg,images/100k/train/588cc548-c49161c5.jpg,train,train,clear,night,city street
58984919-e65c32df,58984919-e65c32df.jpg,images/100k/train/58984919-e65c32df.jpg,train,train,clear,night,highway
58a1b187-a89ddbfe,58a1b187-a89ddbfe.jpg,images/100k/train/58a1b187-a89ddbfe.jpg,train,train,undefined,daytime,city street
58a21ac3-37edd33a,58a21ac3-37edd33a.jpg,images/100k/train/58a21ac3-37edd33a.jpg,train,train,clear,night,highway
58add71f-531d7f3b,58add71f-531d7f3b.jpg,images/100k/train/58add71f-531d7f3b.jpg,train,train,clear,night,city street
58b5120e-b2cae116,58b5120e-b2cae116.jpg,images/100k/train/58b5120e-b2cae116.jpg,train,train,snowy,daytime,city street
58b5120e-e82a65e4,58b5120e-e82a65e4.jpg,images/100k/train/58b5120e-e82a65e4.jpg,train,train,snowy,night,city street
58ce2b19-fd85f6dc,58ce2b19-fd85f6dc.jpg,images/100k/train/58ce2b19-fd85f6dc.jpg,train,train,clear,night,city street
58e0268a-c1710654,58e0268a-c1710654.jpg,images/100k/train/58e0268a-c1710654.jpg,train,train,clear,night,highway
58e20170-d8e1db5d,58e20170-d8e1db5d.jpg,images/100k/train/58e20170-d8e1db5d.jpg,train,train,overcast,dawn/dusk,city street
58e736cf-455cc4ba,58e736cf-455cc4ba.jpg,images/100k/train/58e736cf-455cc4ba.jpg,train,train,partly cloudy,daytime,highway
58f34298-0d80a7e6,58f34298-0d80a7e6.jpg,images/100k/train/58f34298-0d80a7e6.jpg,train,train,undefined,daytime,city street
58f34298-5267e43f,58f34298-5267e43f.jpg,images/100k/train/58f34298-5267e43f.jpg,train,train,overcast,dawn/dusk,city street
58f3ffa9-3101ac11,58f3ffa9-3101ac11.jpg,images/100k/train/58f3ffa9-3101ac11.jpg,train,train,clear,night,city street
58f92e6b-bf7d85b4,58f92e6b-bf7d85b4.jpg,images/100k/train/58f92e6b-bf7d85b4.jpg,train,train,overcast,daytime,city street
58fa8e9b-23692d83,58fa8e9b-23692d83.jpg,images/100k/train/58fa8e9b-23692d83.jpg,train,train,clear,daytime,residential
58ff7092-9694faee,58ff7092-9694faee.jpg,images/100k/train/58ff7092-9694faee.jpg,train,train,snowy,daytime,highway
58ff7092-b471d50b,58ff7092-b471d50b.jpg,images/100k/train/58ff7092-b471d50b.jpg,train,train,clear,daytime,parking lot
5913200a-fdff0017,5913200a-fdff0017.jpg,images/100k/train/5913200a-fdff0017.jpg,train,train,clear,night,highway
59193a32-310c48ef,59193a32-310c48ef.jpg,images/100k/train/59193a32-310c48ef.jpg,train,train,clear,night,city street
591f89a5-2eaa420c,591f89a5-2eaa420c.jpg,images/100k/train/591f89a5-2eaa420c.jpg,train,train,clear,night,city street
5923075c-0643331b,5923075c-0643331b.jpg,images/100k/train/5923075c-0643331b.jpg,train,train,rainy,night,highway
5927f35b-b330906f,5927f35b-b330906f.jpg,images/100k/train/5927f35b-b330906f.jpg,train,train,overcast,daytime,city street
5931aaa2-4f7ef75a,5931aaa2-4f7ef75a.jpg,images/100k/train/5931aaa2-4f7ef75a.jpg,train,train,snowy,daytime,highway
5935c959-955b351e,5935c959-955b351e.jpg,images/100k/train/5935c959-955b351e.jpg,train,train,undefined,daytime,residential
5935ea52-d76ed7db,5935ea52-d76ed7db.jpg,images/100k/train/5935ea52-d76ed7db.jpg,train,train,clear,night,city street
593615f5-01762cc7,593615f5-01762cc7.jpg,images/100k/train/593615f5-01762cc7.jpg,train,train,clear,night,highway
593c9db8-1f5af18b,593c9db8-1f5af18b.jpg,images/100k/train/593c9db8-1f5af18b.jpg,train,train,clear,night,highway
594cb024-570e9d1f,594cb024-570e9d1f.jpg,images/100k/train/594cb024-570e9d1f.jpg,train,train,clear,daytime,highway
594f2cfd-66f141e0,594f2cfd-66f141e0.jpg,images/100k/train/594f2cfd-66f141e0.jpg,train,train,rainy,daytime,city street
594fec24-29a699ff,594fec24-29a699ff.jpg,images/100k/train/594fec24-29a699ff.jpg,train,train,clear,night,city street
595c12eb-5d20d598,595c12eb-5d20d598.jpg,images/100k/train/595c12eb-5d20d598.jpg,train,train,clear,night,city street
596f3a17-49eb8bab,596f3a17-49eb8bab.jpg,images/100k/train/596f3a17-49eb8bab.jpg,train,train,clear,night,residential
598a3503-27ce6b36,598a3503-27ce6b36.jpg,images/100k/train/598a3503-27ce6b36.jpg,train,train,clear,daytime,city street
598a3503-81a87096,598a3503-81a87096.jpg,images/100k/train/598a3503-81a87096.jpg,train,train,clear,daytime,residential
598b9219-65e2652b,598b9219-65e2652b.jpg,images/100k/train/598b9219-65e2652b.jpg,train,train,rainy,daytime,residential
59942c86-dfcea821,59942c86-dfcea821.jpg,images/100k/train/59942c86-dfcea821.jpg,train,train,overcast,dawn/dusk,city street
5995c288-bb0d81c1,5995c288-bb0d81c1.jpg,images/100k/train/5995c288-bb0d81c1.jpg,train,train,clear,daytime,highway
5995c288-e3bef5e2,5995c288-e3bef5e2.jpg,images/100k/train/5995c288-e3bef5e2.jpg,train,train,clear,daytime,highway
59a32ea7-a749523b,59a32ea7-a749523b.jpg,images/100k/train/59a32ea7-a749523b.jpg,train,train,clear,night,highway
59a967e8-bdff88cd,59a967e8-bdff88cd.jpg,images/100k/train/59a967e8-bdff88cd.jpg,train,train,rainy,night,city street
59aad6f2-437c24fd,59aad6f2-437c24fd.jpg,images/100k/train/59aad6f2-437c24fd.jpg,train,train,clear,night,city street
59cde7c7-7f5e4b86,59cde7c7-7f5e4b86.jpg,images/100k/train/59cde7c7-7f5e4b86.jpg,train,train,clear,daytime,residential
59d3ef56-cf26641e,59d3ef56-cf26641e.jpg,images/100k/train/59d3ef56-cf26641e.jpg,train,train,clear,night,residential
59d68035-e26ab52d,59d68035-e26ab52d.jpg,images/100k/train/59d68035-e26ab52d.jpg,train,train,undefined,daytime,residential
5a0402b5-4ef8ee16,5a0402b5-4ef8ee16.jpg,images/100k/train/5a0402b5-4ef8ee16.jpg,train,train,rainy,daytime,city street
5a1a6da0-94320c0a,5a1a6da0-94320c0a.jpg,images/100k/train/5a1a6da0-94320c0a.jpg,train,train,undefined,daytime,highway
5a293189-9681625b,5a293189-9681625b.jpg,images/100k/train/5a293189-9681625b.jpg,train,train,clear,daytime,highway
5a2c2b8a-20ad9dc9,5a2c2b8a-20ad9dc9.jpg,images/100k/train/5a2c2b8a-20ad9dc9.jpg,train,train,clear,night,highway
5a2cb8da-d90d08a2,5a2cb8da-d90d08a2.jpg,images/100k/train/5a2cb8da-d90d08a2.jpg,train,train,clear,night,highway
5a2fb40f-7ecc17b5,5a2fb40f-7ecc17b5.jpg,images/100k/train/5a2fb40f-7ecc17b5.jpg,train,train,clear,night,highway
5a349523-379c8f53,5a349523-379c8f53.jpg,images/100k/train/5a349523-379c8f53.jpg,train,train,overcast,daytime,city street
5a349d96-8b984fb6,5a349d96-8b984fb6.jpg,images/100k/train/5a349d96-8b984fb6.jpg,train,train,overcast,daytime,city street
5a3ce888-75fcc728,5a3ce888-75fcc728.jpg,images/100k/train/5a3ce888-75fcc728.jpg,train,train,clear,night,city street
5a580a40-b9a684f2,5a580a40-b9a684f2.jpg,images/100k/train/5a580a40-b9a684f2.jpg,train,train,clear,night,city street
5a5ef854-67202588,5a5ef854-67202588.jpg,images/100k/train/5a5ef854-67202588.jpg,train,train,overcast,daytime,highway
5a65ca8f-fe01c3fc,5a65ca8f-fe01c3fc.jpg,images/100k/train/5a65ca8f-fe01c3fc.jpg,train,train,rainy,night,highway
5a709e5b-70616cae,5a709e5b-70616cae.jpg,images/100k/train/5a709e5b-70616cae.jpg,train,train,clear,night,highway
5a77ae97-925baa5f,5a77ae97-925baa5f.jpg,images/100k/train/5a77ae97-925baa5f.jpg,train,train,clear,daytime,highway
5a815a91-ee140052,5a815a91-ee140052.jpg,images/100k/train/5a815a91-ee140052.jpg,train,train,partly cloudy,dawn/dusk,city street
5aabca47-26aec55a,5aabca47-26aec55a.jpg,images/100k/train/5aabca47-26aec55a.jpg,train,train,clear,night,city street
5ab1916f-965220ef,5ab1916f-965220ef.jpg,images/100k/train/5ab1916f-965220ef.jpg,train,train,clear,daytime,city street
5ab4b4dd-5ef6422b,5ab4b4dd-5ef6422b.jpg,images/100k/train/5ab4b4dd-5ef6422b.jpg,train,train,rainy,night,city street
5ab74cd0-943ea56b,5ab74cd0-943ea56b.jpg,images/100k/train/5ab74cd0-943ea56b.jpg,train,train,snowy,night,city street
5ac7c12b-e326e7d8,5ac7c12b-e326e7d8.jpg,images/100k/train/5ac7c12b-e326e7d8.jpg,train,train,clear,night,city street
5acb24e6-15a8491c,5acb24e6-15a8491c.jpg,images/100k/train/5acb24e6-15a8491c.jpg,train,train,clear,daytime,city street
5aff317c-ed2e4a4d,5aff317c-ed2e4a4d.jpg,images/100k/train/5aff317c-ed2e4a4d.jpg,train,train,undefined,daytime,city street
5b0cef00-fcf93b5b,5b0cef00-fcf93b5b.jpg,images/100k/train/5b0cef00-fcf93b5b.jpg,train,train,snowy,daytime,residential
5b148437-3abc46be,5b148437-3abc46be.jpg,images/100k/train/5b148437-3abc46be.jpg,train,train,undefined,daytime,city street
5b162329-42ceb0ac,5b162329-42ceb0ac.jpg,images/100k/train/5b162329-42ceb0ac.jpg,train,train,overcast,daytime,city street
5b1a9294-a7f5400d,5b1a9294-a7f5400d.jpg,images/100k/train/5b1a9294-a7f5400d.jpg,train,train,clear,night,city street
5b27653c-d8430835,5b27653c-d8430835.jpg,images/100k/train/5b27653c-d8430835.jpg,train,train,snowy,dawn/dusk,city street
5b3601e1-b675c637,5b3601e1-b675c637.jpg,images/100k/train/5b3601e1-b675c637.jpg,train,train,clear,night,city street
5b478e62-5e6eb853,5b478e62-5e6eb853.jpg,images/100k/train/5b478e62-5e6eb853.jpg,train,train,clear,night,city street
5b492010-a1ae0506,5b492010-a1ae0506.jpg,images/100k/train/5b492010-a1ae0506.jpg,train,train,rainy,night,city street
5b54f9f0-848cd09b,5b54f9f0-848cd09b.jpg,images/100k/train/5b54f9f0-848cd09b.jpg,train,train,snowy,night,residential
5b5c971e-bdc18865,5b5c971e-bdc18865.jpg,images/100k/train/5b5c971e-bdc18865.jpg,train,train,clear,night,city street
5b610854-e487610b,5b610854-e487610b.jpg,images/100k/train/5b610854-e487610b.jpg,train,train,overcast,daytime,highway
5b7f03ae-966bdae6,5b7f03ae-966bdae6.jpg,images/100k/train/5b7f03ae-966bdae6.jpg,train,train,clear,night,city street
5b808158-0ef834e9,5b808158-0ef834e9.jpg,images/100k/train/5b808158-0ef834e9.jpg,train,train,clear,daytime,city street
5b85f948-5185c9c3,5b85f948-5185c9c3.jpg,images/100k/train/5b85f948-5185c9c3.jpg,train,train,clear,daytime,highway
5bc595c4-0449e4b2,5bc595c4-0449e4b2.jpg,images/100k/train/5bc595c4-0449e4b2.jpg,train,train,undefined,daytime,highway
5be9ea69-a255282b,5be9ea69-a255282b.jpg,images/100k/train/5be9ea69-a255282b.jpg,train,train,clear,night,residential
5bea83ef-ecf1912f,5bea83ef-ecf1912f.jpg,images/100k/train/5bea83ef-ecf1912f.jpg,train,train,snowy,daytime,city street
5bef0508-8911aaf8,5bef0508-8911aaf8.jpg,images/100k/train/5bef0508-8911aaf8.jpg,train,train,snowy,dawn/dusk,city street
5bf07489-baa84bca,5bf07489-baa84bca.jpg,images/100k/train/5bf07489-baa84bca.jpg,train,train,clear,daytime,city street
5bf16c10-6f370fc9,5bf16c10-6f370fc9.jpg,images/100k/train/5bf16c10-6f370fc9.jpg,train,train,foggy,night,city street
5bf16c10-81401e77,5bf16c10-81401e77.jpg,images/100k/train/5bf16c10-81401e77.jpg,train,train,clear,night,city street
5bf40b83-f4ca01a8,5bf40b83-f4ca01a8.jpg,images/100k/train/5bf40b83-f4ca01a8.jpg,train,train,clear,night,city street
5bf4a878-03d6b90a,5bf4a878-03d6b90a.jpg,images/100k/train/5bf4a878-03d6b90a.jpg,train,train,snowy,night,city street
5bfd5c52-65582c4e,5bfd5c52-65582c4e.jpg,images/100k/train/5bfd5c52-65582c4e.jpg,train,train,clear,daytime,residential
5bfd5c52-730b4e30,5bfd5c52-730b4e30.jpg,images/100k/train/5bfd5c52-730b4e30.jpg,train,train,clear,daytime,city street
5c0a4834-ffd1d819,5c0a4834-ffd1d819.jpg,images/100k/train/5c0a4834-ffd1d819.jpg,train,train,clear,daytime,city street
5c0e6423-1e3a3511,5c0e6423-1e3a3511.jpg,images/100k/train/5c0e6423-1e3a3511.jpg,train,train,clear,daytime,residential
5c1e4531-d8ce5e7b,5c1e4531-d8ce5e7b.jpg,images/100k/train/5c1e4531-d8ce5e7b.jpg,train,train,rainy,night,highway
5c25d741-10a0cc33,5c25d741-10a0cc33.jpg,images/100k/train/5c25d741-10a0cc33.jpg,train,train,clear,dawn/dusk,city street
5c280393-619dacf6,5c280393-619dacf6.jpg,images/100k/train/5c280393-619dacf6.jpg,train,train,partly cloudy,daytime,city street
5c2907e4-6e17a0f8,5c2907e4-6e17a0f8.jpg,images/100k/train/5c2907e4-6e17a0f8.jpg,train,train,overcast,daytime,city street
5c343d8a-1fca0e1a,5c343d8a-1fca0e1a.jpg,images/100k/train/5c343d8a-1fca0e1a.jpg,train,train,undefined,daytime,city street
5c35cca3-e99b0058,5c35cca3-e99b0058.jpg,images/100k/train/5c35cca3-e99b0058.jpg,train,train,rainy,night,city street
5c3e10c4-f5a32af1,5c3e10c4-f5a32af1.jpg,images/100k/train/5c3e10c4-f5a32af1.jpg,train,train,undefined,daytime,highway
5c4004b7-a9c38458,5c4004b7-a9c38458.jpg,images/100k/train/5c4004b7-a9c38458.jpg,train,train,clear,daytime,highway
5c515515-31a722da,5c515515-31a722da.jpg,images/100k/train/5c515515-31a722da.jpg,train,train,clear,dawn/dusk,city street
5c558525-86ca3901,5c558525-86ca3901.jpg,images/100k/train/5c558525-86ca3901.jpg,train,train,clear,daytime,highway
5c5ea88d-3c833497,5c5ea88d-3c833497.jpg,images/100k/train/5c5ea88d-3c833497.jpg,train,train,snowy,night,city street
5c601267-7c5b7be2,5c601267-7c5b7be2.jpg,images/100k/train/5c601267-7c5b7be2.jpg,train,train,clear,daytime,city street
5c65550a-211bd13b,5c65550a-211bd13b.jpg,images/100k/train/5c65550a-211bd13b.jpg,train,train,clear,night,city street
5c6d92b6-04060619,5c6d92b6-04060619.jpg,images/100k/train/5c6d92b6-04060619.jpg,train,train,rainy,daytime,highway
5c963d8e-b435ffce,5c963d8e-b435ffce.jpg,images/100k/train/5c963d8e-b435ffce.jpg,train,train,clear,daytime,city street
5cb1c3cb-65b16571,5cb1c3cb-65b16571.jpg,images/100k/train/5cb1c3cb-65b16571.jpg,train,train,clear,night,city street
5cb42dde-2011288b,5cb42dde-2011288b.jpg,images/100k/train/5cb42dde-2011288b.jpg,train,train,rainy,night,highway
5cbc5b17-76f7a745,5cbc5b17-76f7a745.jpg,images/100k/train/5cbc5b17-76f7a745.jpg,train,train,clear,night,city street
5cbea93a-ad57708b,5cbea93a-ad57708b.jpg,images/100k/train/5cbea93a-ad57708b.jpg,train,train,snowy,dawn/dusk,highway
5cd2c93c-8025a31d,5cd2c93c-8025a31d.jpg,images/100k/train/5cd2c93c-8025a31d.jpg,train,train,overcast,daytime,city street
5cd47af2-630ce38d,5cd47af2-630ce38d.jpg,images/100k/train/5cd47af2-630ce38d.jpg,train,train,rainy,night,city street
5cdefeca-00316f81,5cdefeca-00316f81.jpg,images/100k/train/5cdefeca-00316f81.jpg,train,train,clear,daytime,city street
5ce2bd49-ef9ee07a,5ce2bd49-ef9ee07a.jpg,images/100k/train/5ce2bd49-ef9ee07a.jpg,train,train,snowy,daytime,city street
5ceeac16-1083b98c,5ceeac16-1083b98c.jpg,images/100k/train/5ceeac16-1083b98c.jpg,train,train,undefined,daytime,city street
5cf4a6f1-544cc7d2,5cf4a6f1-544cc7d2.jpg,images/100k/train/5cf4a6f1-544cc7d2.jpg,train,train,snowy,daytime,city street
5cfa08aa-72d7fa55,5cfa08aa-72d7fa55.jpg,images/100k/train/5cfa08aa-72d7fa55.jpg,train,train,clear,night,city street
5d108670-6e1ede79,5d108670-6e1ede79.jpg,images/100k/train/5d108670-6e1ede79.jpg,train,train,clear,daytime,highway
5d120de5-456ef427,5d120de5-456ef427.jpg,images/100k/train/5d120de5-456ef427.jpg,train,train,undefined,daytime,city street
5d178102-416d7186,5d178102-416d7186.jpg,images/100k/train/5d178102-416d7186.jpg,train,train,snowy,daytime,residential
5d206f57-418ddad7,5d206f57-418ddad7.jpg,images/100k/train/5d206f57-418ddad7.jpg,train,train,clear,night,city street
5d383c18-62723af1,5d383c18-62723af1.jpg,images/100k/train/5d383c18-62723af1.jpg,train,train,clear,daytime,highway
5d49bfb3-5bb4b12a,5d49bfb3-5bb4b12a.jpg,images/100k/train/5d49bfb3-5bb4b12a.jpg,train,train,snowy,dawn/dusk,city street
5d49bfb3-cfebcb70,5d49bfb3-cfebcb70.jpg,images/100k/train/5d49bfb3-cfebcb70.jpg,train,train,clear,daytime,residential
5d524a09-d0397925,5d524a09-d0397925.jpg,images/100k/train/5d524a09-d0397925.jpg,train,train,clear,dawn/dusk,city street
5d67edcd-a5f85a2b,5d67edcd-a5f85a2b.jpg,images/100k/train/5d67edcd-a5f85a2b.jpg,train,train,partly cloudy,daytime,city street
5d98a7be-cd64064d,5d98a7be-cd64064d.jpg,images/100k/train/5d98a7be-cd64064d.jpg,train,train,overcast,daytime,city street
5d99cee0-3b4e420f,5d99cee0-3b4e420f.jpg,images/100k/train/5d99cee0-3b4e420f.jpg,train,train,clear,night,highway
5da6c6b6-5d7fe576,5da6c6b6-5d7fe576.jpg,images/100k/train/5da6c6b6-5d7fe576.jpg,train,train,clear,daytime,highway
5da6c6b6-cba2307d,5da6c6b6-cba2307d.jpg,images/100k/train/5da6c6b6-cba2307d.jpg,train,train,partly cloudy,daytime,city street
5db7248c-0d93e696,5db7248c-0d93e696.jpg,images/100k/train/5db7248c-0d93e696.jpg,train,train,clear,daytime,highway
5dbc01d7-abe5cb87,5dbc01d7-abe5cb87.jpg,images/100k/train/5dbc01d7-abe5cb87.jpg,train,train,overcast,daytime,city street
5dd1ffcb-5fb84b21,5dd1ffcb-5fb84b21.jpg,images/100k/train/5dd1ffcb-5fb84b21.jpg,train,train,clear,night,city street
5dd471ee-d16eaf66,5dd471ee-d16eaf66.jpg,images/100k/train/5dd471ee-d16eaf66.jpg,train,train,clear,daytime,city street
5dfb063f-6b81fb1f,5dfb063f-6b81fb1f.jpg,images/100k/train/5dfb063f-6b81fb1f.jpg,train,train,clear,daytime,highway
5e0310a1-b92bc580,5e0310a1-b92bc580.jpg,images/100k/train/5e0310a1-b92bc580.jpg,train,train,clear,night,city street
5e0af549-39e6bf7b,5e0af549-39e6bf7b.jpg,images/100k/train/5e0af549-39e6bf7b.jpg,train,train,clear,daytime,city street
5e11b808-e9a20883,5e11b808-e9a20883.jpg,images/100k/train/5e11b808-e9a20883.jpg,train,train,clear,night,highway
5e162307-f2e78da7,5e162307-f2e78da7.jpg,images/100k/train/5e162307-f2e78da7.jpg,train,train,partly cloudy,daytime,city street
5e29463e-1d50e58e,5e29463e-1d50e58e.jpg,images/100k/train/5e29463e-1d50e58e.jpg,train,train,clear,daytime,highway
5e2e5925-3692c760,5e2e5925-3692c760.jpg,images/100k/train/5e2e5925-3692c760.jpg,train,train,clear,night,city street
5e3522c3-052751bb,5e3522c3-052751bb.jpg,images/100k/train/5e3522c3-052751bb.jpg,train,train,rainy,night,highway
5e412e85-623f4fdb,5e412e85-623f4fdb.jpg,images/100k/train/5e412e85-623f4fdb.jpg,train,train,partly cloudy,daytime,city street
5e541d4f-b279836e,5e541d4f-b279836e.jpg,images/100k/train/5e541d4f-b279836e.jpg,train,train,clear,daytime,city street
5e6dd5d5-98fdc5d3,5e6dd5d5-98fdc5d3.jpg,images/100k/train/5e6dd5d5-98fdc5d3.jpg,train,train,clear,night,city street
5e738d41-2917786d,5e738d41-2917786d.jpg,images/100k/train/5e738d41-2917786d.jpg,train,train,clear,daytime,residential
5e7c0d13-0200a665,5e7c0d13-0200a665.jpg,images/100k/train/5e7c0d13-0200a665.jpg,train,train,partly cloudy,daytime,city street
5e8408fa-d1bee8a0,5e8408fa-d1bee8a0.jpg,images/100k/train/5e8408fa-d1bee8a0.jpg,train,train,clear,daytime,city street
5e852617-49aecd0b,5e852617-49aecd0b.jpg,images/100k/train/5e852617-49aecd0b.jpg,train,train,undefined,daytime,city street
5e93181f-d92bfe87,5e93181f-d92bfe87.jpg,images/100k/train/5e93181f-d92bfe87.jpg,train,train,clear,night,city street
5e9a02dd-ca2967ae,5e9a02dd-ca2967ae.jpg,images/100k/train/5e9a02dd-ca2967ae.jpg,train,train,clear,daytime,city street
5e9dbbff-2e77d964,5e9dbbff-2e77d964.jpg,images/100k/train/5e9dbbff-2e77d964.jpg,train,train,overcast,daytime,residential
5ea1f2ff-97815f98,5ea1f2ff-97815f98.jpg,images/100k/train/5ea1f2ff-97815f98.jpg,train,train,clear,daytime,city street
5ea1f2ff-c774bddb,5ea1f2ff-c774bddb.jpg,images/100k/train/5ea1f2ff-c774bddb.jpg,train,train,partly cloudy,daytime,city street
5ea36eb1-2ea08575,5ea36eb1-2ea08575.jpg,images/100k/train/5ea36eb1-2ea08575.jpg,train,train,undefined,daytime,city street
5ecfa64a-b386603a,5ecfa64a-b386603a.jpg,images/100k/train/5ecfa64a-b386603a.jpg,train,train,overcast,dawn/dusk,residential
5ed5c346-2d1fd26b,5ed5c346-2d1fd26b.jpg,images/100k/train/5ed5c346-2d1fd26b.jpg,train,train,snowy,night,city street
5eeee89e-f9407b75,5eeee89e-f9407b75.jpg,images/100k/train/5eeee89e-f9407b75.jpg,train,train,rainy,night,city street
5eef4f21-2581240b,5eef4f21-2581240b.jpg,images/100k/train/5eef4f21-2581240b.jpg,train,train,clear,night,city street
5ef6024e-7db4a161,5ef6024e-7db4a161.jpg,images/100k/train/5ef6024e-7db4a161.jpg,train,train,clear,daytime,highway
5f04c408-f5e8b964,5f04c408-f5e8b964.jpg,images/100k/train/5f04c408-f5e8b964.jpg,train,train,clear,daytime,city street
5f0afd20-2b6058d0,5f0afd20-2b6058d0.jpg,images/100k/train/5f0afd20-2b6058d0.jpg,train,train,overcast,daytime,highway
5f0b5c6f-99ff38c5,5f0b5c6f-99ff38c5.jpg,images/100k/train/5f0b5c6f-99ff38c5.jpg,train,train,overcast,daytime,city street
5f0b5c6f-cea8c5ae,5f0b5c6f-cea8c5ae.jpg,images/100k/train/5f0b5c6f-cea8c5ae.jpg,train,train,rainy,daytime,city street
5f110209-780d5f59,5f110209-780d5f59.jpg,images/100k/train/5f110209-780d5f59.jpg,train,train,overcast,daytime,highway
5f1273d6-1beee1b5,5f1273d6-1beee1b5.jpg,images/100k/train/5f1273d6-1beee1b5.jpg,train,train,clear,night,city street
5f13cd1c-8ef2ae47,5f13cd1c-8ef2ae47.jpg,images/100k/train/5f13cd1c-8ef2ae47.jpg,train,train,partly cloudy,daytime,city street
5f1a8475-10ed2d46,5f1a8475-10ed2d46.jpg,images/100k/train/5f1a8475-10ed2d46.jpg,train,train,clear,night,highway
5f21b3f0-cc9da162,5f21b3f0-cc9da162.jpg,images/100k/train/5f21b3f0-cc9da162.jpg,train,train,snowy,night,highway
5f29eb12-ca9a6878,5f29eb12-ca9a6878.jpg,images/100k/train/5f29eb12-ca9a6878.jpg,train,train,clear,night,highway
5f317543-d3b9bdd3,5f317543-d3b9bdd3.jpg,images/100k/train/5f317543-d3b9bdd3.jpg,train,train,clear,night,residential
5f3db670-550ca9f9,5f3db670-550ca9f9.jpg,images/100k/train/5f3db670-550ca9f9.jpg,train,train,clear,night,city street
5f544d3c-67c05290,5f544d3c-67c05290.jpg,images/100k/train/5f544d3c-67c05290.jpg,train,train,clear,night,highway
5f61ccef-7e0cb5ea,5f61ccef-7e0cb5ea.jpg,images/100k/train/5f61ccef-7e0cb5ea.jpg,train,train,clear,daytime,city street
5f9387ff-f2fd34db,5f9387ff-f2fd34db.jpg,images/100k/train/5f9387ff-f2fd34db.jpg,train,train,clear,daytime,highway
5f94ed77-9814776c,5f94ed77-9814776c.jpg,images/100k/train/5f94ed77-9814776c.jpg,train,train,clear,night,highway
5f96c2c4-2a9bef21,5f96c2c4-2a9bef21.jpg,images/100k/train/5f96c2c4-2a9bef21.jpg,train,train,clear,night,city street
5f9b9613-45f8e9f7,5f9b9613-45f8e9f7.jpg,images/100k/train/5f9b9613-45f8e9f7.jpg,train,train,clear,night,highway
5f9b9613-5876490d,5f9b9613-5876490d.jpg,images/100k/train/5f9b9613-5876490d.jpg,train,train,undefined,dawn/dusk,residential
5f9b9613-fe75fef9,5f9b9613-fe75fef9.jpg,images/100k/train/5f9b9613-fe75fef9.jpg,train,train,clear,night,city street
5f9bc32c-53fcc54e,5f9bc32c-53fcc54e.jpg,images/100k/train/5f9bc32c-53fcc54e.jpg,train,train,clear,night,highway
5fa00cd2-fda88984,5fa00cd2-fda88984.jpg,images/100k/train/5fa00cd2-fda88984.jpg,train,train,clear,night,city street
5fa17a25-88b8e6b9,5fa17a25-88b8e6b9.jpg,images/100k/train/5fa17a25-88b8e6b9.jpg,train,train,clear,daytime,highway
5fc93bea-4753652a,5fc93bea-4753652a.jpg,images/100k/train/5fc93bea-4753652a.jpg,train,train,clear,daytime,city street
5fcacab5-8818f992,5fcacab5-8818f992.jpg,images/100k/train/5fcacab5-8818f992.jpg,train,train,clear,night,city street
5fcc0541-c38cac53,5fcc0541-c38cac53.jpg,images/100k/train/5fcc0541-c38cac53.jpg,train,train,undefined,daytime,highway
5fd91e32-29a8c3d3,5fd91e32-29a8c3d3.jpg,images/100k/train/5fd91e32-29a8c3d3.jpg,train,train,snowy,daytime,city street
5fe49799-48dbfbaf,5fe49799-48dbfbaf.jpg,images/100k/train/5fe49799-48dbfbaf.jpg,train,train,clear,night,highway
5fe4e9d5-4ea566a9,5fe4e9d5-4ea566a9.jpg,images/100k/train/5fe4e9d5-4ea566a9.jpg,train,train,clear,night,city street
5fe9c8b9-b7df6be1,5fe9c8b9-b7df6be1.jpg,images/100k/train/5fe9c8b9-b7df6be1.jpg,train,train,clear,night,city street
5ff99bb6-cdc5eec3,5ff99bb6-cdc5eec3.jpg,images/100k/train/5ff99bb6-cdc5eec3.jpg,train,train,clear,night,city street
6009c1ea-2e18dedc,6009c1ea-2e18dedc.jpg,images/100k/train/6009c1ea-2e18dedc.jpg,train,train,clear,night,city street
60137cc0-428b8f5b,60137cc0-428b8f5b.jpg,images/100k/train/60137cc0-428b8f5b.jpg,train,train,clear,daytime,highway
60192b3c-f6816f80,60192b3c-f6816f80.jpg,images/100k/train/60192b3c-f6816f80.jpg,train,train,clear,night,city street
601aa3d0-83f135c7,601aa3d0-83f135c7.jpg,images/100k/train/601aa3d0-83f135c7.jpg,train,train,clear,daytime,city street
60261d23-602e7e74,60261d23-602e7e74.jpg,images/100k/train/60261d23-602e7e74.jpg,train,train,clear,daytime,city street
6032f7e2-a7062c48,6032f7e2-a7062c48.jpg,images/100k/train/6032f7e2-a7062c48.jpg,train,train,overcast,daytime,highway
604456e2-df9bd764,604456e2-df9bd764.jpg,images/100k/train/604456e2-df9bd764.jpg,train,train,snowy,daytime,highway
604b5b3e-c2ff4a91,604b5b3e-c2ff4a91.jpg,images/100k/train/604b5b3e-c2ff4a91.jpg,train,train,clear,daytime,city street
604b6b01-4887a2e0,604b6b01-4887a2e0.jpg,images/100k/train/604b6b01-4887a2e0.jpg,train,train,clear,night,city street
604fc763-6b7e0c64,604fc763-6b7e0c64.jpg,images/100k/train/604fc763-6b7e0c64.jpg,train,train,clear,daytime,city street
60537c9d-0249af91,60537c9d-0249af91.jpg,images/100k/train/60537c9d-0249af91.jpg,train,train,overcast,daytime,residential
605434f1-af3391fa,605434f1-af3391fa.jpg,images/100k/train/605434f1-af3391fa.jpg,train,train,clear,night,highway
6054956c-efa81ae7,6054956c-efa81ae7.jpg,images/100k/train/6054956c-efa81ae7.jpg,train,train,clear,night,highway
6055965c-27ae767e,6055965c-27ae767e.jpg,images/100k/train/6055965c-27ae767e.jpg,train,train,clear,night,city street
605e977a-33865893,605e977a-33865893.jpg,images/100k/train/605e977a-33865893.jpg,train,train,clear,daytime,residential
6060bd89-ad81707a,6060bd89-ad81707a.jpg,images/100k/train/6060bd89-ad81707a.jpg,train,train,undefined,daytime,city street
608d944f-e8027f5f,608d944f-e8027f5f.jpg,images/100k/train/608d944f-e8027f5f.jpg,train,train,partly cloudy,daytime,city street
609580b1-3232ae45,609580b1-3232ae45.jpg,images/100k/train/609580b1-3232ae45.jpg,train,train,clear,night,city street
60a372a9-38c63f38,60a372a9-38c63f38.jpg,images/100k/train/60a372a9-38c63f38.jpg,train,train,clear,night,city street
60a45d04-7e4c2a0b,60a45d04-7e4c2a0b.jpg,images/100k/train/60a45d04-7e4c2a0b.jpg,train,train,overcast,daytime,residential
60a9e54a-ee629193,60a9e54a-ee629193.jpg,images/100k/train/60a9e54a-ee629193.jpg,train,train,clear,night,city street
60c3ab38-116ca36d,60c3ab38-116ca36d.jpg,images/100k/train/60c3ab38-116ca36d.jpg,train,train,clear,dawn/dusk,city street
60c678e7-fa739438,60c678e7-fa739438.jpg,images/100k/train/60c678e7-fa739438.jpg,train,train,clear,daytime,residential
60cb9996-21280e67,60cb9996-21280e67.jpg,images/100k/train/60cb9996-21280e67.jpg,train,train,clear,daytime,city street
60ce4ec3-9c94a726,60ce4ec3-9c94a726.jpg,images/100k/train/60ce4ec3-9c94a726.jpg,train,train,clear,night,residential
60d69ff6-b7df38be,60d69ff6-b7df38be.jpg,images/100k/train/60d69ff6-b7df38be.jpg,train,train,snowy,night,city street
60dbaa0c-05e77216,60dbaa0c-05e77216.jpg,images/100k/train/60dbaa0c-05e77216.jpg,train,train,clear,night,city street
60dbaa0c-afa26d3e,60dbaa0c-afa26d3e.jpg,images/100k/train/60dbaa0c-afa26d3e.jpg,train,train,clear,night,residential
60e5202b-cf0b8aee,60e5202b-cf0b8aee.jpg,images/100k/train/60e5202b-cf0b8aee.jpg,train,train,snowy,daytime,city street
60e6a1f9-120d1998,60e6a1f9-120d1998.jpg,images/100k/train/60e6a1f9-120d1998.jpg,train,train,clear,daytime,city street
60f1b880-5f9acdb8,60f1b880-5f9acdb8.jpg,images/100k/train/60f1b880-5f9acdb8.jpg,train,train,clear,night,city street
60f2ba76-7349f7f2,60f2ba76-7349f7f2.jpg,images/100k/train/60f2ba76-7349f7f2.jpg,train,train,clear,night,city street
610e4788-7a6b76b9,610e4788-7a6b76b9.jpg,images/100k/train/610e4788-7a6b76b9.jpg,train,train,clear,night,city street
6122250c-c6f2a842,6122250c-c6f2a842.jpg,images/100k/train/6122250c-c6f2a842.jpg,train,train,partly cloudy,daytime,highway
61253b76-c7f1dec7,61253b76-c7f1dec7.jpg,images/100k/train/61253b76-c7f1dec7.jpg,train,train,partly cloudy,daytime,residential
616c7e91-bb12163e,616c7e91-bb12163e.jpg,images/100k/train/616c7e91-bb12163e.jpg,train,train,rainy,daytime,city street
61708b9f-da612a3a,61708b9f-da612a3a.jpg,images/100k/train/61708b9f-da612a3a.jpg,train,train,partly cloudy,daytime,highway
617b8a5b-a629f816,617b8a5b-a629f816.jpg,images/100k/train/617b8a5b-a629f816.jpg,train,train,undefined,daytime,parking lot
61873b33-be93f3b0,61873b33-be93f3b0.jpg,images/100k/train/61873b33-be93f3b0.jpg,train,train,rainy,night,residential
6188d9b2-a3caf6d9,6188d9b2-a3caf6d9.jpg,images/100k/train/6188d9b2-a3caf6d9.jpg,train,train,snowy,daytime,city street
61997e60-92b4bd75,61997e60-92b4bd75.jpg,images/100k/train/61997e60-92b4bd75.jpg,train,train,overcast,daytime,city street
61a11b41-7bd17b85,61a11b41-7bd17b85.jpg,images/100k/train/61a11b41-7bd17b85.jpg,train,train,clear,daytime,city street
61baaf24-6a65b764,61baaf24-6a65b764.jpg,images/100k/train/61baaf24-6a65b764.jpg,train,train,clear,night,highway
61c6d650-21388462,61c6d650-21388462.jpg,images/100k/train/61c6d650-21388462.jpg,train,train,undefined,daytime,residential
61eb2afd-e77df3bd,61eb2afd-e77df3bd.jpg,images/100k/train/61eb2afd-e77df3bd.jpg,train,train,clear,night,city street
62071ae0-24fbb96f,62071ae0-24fbb96f.jpg,images/100k/train/62071ae0-24fbb96f.jpg,train,train,clear,daytime,city street
620a7840-33cad78e,620a7840-33cad78e.jpg,images/100k/train/620a7840-33cad78e.jpg,train,train,snowy,daytime,highway
6212b116-1bdfe9fe,6212b116-1bdfe9fe.jpg,images/100k/train/6212b116-1bdfe9fe.jpg,train,train,clear,night,city street
6217cadb-37fd4215,6217cadb-37fd4215.jpg,images/100k/train/6217cadb-37fd4215.jpg,train,train,overcast,daytime,highway
6220c15a-601094ef,6220c15a-601094ef.jpg,images/100k/train/6220c15a-601094ef.jpg,train,train,undefined,daytime,city street
6233b4f9-639e9502,6233b4f9-639e9502.jpg,images/100k/train/6233b4f9-639e9502.jpg,train,train,overcast,daytime,city street
623510e1-15a8d73d,623510e1-15a8d73d.jpg,images/100k/train/623510e1-15a8d73d.jpg,train,train,clear,night,highway
62433c1c-d8ae0dd9,62433c1c-d8ae0dd9.jpg,images/100k/train/62433c1c-d8ae0dd9.jpg,train,train,clear,daytime,highway
625339f6-d1b80cef,625339f6-d1b80cef.jpg,images/100k/train/625339f6-d1b80cef.jpg,train,train,clear,night,parking lot
62808319-bfed3453,62808319-bfed3453.jpg,images/100k/train/62808319-bfed3453.jpg,train,train,undefined,daytime,city street
62895869-25156c4d,62895869-25156c4d.jpg,images/100k/train/62895869-25156c4d.jpg,train,train,clear,night,city street
62948a2c-62eb289c,62948a2c-62eb289c.jpg,images/100k/train/62948a2c-62eb289c.jpg,train,train,undefined,daytime,city street
629557db-63a1a7d7,629557db-63a1a7d7.jpg,images/100k/train/629557db-63a1a7d7.jpg,train,train,undefined,daytime,city street
629557db-d8021275,629557db-d8021275.jpg,images/100k/train/629557db-d8021275.jpg,train,train,undefined,daytime,city street
62ae0acf-52835467,62ae0acf-52835467.jpg,images/100k/train/62ae0acf-52835467.jpg,train,train,snowy,daytime,residential
62bbfcb5-63961737,62bbfcb5-63961737.jpg,images/100k/train/62bbfcb5-63961737.jpg,train,train,clear,night,city street
62bd3830-aa6cb431,62bd3830-aa6cb431.jpg,images/100k/train/62bd3830-aa6cb431.jpg,train,train,clear,night,city street
62cdfa0d-1dd7e357,62cdfa0d-1dd7e357.jpg,images/100k/train/62cdfa0d-1dd7e357.jpg,train,train,partly cloudy,daytime,highway
62fbe0ad-6b597cf6,62fbe0ad-6b597cf6.jpg,images/100k/train/62fbe0ad-6b597cf6.jpg,train,train,clear,night,highway
6305400d-e0578d0c,6305400d-e0578d0c.jpg,images/100k/train/6305400d-e0578d0c.jpg,train,train,overcast,daytime,city street
6312d52f-e6ac6503,6312d52f-e6ac6503.jpg,images/100k/train/6312d52f-e6ac6503.jpg,train,train,clear,night,city street
632083a0-19fc8c8a,632083a0-19fc8c8a.jpg,images/100k/train/632083a0-19fc8c8a.jpg,train,train,partly cloudy,daytime,highway
63330549-ecd1a117,63330549-ecd1a117.jpg,images/100k/train/63330549-ecd1a117.jpg,train,train,undefined,daytime,highway
6337b4cc-5507b6f7,6337b4cc-5507b6f7.jpg,images/100k/train/6337b4cc-5507b6f7.jpg,train,train,clear,daytime,residential
63402174-91a8aed6,63402174-91a8aed6.jpg,images/100k/train/63402174-91a8aed6.jpg,train,train,clear,night,city street
634afb7e-1e19bc49,634afb7e-1e19bc49.jpg,images/100k/train/634afb7e-1e19bc49.jpg,train,train,clear,night,city street
634d6bb1-df01d530,634d6bb1-df01d530.jpg,images/100k/train/634d6bb1-df01d530.jpg,train,train,clear,night,city street
634d6bb1-fdb68718,634d6bb1-fdb68718.jpg,images/100k/train/634d6bb1-fdb68718.jpg,train,train,clear,night,city street
635d99f3-e604b506,635d99f3-e604b506.jpg,images/100k/train/635d99f3-e604b506.jpg,train,train,clear,night,city street
6368f88a-a61d53a7,6368f88a-a61d53a7.jpg,images/100k/train/6368f88a-a61d53a7.jpg,train,train,clear,daytime,city street
639e59d6-444d99f2,639e59d6-444d99f2.jpg,images/100k/train/639e59d6-444d99f2.jpg,train,train,clear,daytime,city street
63ac5d77-d4af04b3,63ac5d77-d4af04b3.jpg,images/100k/train/63ac5d77-d4af04b3.jpg,train,train,clear,night,city street
63b60f6b-81e1ac9b,63b60f6b-81e1ac9b.jpg,images/100k/train/63b60f6b-81e1ac9b.jpg,train,train,clear,night,residential
63cdcaeb-8d55cb6b,63cdcaeb-8d55cb6b.jpg,images/100k/train/63cdcaeb-8d55cb6b.jpg,train,train,undefined,daytime,city street
63cdf9fe-b61ca8e9,63cdf9fe-b61ca8e9.jpg,images/100k/train/63cdf9fe-b61ca8e9.jpg,train,train,clear,daytime,highway
63d0e465-927b381c,63d0e465-927b381c.jpg,images/100k/train/63d0e465-927b381c.jpg,train,train,clear,night,highway
63d0e465-fa995a6d,63d0e465-fa995a6d.jpg,images/100k/train/63d0e465-fa995a6d.jpg,train,train,clear,night,highway
63d85c31-b31ee400,63d85c31-b31ee400.jpg,images/100k/train/63d85c31-b31ee400.jpg,train,train,partly cloudy,daytime,highway
63e3def0-ec2dfbab,63e3def0-ec2dfbab.jpg,images/100k/train/63e3def0-ec2dfbab.jpg,train,train,clear,night,city street
63f7390e-321d09d2,63f7390e-321d09d2.jpg,images/100k/train/63f7390e-321d09d2.jpg,train,train,clear,night,city street
63fa90e1-bd92f195,63fa90e1-bd92f195.jpg,images/100k/train/63fa90e1-bd92f195.jpg,train,train,undefined,daytime,highway
63fb7f44-ea80de9a,63fb7f44-ea80de9a.jpg,images/100k/train/63fb7f44-ea80de9a.jpg,train,train,clear,night,city street
6402a9dd-fb630774,6402a9dd-fb630774.jpg,images/100k/train/6402a9dd-fb630774.jpg,train,train,clear,night,highway
64128a56-e5cd22b6,64128a56-e5cd22b6.jpg,images/100k/train/64128a56-e5cd22b6.jpg,train,train,clear,night,highway
64135562-0f6a422e,64135562-0f6a422e.jpg,images/100k/train/64135562-0f6a422e.jpg,train,train,clear,daytime,city street
64152810-83941d07,64152810-83941d07.jpg,images/100k/train/64152810-83941d07.jpg,train,train,clear,dawn/dusk,highway
6415b9a6-c29aa024,6415b9a6-c29aa024.jpg,images/100k/train/6415b9a6-c29aa024.jpg,train,train,clear,night,city street
6427c850-f38517e0,6427c850-f38517e0.jpg,images/100k/train/6427c850-f38517e0.jpg,train,train,clear,night,city street
642ce398-2c1944d1,642ce398-2c1944d1.jpg,images/100k/train/642ce398-2c1944d1.jpg,train,train,clear,night,residential
6442b96c-4b651797,6442b96c-4b651797.jpg,images/100k/train/6442b96c-4b651797.jpg,train,train,snowy,night,city street
6442b96c-77fcafe2,6442b96c-77fcafe2.jpg,images/100k/train/6442b96c-77fcafe2.jpg,train,train,rainy,night,highway
6442e785-3a75b9f9,6442e785-3a75b9f9.jpg,images/100k/train/6442e785-3a75b9f9.jpg,train,train,clear,night,city street
6446b7e6-63913943,6446b7e6-63913943.jpg,images/100k/train/6446b7e6-63913943.jpg,train,train,partly cloudy,daytime,city street
64505e49-bdd1f72c,64505e49-bdd1f72c.jpg,images/100k/train/64505e49-bdd1f72c.jpg,train,train,clear,night,city street
64508aa8-3bfe11f5,64508aa8-3bfe11f5.jpg,images/100k/train/64508aa8-3bfe11f5.jpg,train,train,clear,night,city street
645ba453-b38bdd06,645ba453-b38bdd06.jpg,images/100k/train/645ba453-b38bdd06.jpg,train,train,clear,night,city street
645f2d38-78b28cf6,645f2d38-78b28cf6.jpg,images/100k/train/645f2d38-78b28cf6.jpg,train,train,clear,night,city street
6461e9dc-54132535,6461e9dc-54132535.jpg,images/100k/train/6461e9dc-54132535.jpg,train,train,snowy,daytime,city street
6461e9dc-878ec17f,6461e9dc-878ec17f.jpg,images/100k/train/6461e9dc-878ec17f.jpg,train,train,overcast,daytime,highway
646b1969-a93cbb09,646b1969-a93cbb09.jpg,images/100k/train/646b1969-a93cbb09.jpg,train,train,clear,daytime,residential
647b80bd-4b032b1d,647b80bd-4b032b1d.jpg,images/100k/train/647b80bd-4b032b1d.jpg,train,train,undefined,daytime,residential
647c3a68-6b93d220,647c3a68-6b93d220.jpg,images/100k/train/647c3a68-6b93d220.jpg,train,train,clear,night,city street
647c6812-4c398e65,647c6812-4c398e65.jpg,images/100k/train/647c6812-4c398e65.jpg,train,train,clear,night,city street
647c6812-6b1b8d2d,647c6812-6b1b8d2d.jpg,images/100k/train/647c6812-6b1b8d2d.jpg,train,train,snowy,night,city street
647e8e1c-28501f57,647e8e1c-28501f57.jpg,images/100k/train/647e8e1c-28501f57.jpg,train,train,snowy,night,city street
647fbeea-35dd6477,647fbeea-35dd6477.jpg,images/100k/train/647fbeea-35dd6477.jpg,train,train,clear,night,city street
648c4f04-60f21fc4,648c4f04-60f21fc4.jpg,images/100k/train/648c4f04-60f21fc4.jpg,train,train,clear,daytime,residential
648fd572-980ebeaf,648fd572-980ebeaf.jpg,images/100k/train/648fd572-980ebeaf.jpg,train,train,overcast,daytime,highway
64a2317e-45abb36e,64a2317e-45abb36e.jpg,images/100k/train/64a2317e-45abb36e.jpg,train,train,partly cloudy,daytime,residential
64adec58-3e4f1f08,64adec58-3e4f1f08.jpg,images/100k/train/64adec58-3e4f1f08.jpg,train,train,clear,daytime,highway
64af2412-8459dc9f,64af2412-8459dc9f.jpg,images/100k/train/64af2412-8459dc9f.jpg,train,train,clear,dawn/dusk,city street
64d86ed5-c0009235,64d86ed5-c0009235.jpg,images/100k/train/64d86ed5-c0009235.jpg,train,train,overcast,daytime,city street
64e0acd1-32327421,64e0acd1-32327421.jpg,images/100k/train/64e0acd1-32327421.jpg,train,train,rainy,daytime,city street
64e96a83-b8102b3b,64e96a83-b8102b3b.jpg,images/100k/train/64e96a83-b8102b3b.jpg,train,train,snowy,night,city street
64ea3319-ce5bb647,64ea3319-ce5bb647.jpg,images/100k/train/64ea3319-ce5bb647.jpg,train,train,clear,daytime,residential
64ea3319-e30df3cb,64ea3319-e30df3cb.jpg,images/100k/train/64ea3319-e30df3cb.jpg,train,train,clear,daytime,residential
64f0c3ff-1019e9e9,64f0c3ff-1019e9e9.jpg,images/100k/train/64f0c3ff-1019e9e9.jpg,train,train,clear,night,city street
64f0c3ff-343812c5,64f0c3ff-343812c5.jpg,images/100k/train/64f0c3ff-343812c5.jpg,train,train,clear,night,residential
64f849cb-55f6ff18,64f849cb-55f6ff18.jpg,images/100k/train/64f849cb-55f6ff18.jpg,train,train,clear,dawn/dusk,highway
651d2a13-5e4706f1,651d2a13-5e4706f1.jpg,images/100k/train/651d2a13-5e4706f1.jpg,train,train,clear,dawn/dusk,city street
65309093-56d5bcb2,65309093-56d5bcb2.jpg,images/100k/train/65309093-56d5bcb2.jpg,train,train,rainy,dawn/dusk,residential
653bc721-69d16aba,653bc721-69d16aba.jpg,images/100k/train/653bc721-69d16aba.jpg,train,train,clear,night,city street
653d24ae-6a6f2d24,653d24ae-6a6f2d24.jpg,images/100k/train/653d24ae-6a6f2d24.jpg,train,train,clear,night,city street
653d24ae-f91ab86e,653d24ae-f91ab86e.jpg,images/100k/train/653d24ae-f91ab86e.jpg,train,train,clear,night,city street
65432146-90f5dc13,65432146-90f5dc13.jpg,images/100k/train/65432146-90f5dc13.jpg,train,train,partly cloudy,daytime,city street
655fac34-9e081e13,655fac34-9e081e13.jpg,images/100k/train/655fac34-9e081e13.jpg,train,train,clear,daytime,city street
65709e8e-bc510645,65709e8e-bc510645.jpg,images/100k/train/65709e8e-bc510645.jpg,train,train,undefined,daytime,city street
6570fbbf-1e373ecd,6570fbbf-1e373ecd.jpg,images/100k/train/6570fbbf-1e373ecd.jpg,train,train,clear,night,city street
657d369a-e6f8727d,657d369a-e6f8727d.jpg,images/100k/train/657d369a-e6f8727d.jpg,train,train,rainy,night,city street
6582a015-6f42ea82,6582a015-6f42ea82.jpg,images/100k/train/6582a015-6f42ea82.jpg,train,train,partly cloudy,dawn/dusk,residential
65ae49f3-ff735111,65ae49f3-ff735111.jpg,images/100k/train/65ae49f3-ff735111.jpg,train,train,rainy,night,city street
65c1c4b9-341b5e67,65c1c4b9-341b5e67.jpg,images/100k/train/65c1c4b9-341b5e67.jpg,train,train,clear,night,city street
65c8ec74-8530463b,65c8ec74-8530463b.jpg,images/100k/train/65c8ec74-8530463b.jpg,train,train,undefined,undefined,parking lot
65d38155-aadd23b4,65d38155-aadd23b4.jpg,images/100k/train/65d38155-aadd23b4.jpg,train,train,overcast,dawn/dusk,city street
65da0452-9b40188e,65da0452-9b40188e.jpg,images/100k/train/65da0452-9b40188e.jpg,train,train,undefined,daytime,highway
65e48474-ba84ea66,65e48474-ba84ea66.jpg,images/100k/train/65e48474-ba84ea66.jpg,train,train,overcast,daytime,highway
65e8744a-749580b4,65e8744a-749580b4.jpg,images/100k/train/65e8744a-749580b4.jpg,train,train,overcast,daytime,city street
65ebd4ae-9d467cca,65ebd4ae-9d467cca.jpg,images/100k/train/65ebd4ae-9d467cca.jpg,train,train,rainy,daytime,highway
65f8effc-e8385316,65f8effc-e8385316.jpg,images/100k/train/65f8effc-e8385316.jpg,train,train,partly cloudy,daytime,highway
65fa2e9e-5db6df0b,65fa2e9e-5db6df0b.jpg,images/100k/train/65fa2e9e-5db6df0b.jpg,train,train,undefined,daytime,city street
65fdb906-53aff77a,65fdb906-53aff77a.jpg,images/100k/train/65fdb906-53aff77a.jpg,train,train,undefined,daytime,residential
660bb568-62734eb3,660bb568-62734eb3.jpg,images/100k/train/660bb568-62734eb3.jpg,train,train,clear,night,city street
6612ee03-f4e6927c,6612ee03-f4e6927c.jpg,images/100k/train/6612ee03-f4e6927c.jpg,train,train,clear,daytime,city street
6618e177-fb86b1ed,6618e177-fb86b1ed.jpg,images/100k/train/6618e177-fb86b1ed.jpg,train,train,clear,night,highway
66220115-8424c886,66220115-8424c886.jpg,images/100k/train/66220115-8424c886.jpg,train,train,clear,night,highway
662b9efe-db697276,662b9efe-db697276.jpg,images/100k/train/662b9efe-db697276.jpg,train,train,overcast,daytime,highway
66337f4c-ae745ba2,66337f4c-ae745ba2.jpg,images/100k/train/66337f4c-ae745ba2.jpg,train,train,undefined,daytime,city street
663c372c-de2089dd,663c372c-de2089dd.jpg,images/100k/train/663c372c-de2089dd.jpg,train,train,snowy,night,city street
66416770-3d64f9d0,66416770-3d64f9d0.jpg,images/100k/train/66416770-3d64f9d0.jpg,train,train,clear,dawn/dusk,city street
664794cd-621cb0d6,664794cd-621cb0d6.jpg,images/100k/train/664794cd-621cb0d6.jpg,train,train,undefined,daytime,city street
664da169-cfd7bbef,664da169-cfd7bbef.jpg,images/100k/train/664da169-cfd7bbef.jpg,train,train,clear,daytime,city street
665c87b1-fcde283d,665c87b1-fcde283d.jpg,images/100k/train/665c87b1-fcde283d.jpg,train,train,clear,night,highway
6661b604-a7e1365e,6661b604-a7e1365e.jpg,images/100k/train/6661b604-a7e1365e.jpg,train,train,clear,daytime,city street
6665a006-ffce6af2,6665a006-ffce6af2.jpg,images/100k/train/6665a006-ffce6af2.jpg,train,train,clear,night,city street
667834f9-492ed3c7,667834f9-492ed3c7.jpg,images/100k/train/667834f9-492ed3c7.jpg,train,train,overcast,dawn/dusk,city street
667a89d3-2ce2bde6,667a89d3-2ce2bde6.jpg,images/100k/train/667a89d3-2ce2bde6.jpg,train,train,undefined,daytime,residential
667e5b58-6aa3fca7,667e5b58-6aa3fca7.jpg,images/100k/train/667e5b58-6aa3fca7.jpg,train,train,clear,night,highway
66914a60-a126dd1b,66914a60-a126dd1b.jpg,images/100k/train/66914a60-a126dd1b.jpg,train,train,undefined,daytime,city street
66a337ce-398cde0d,66a337ce-398cde0d.jpg,images/100k/train/66a337ce-398cde0d.jpg,train,train,undefined,daytime,city street
66ab232f-dca2bf94,66ab232f-dca2bf94.jpg,images/100k/train/66ab232f-dca2bf94.jpg,train,train,clear,night,city street
66bf95f9-d8d18d04,66bf95f9-d8d18d04.jpg,images/100k/train/66bf95f9-d8d18d04.jpg,train,train,overcast,daytime,highway
66c6f328-8daf8d4b,66c6f328-8daf8d4b.jpg,images/100k/train/66c6f328-8daf8d4b.jpg,train,train,rainy,night,city street
66ca15ae-e64a4960,66ca15ae-e64a4960.jpg,images/100k/train/66ca15ae-e64a4960.jpg,train,train,rainy,daytime,residential
66d46816-07894cf8,66d46816-07894cf8.jpg,images/100k/train/66d46816-07894cf8.jpg,train,train,clear,night,residential
66e1c788-dc37e2a1,66e1c788-dc37e2a1.jpg,images/100k/train/66e1c788-dc37e2a1.jpg,train,train,clear,daytime,residential
66ed5ea1-d87de781,66ed5ea1-d87de781.jpg,images/100k/train/66ed5ea1-d87de781.jpg,train,train,rainy,daytime,city street
66fb9463-8551ea09,66fb9463-8551ea09.jpg,images/100k/train/66fb9463-8551ea09.jpg,train,train,clear,night,city street
670b432f-25cec933,670b432f-25cec933.jpg,images/100k/train/670b432f-25cec933.jpg,train,train,clear,night,city street
670d968c-7a676be0,670d968c-7a676be0.jpg,images/100k/train/670d968c-7a676be0.jpg,train,train,rainy,daytime,highway
670d968c-bfdcc8cc,670d968c-bfdcc8cc.jpg,images/100k/train/670d968c-bfdcc8cc.jpg,train,train,clear,night,city street
672896e3-4b56bfd6,672896e3-4b56bfd6.jpg,images/100k/train/672896e3-4b56bfd6.jpg,train,train,clear,daytime,highway
6753f3b1-d19dc11a,6753f3b1-d19dc11a.jpg,images/100k/train/6753f3b1-d19dc11a.jpg,train,train,clear,night,highway
6774b84c-6e2c23e4,6774b84c-6e2c23e4.jpg,images/100k/train/6774b84c-6e2c23e4.jpg,train,train,clear,night,city street
677712bf-77e073b3,677712bf-77e073b3.jpg,images/100k/train/677712bf-77e073b3.jpg,train,train,clear,daytime,city street
677ccda4-ce1530ed,677ccda4-ce1530ed.jpg,images/100k/train/677ccda4-ce1530ed.jpg,train,train,clear,night,city street
67827c67-87f24212,67827c67-87f24212.jpg,images/100k/train/67827c67-87f24212.jpg,train,train,clear,dawn/dusk,residential
6787c314-19bbac4c,6787c314-19bbac4c.jpg,images/100k/train/6787c314-19bbac4c.jpg,train,train,rainy,dawn/dusk,city street
679ebf79-dc2a1021,679ebf79-dc2a1021.jpg,images/100k/train/679ebf79-dc2a1021.jpg,train,train,clear,daytime,city street
67a30460-bfbf1d2f,67a30460-bfbf1d2f.jpg,images/100k/train/67a30460-bfbf1d2f.jpg,train,train,clear,night,city street
67c0e434-667f69b0,67c0e434-667f69b0.jpg,images/100k/train/67c0e434-667f69b0.jpg,train,train,clear,night,city street
67c665d7-5d43cd3d,67c665d7-5d43cd3d.jpg,images/100k/train/67c665d7-5d43cd3d.jpg,train,train,snowy,night,city street
67d809f9-34490b50,67d809f9-34490b50.jpg,images/100k/train/67d809f9-34490b50.jpg,train,train,snowy,night,city street
67d809f9-e384665e,67d809f9-e384665e.jpg,images/100k/train/67d809f9-e384665e.jpg,train,train,snowy,night,city street
67dcea40-0efa8026,67dcea40-0efa8026.jpg,images/100k/train/67dcea40-0efa8026.jpg,train,train,clear,night,highway
67f4f80b-1831551f,67f4f80b-1831551f.jpg,images/100k/train/67f4f80b-1831551f.jpg,train,train,clear,night,city street
67f7f0ad-38712450,67f7f0ad-38712450.jpg,images/100k/train/67f7f0ad-38712450.jpg,train,train,snowy,daytime,city street
68068bd2-97d790c1,68068bd2-97d790c1.jpg,images/100k/train/68068bd2-97d790c1.jpg,train,train,clear,night,city street
680a82b6-76d5501c,680a82b6-76d5501c.jpg,images/100k/train/680a82b6-76d5501c.jpg,train,train,rainy,daytime,residential
680f8d16-15dfbbdc,680f8d16-15dfbbdc.jpg,images/100k/train/680f8d16-15dfbbdc.jpg,train,train,clear,night,highway
6816fa51-b0a5b4aa,6816fa51-b0a5b4aa.jpg,images/100k/train/6816fa51-b0a5b4aa.jpg,train,train,clear,night,city street
6819d016-0a94347d,6819d016-0a94347d.jpg,images/100k/train/6819d016-0a94347d.jpg,train,train,overcast,dawn/dusk,city street
6819d016-b221c4a8,6819d016-b221c4a8.jpg,images/100k/train/6819d016-b221c4a8.jpg,train,train,undefined,night,city street
6823b579-22b1a108,6823b579-22b1a108.jpg,images/100k/train/6823b579-22b1a108.jpg,train,train,clear,daytime,city street
682bc26f-a5b87b48,682bc26f-a5b87b48.jpg,images/100k/train/682bc26f-a5b87b48.jpg,train,train,clear,daytime,city street
6848adce-c4827377,6848adce-c4827377.jpg,images/100k/train/6848adce-c4827377.jpg,train,train,overcast,daytime,residential
684f1a2c-0f16cd88,684f1a2c-0f16cd88.jpg,images/100k/train/684f1a2c-0f16cd88.jpg,train,train,clear,daytime,city street
686836b2-7916d2c3,686836b2-7916d2c3.jpg,images/100k/train/686836b2-7916d2c3.jpg,train,train,clear,night,city street
686f85a0-9de8e376,686f85a0-9de8e376.jpg,images/100k/train/686f85a0-9de8e376.jpg,train,train,overcast,daytime,residential
6873ad87-ec9585be,6873ad87-ec9585be.jpg,images/100k/train/6873ad87-ec9585be.jpg,train,train,snowy,daytime,city street
6878b2a7-b3a6ac22,6878b2a7-b3a6ac22.jpg,images/100k/train/6878b2a7-b3a6ac22.jpg,train,train,clear,night,residential
6888144f-1dd31038,6888144f-1dd31038.jpg,images/100k/train/6888144f-1dd31038.jpg,train,train,clear,night,highway
68958473-a4b342f9,68958473-a4b342f9.jpg,images/100k/train/68958473-a4b342f9.jpg,train,train,undefined,daytime,city street
689c0c3f-4f617686,689c0c3f-4f617686.jpg,images/100k/train/689c0c3f-4f617686.jpg,train,train,overcast,daytime,highway
68bda885-42670d22,68bda885-42670d22.jpg,images/100k/train/68bda885-42670d22.jpg,train,train,clear,night,city street
68c11534-a4f8b8a1,68c11534-a4f8b8a1.jpg,images/100k/train/68c11534-a4f8b8a1.jpg,train,train,clear,night,city street
68c744b6-5b74b9a4,68c744b6-5b74b9a4.jpg,images/100k/train/68c744b6-5b74b9a4.jpg,train,train,undefined,night,city street
68eae8d4-44076eed,68eae8d4-44076eed.jpg,images/100k/train/68eae8d4-44076eed.jpg,train,train,undefined,daytime,residential
68f8b53e-2a39eeba,68f8b53e-2a39eeba.jpg,images/100k/train/68f8b53e-2a39eeba.jpg,train,train,clear,night,highway
68f9491e-40bdaa61,68f9491e-40bdaa61.jpg,images/100k/train/68f9491e-40bdaa61.jpg,train,train,undefined,daytime,city street
68fba7be-9f90e852,68fba7be-9f90e852.jpg,images/100k/train/68fba7be-9f90e852.jpg,train,train,overcast,daytime,residential
692c3ce6-c3d0804f,692c3ce6-c3d0804f.jpg,images/100k/train/692c3ce6-c3d0804f.jpg,train,train,undefined,daytime,city street
692db486-62311c7e,692db486-62311c7e.jpg,images/100k/train/692db486-62311c7e.jpg,train,train,clear,night,city street
692fd125-6359a2a1,692fd125-6359a2a1.jpg,images/100k/train/692fd125-6359a2a1.jpg,train,train,snowy,daytime,city street
69407a30-659cd8d5,69407a30-659cd8d5.jpg,images/100k/train/69407a30-659cd8d5.jpg,train,train,undefined,daytime,highway
69583e46-3f76dea5,69583e46-3f76dea5.jpg,images/100k/train/69583e46-3f76dea5.jpg,train,train,clear,night,highway
695d6e8c-43fc3273,695d6e8c-43fc3273.jpg,images/100k/train/695d6e8c-43fc3273.jpg,train,train,rainy,night,city street
69620b53-b341e702,69620b53-b341e702.jpg,images/100k/train/69620b53-b341e702.jpg,train,train,clear,night,city street
6986ce51-f198f4c2,6986ce51-f198f4c2.jpg,images/100k/train/6986ce51-f198f4c2.jpg,train,train,clear,night,highway
69920430-b7ad9642,69920430-b7ad9642.jpg,images/100k/train/69920430-b7ad9642.jpg,train,train,clear,daytime,highway
69a931ba-f023afce,69a931ba-f023afce.jpg,images/100k/train/69a931ba-f023afce.jpg,train,train,clear,night,residential
69b56742-5c505893,69b56742-5c505893.jpg,images/100k/train/69b56742-5c505893.jpg,train,train,snowy,daytime,city street
69cc9ace-45fa6388,69cc9ace-45fa6388.jpg,images/100k/train/69cc9ace-45fa6388.jpg,train,train,rainy,night,highway
69e207eb-98665d90,69e207eb-98665d90.jpg,images/100k/train/69e207eb-98665d90.jpg,train,train,clear,daytime,highway
69e207eb-bd8d628d,69e207eb-bd8d628d.jpg,images/100k/train/69e207eb-bd8d628d.jpg,train,train,clear,night,city street
69e207eb-d52796de,69e207eb-d52796de.jpg,images/100k/train/69e207eb-d52796de.jpg,train,train,overcast,daytime,residential
69eb46ab-552d805b,69eb46ab-552d805b.jpg,images/100k/train/69eb46ab-552d805b.jpg,train,train,clear,night,highway
69f06623-e778ddb2,69f06623-e778ddb2.jpg,images/100k/train/69f06623-e778ddb2.jpg,train,train,clear,night,city street
6a05fc98-5b485637,6a05fc98-5b485637.jpg,images/100k/train/6a05fc98-5b485637.jpg,train,train,clear,dawn/dusk,highway
6a06ce90-784e9929,6a06ce90-784e9929.jpg,images/100k/train/6a06ce90-784e9929.jpg,train,train,clear,night,city street
6a0b1172-90597e95,6a0b1172-90597e95.jpg,images/100k/train/6a0b1172-90597e95.jpg,train,train,clear,night,highway
6a0b1172-c14f5be5,6a0b1172-c14f5be5.jpg,images/100k/train/6a0b1172-c14f5be5.jpg,train,train,clear,night,highway
6a0b1172-da7668c7,6a0b1172-da7668c7.jpg,images/100k/train/6a0b1172-da7668c7.jpg,train,train,clear,night,highway
6a0d6cfd-e28fa477,6a0d6cfd-e28fa477.jpg,images/100k/train/6a0d6cfd-e28fa477.jpg,train,train,rainy,daytime,city street
6a153eb9-132a633e,6a153eb9-132a633e.jpg,images/100k/train/6a153eb9-132a633e.jpg,train,train,clear,daytime,city street
6a1c9e5c-4cf42d90,6a1c9e5c-4cf42d90.jpg,images/100k/train/6a1c9e5c-4cf42d90.jpg,train,train,clear,daytime,city street
6a244000-5df96a33,6a244000-5df96a33.jpg,images/100k/train/6a244000-5df96a33.jpg,train,train,clear,dawn/dusk,residential
6a244000-d9ceefdd,6a244000-d9ceefdd.jpg,images/100k/train/6a244000-d9ceefdd.jpg,train,train,clear,daytime,highway
6a36f21d-897e2db3,6a36f21d-897e2db3.jpg,images/100k/train/6a36f21d-897e2db3.jpg,train,train,rainy,daytime,highway
6a42c0ab-5a1df402,6a42c0ab-5a1df402.jpg,images/100k/train/6a42c0ab-5a1df402.jpg,train,train,clear,night,city street
6a496fb6-2aaab80d,6a496fb6-2aaab80d.jpg,images/100k/train/6a496fb6-2aaab80d.jpg,train,train,undefined,daytime,city street
6a4fa38c-6f902ede,6a4fa38c-6f902ede.jpg,images/100k/train/6a4fa38c-6f902ede.jpg,train,train,overcast,daytime,residential
6a626ee3-61100bbc,6a626ee3-61100bbc.jpg,images/100k/train/6a626ee3-61100bbc.jpg,train,train,undefined,daytime,city street
6a62edfb-304da61f,6a62edfb-304da61f.jpg,images/100k/train/6a62edfb-304da61f.jpg,train,train,clear,daytime,highway
6a66fb6d-70aeda32,6a66fb6d-70aeda32.jpg,images/100k/train/6a66fb6d-70aeda32.jpg,train,train,rainy,daytime,highway
6a6749af-146acc80,6a6749af-146acc80.jpg,images/100k/train/6a6749af-146acc80.jpg,train,train,clear,daytime,city street
6a6d4934-5e68dd83,6a6d4934-5e68dd83.jpg,images/100k/train/6a6d4934-5e68dd83.jpg,train,train,clear,daytime,city street
6a6df520-baaee62e,6a6df520-baaee62e.jpg,images/100k/train/6a6df520-baaee62e.jpg,train,train,clear,night,highway
6a72ef7e-7a957486,6a72ef7e-7a957486.jpg,images/100k/train/6a72ef7e-7a957486.jpg,train,train,overcast,daytime,residential
6a747b64-d2e3361d,6a747b64-d2e3361d.jpg,images/100k/train/6a747b64-d2e3361d.jpg,train,train,clear,night,city street
6a7c3557-60bf11fb,6a7c3557-60bf11fb.jpg,images/100k/train/6a7c3557-60bf11fb.jpg,train,train,clear,dawn/dusk,highway
6a7d87cf-41ccbdf6,6a7d87cf-41ccbdf6.jpg,images/100k/train/6a7d87cf-41ccbdf6.jpg,train,train,clear,night,city street
6a94c88a-c7519a22,6a94c88a-c7519a22.jpg,images/100k/train/6a94c88a-c7519a22.jpg,train,train,snowy,daytime,city street
6a974319-a33b53bd,6a974319-a33b53bd.jpg,images/100k/train/6a974319-a33b53bd.jpg,train,train,clear,daytime,city street
6aa97d0c-5adeb3a5,6aa97d0c-5adeb3a5.jpg,images/100k/train/6aa97d0c-5adeb3a5.jpg,train,train,clear,daytime,city street
6ac22431-99bdae58,6ac22431-99bdae58.jpg,images/100k/train/6ac22431-99bdae58.jpg,train,train,undefined,daytime,highway
6ad4b8e1-3ddccb99,6ad4b8e1-3ddccb99.jpg,images/100k/train/6ad4b8e1-3ddccb99.jpg,train,train,rainy,night,city street
6ad71608-5c44d868,6ad71608-5c44d868.jpg,images/100k/train/6ad71608-5c44d868.jpg,train,train,undefined,daytime,city street
6ad71608-ae832360,6ad71608-ae832360.jpg,images/100k/train/6ad71608-ae832360.jpg,train,train,snowy,daytime,city street
6af46b5b-513b12d8,6af46b5b-513b12d8.jpg,images/100k/train/6af46b5b-513b12d8.jpg,train,train,clear,night,city street
6b071e75-6d80fbe8,6b071e75-6d80fbe8.jpg,images/100k/train/6b071e75-6d80fbe8.jpg,train,train,overcast,night,highway
6b08efa6-71961802,6b08efa6-71961802.jpg,images/100k/train/6b08efa6-71961802.jpg,train,train,clear,daytime,residential
6b0d8520-e67f2a48,6b0d8520-e67f2a48.jpg,images/100k/train/6b0d8520-e67f2a48.jpg,train,train,undefined,daytime,residential
6b10dbfd-058c8f37,6b10dbfd-058c8f37.jpg,images/100k/train/6b10dbfd-058c8f37.jpg,train,train,undefined,daytime,city street
6b212758-9fffe0c2,6b212758-9fffe0c2.jpg,images/100k/train/6b212758-9fffe0c2.jpg,train,train,clear,night,city street
6b370019-98c816f9,6b370019-98c816f9.jpg,images/100k/train/6b370019-98c816f9.jpg,train,train,undefined,daytime,city street
6b4fceba-087b9771,6b4fceba-087b9771.jpg,images/100k/train/6b4fceba-087b9771.jpg,train,train,clear,night,city street
6b4fceba-db13cf78,6b4fceba-db13cf78.jpg,images/100k/train/6b4fceba-db13cf78.jpg,train,train,clear,night,city street
6b5dcdcf-20689278,6b5dcdcf-20689278.jpg,images/100k/train/6b5dcdcf-20689278.jpg,train,train,clear,dawn/dusk,residential
6b60606d-a6c35777,6b60606d-a6c35777.jpg,images/100k/train/6b60606d-a6c35777.jpg,train,train,clear,night,highway
6b66e427-f1dd85e6,6b66e427-f1dd85e6.jpg,images/100k/train/6b66e427-f1dd85e6.jpg,train,train,clear,night,city street
6b7c4760-0a7720b8,6b7c4760-0a7720b8.jpg,images/100k/train/6b7c4760-0a7720b8.jpg,train,train,undefined,daytime,city street
6b7ebe63-908c5645,6b7ebe63-908c5645.jpg,images/100k/train/6b7ebe63-908c5645.jpg,train,train,clear,night,highway
6b7feb1a-819ae07a,6b7feb1a-819ae07a.jpg,images/100k/train/6b7feb1a-819ae07a.jpg,train,train,snowy,daytime,city street
6b86fb22-4807de78,6b86fb22-4807de78.jpg,images/100k/train/6b86fb22-4807de78.jpg,train,train,rainy,daytime,city street
6ba70e47-50d0d3b7,6ba70e47-50d0d3b7.jpg,images/100k/train/6ba70e47-50d0d3b7.jpg,train,train,clear,night,residential
6bb64282-738a48fd,6bb64282-738a48fd.jpg,images/100k/train/6bb64282-738a48fd.jpg,train,train,clear,daytime,residential
6bc8debf-48dcb4d6,6bc8debf-48dcb4d6.jpg,images/100k/train/6bc8debf-48dcb4d6.jpg,train,train,clear,night,city street
6bcfa464-27dd5695,6bcfa464-27dd5695.jpg,images/100k/train/6bcfa464-27dd5695.jpg,train,train,clear,night,city street
6bd2450e-27518169,6bd2450e-27518169.jpg,images/100k/train/6bd2450e-27518169.jpg,train,train,clear,daytime,city street
6bdcd794-f11ffd99,6bdcd794-f11ffd99.jpg,images/100k/train/6bdcd794-f11ffd99.jpg,train,train,partly cloudy,daytime,city street
6be300d3-dd6f574d,6be300d3-dd6f574d.jpg,images/100k/train/6be300d3-dd6f574d.jpg,train,train,undefined,daytime,city street
6be5f745-f79e54e5,6be5f745-f79e54e5.jpg,images/100k/train/6be5f745-f79e54e5.jpg,train,train,partly cloudy,daytime,city street
6be68735-8339ace8,6be68735-8339ace8.jpg,images/100k/train/6be68735-8339ace8.jpg,train,train,clear,night,city street
6bf1a64a-00ead052,6bf1a64a-00ead052.jpg,images/100k/train/6bf1a64a-00ead052.jpg,train,train,rainy,dawn/dusk,city street
6c03a466-c8b85f7d,6c03a466-c8b85f7d.jpg,images/100k/train/6c03a466-c8b85f7d.jpg,train,train,overcast,daytime,city street
6c059b1b-faf0fde2,6c059b1b-faf0fde2.jpg,images/100k/train/6c059b1b-faf0fde2.jpg,train,train,clear,night,highway
6c08119d-01242672,6c08119d-01242672.jpg,images/100k/train/6c08119d-01242672.jpg,train,train,rainy,night,residential
6c08ac23-c547c35f,6c08ac23-c547c35f.jpg,images/100k/train/6c08ac23-c547c35f.jpg,train,train,overcast,daytime,highway
6c0cc8ca-3be95d27,6c0cc8ca-3be95d27.jpg,images/100k/train/6c0cc8ca-3be95d27.jpg,train,train,overcast,daytime,city street
6c0ce671-30580ffb,6c0ce671-30580ffb.jpg,images/100k/train/6c0ce671-30580ffb.jpg,train,train,clear,night,highway
6c0f4578-9214957d,6c0f4578-9214957d.jpg,images/100k/train/6c0f4578-9214957d.jpg,train,train,clear,daytime,city street
6c10abff-c13354f3,6c10abff-c13354f3.jpg,images/100k/train/6c10abff-c13354f3.jpg,train,train,undefined,daytime,city street
6c17f037-2bf4adf9,6c17f037-2bf4adf9.jpg,images/100k/train/6c17f037-2bf4adf9.jpg,train,train,snowy,daytime,city street
6c17f037-f65529ee,6c17f037-f65529ee.jpg,images/100k/train/6c17f037-f65529ee.jpg,train,train,clear,night,highway
6c1926b0-6fdf66e4,6c1926b0-6fdf66e4.jpg,images/100k/train/6c1926b0-6fdf66e4.jpg,train,train,partly cloudy,daytime,highway
6c1f5e8c-f59e7999,6c1f5e8c-f59e7999.jpg,images/100k/train/6c1f5e8c-f59e7999.jpg,train,train,overcast,daytime,residential
6c2364a1-e3efa65d,6c2364a1-e3efa65d.jpg,images/100k/train/6c2364a1-e3efa65d.jpg,train,train,snowy,daytime,residential
6c2b1065-ee7ccdfe,6c2b1065-ee7ccdfe.jpg,images/100k/train/6c2b1065-ee7ccdfe.jpg,train,train,partly cloudy,daytime,city street
6c2eb209-328a6533,6c2eb209-328a6533.jpg,images/100k/train/6c2eb209-328a6533.jpg,train,train,clear,night,city street
6c46c4fc-1e17281e,6c46c4fc-1e17281e.jpg,images/100k/train/6c46c4fc-1e17281e.jpg,train,train,clear,night,city street
6c58d441-dedfa6ef,6c58d441-dedfa6ef.jpg,images/100k/train/6c58d441-dedfa6ef.jpg,train,train,clear,dawn/dusk,city street
6c74ae8b-c424b009,6c74ae8b-c424b009.jpg,images/100k/train/6c74ae8b-c424b009.jpg,train,train,undefined,daytime,city street
6c76dd2a-43ed53da,6c76dd2a-43ed53da.jpg,images/100k/train/6c76dd2a-43ed53da.jpg,train,train,clear,daytime,city street
6c9e72aa-fdc02a57,6c9e72aa-fdc02a57.jpg,images/100k/train/6c9e72aa-fdc02a57.jpg,train,train,partly cloudy,daytime,city street
6ca0fced-d491f571,6ca0fced-d491f571.jpg,images/100k/train/6ca0fced-d491f571.jpg,train,train,clear,night,highway
6cb5e117-a53a7a3d,6cb5e117-a53a7a3d.jpg,images/100k/train/6cb5e117-a53a7a3d.jpg,train,train,clear,night,highway
6cc2266e-16d8f437,6cc2266e-16d8f437.jpg,images/100k/train/6cc2266e-16d8f437.jpg,train,train,overcast,daytime,city street
6cc6d77b-6f1824a8,6cc6d77b-6f1824a8.jpg,images/100k/train/6cc6d77b-6f1824a8.jpg,train,train,rainy,daytime,city street
6cc9db0e-88e97179,6cc9db0e-88e97179.jpg,images/100k/train/6cc9db0e-88e97179.jpg,train,train,clear,night,city street
6cdbf4d8-0d75569b,6cdbf4d8-0d75569b.jpg,images/100k/train/6cdbf4d8-0d75569b.jpg,train,train,clear,night,highway
6cdcd971-db347c2c,6cdcd971-db347c2c.jpg,images/100k/train/6cdcd971-db347c2c.jpg,train,train,clear,night,city street
6cddacfb-93d1bf73,6cddacfb-93d1bf73.jpg,images/100k/train/6cddacfb-93d1bf73.jpg,train,train,clear,night,city street
6ce28c96-fd8c7942,6ce28c96-fd8c7942.jpg,images/100k/train/6ce28c96-fd8c7942.jpg,train,train,clear,daytime,city street
6ce727b7-a9f8984c,6ce727b7-a9f8984c.jpg,images/100k/train/6ce727b7-a9f8984c.jpg,train,train,partly cloudy,daytime,highway
6cffdc1d-45593d91,6cffdc1d-45593d91.jpg,images/100k/train/6cffdc1d-45593d91.jpg,train,train,clear,night,highway
6d0d7bef-f3a9adb1,6d0d7bef-f3a9adb1.jpg,images/100k/train/6d0d7bef-f3a9adb1.jpg,train,train,undefined,daytime,city street
6d1d26cc-d0196546,6d1d26cc-d0196546.jpg,images/100k/train/6d1d26cc-d0196546.jpg,train,train,undefined,daytime,city street
6d25e9d3-73664f12,6d25e9d3-73664f12.jpg,images/100k/train/6d25e9d3-73664f12.jpg,train,train,rainy,night,city street
6d2a1bb1-cf742802,6d2a1bb1-cf742802.jpg,images/100k/train/6d2a1bb1-cf742802.jpg,train,train,clear,daytime,residential
6d34f7b0-dd998789,6d34f7b0-dd998789.jpg,images/100k/train/6d34f7b0-dd998789.jpg,train,train,clear,night,highway
6d3564c8-00ce99ee,6d3564c8-00ce99ee.jpg,images/100k/train/6d3564c8-00ce99ee.jpg,train,train,overcast,dawn/dusk,highway
6d371c29-d1b4f865,6d371c29-d1b4f865.jpg,images/100k/train/6d371c29-d1b4f865.jpg,train,train,undefined,daytime,city street
6d428cb4-05bc4c55,6d428cb4-05bc4c55.jpg,images/100k/train/6d428cb4-05bc4c55.jpg,train,train,clear,night,highway
6d4c5cdf-7288c44b,6d4c5cdf-7288c44b.jpg,images/100k/train/6d4c5cdf-7288c44b.jpg,train,train,partly cloudy,daytime,highway
6d53cc71-e641cc12,6d53cc71-e641cc12.jpg,images/100k/train/6d53cc71-e641cc12.jpg,train,train,snowy,daytime,residential
6d58f563-6431c8eb,6d58f563-6431c8eb.jpg,images/100k/train/6d58f563-6431c8eb.jpg,train,train,clear,dawn/dusk,city street
6d58f563-b8378dbc,6d58f563-b8378dbc.jpg,images/100k/train/6d58f563-b8378dbc.jpg,train,train,rainy,night,city street
6d5c1066-c69f196f,6d5c1066-c69f196f.jpg,images/100k/train/6d5c1066-c69f196f.jpg,train,train,clear,daytime,residential
6d6a7962-5abe2e26,6d6a7962-5abe2e26.jpg,images/100k/train/6d6a7962-5abe2e26.jpg,train,train,clear,night,highway
6d806fdc-f488cf67,6d806fdc-f488cf67.jpg,images/100k/train/6d806fdc-f488cf67.jpg,train,train,partly cloudy,daytime,highway
6d836548-62323876,6d836548-62323876.jpg,images/100k/train/6d836548-62323876.jpg,train,train,rainy,daytime,residential
6d896f6c-edea9049,6d896f6c-edea9049.jpg,images/100k/train/6d896f6c-edea9049.jpg,train,train,snowy,dawn/dusk,city street
6d8a6d94-00a7ad92,6d8a6d94-00a7ad92.jpg,images/100k/train/6d8a6d94-00a7ad92.jpg,train,train,clear,daytime,highway
6d8beed6-cd395d4c,6d8beed6-cd395d4c.jpg,images/100k/train/6d8beed6-cd395d4c.jpg,train,train,clear,night,residential
6d9dfcc0-c4a51a50,6d9dfcc0-c4a51a50.jpg,images/100k/train/6d9dfcc0-c4a51a50.jpg,train,train,clear,night,city street
6d9ef3ec-b9424213,6d9ef3ec-b9424213.jpg,images/100k/train/6d9ef3ec-b9424213.jpg,train,train,clear,night,city street
6db2f2bf-144b3393,6db2f2bf-144b3393.jpg,images/100k/train/6db2f2bf-144b3393.jpg,train,train,undefined,daytime,city street
6db91b70-c0b4b1ee,6db91b70-c0b4b1ee.jpg,images/100k/train/6db91b70-c0b4b1ee.jpg,train,train,undefined,daytime,city street
6de5638d-8652cb79,6de5638d-8652cb79.jpg,images/100k/train/6de5638d-8652cb79.jpg,train,train,snowy,night,city street
6df0259a-e09b6eec,6df0259a-e09b6eec.jpg,images/100k/train/6df0259a-e09b6eec.jpg,train,train,overcast,daytime,city street
6e1ba34a-9d135651,6e1ba34a-9d135651.jpg,images/100k/train/6e1ba34a-9d135651.jpg,train,train,partly cloudy,daytime,city street
6e25e011-d9669bd6,6e25e011-d9669bd6.jpg,images/100k/train/6e25e011-d9669bd6.jpg,train,train,rainy,night,city street
6e2b54c2-fb0c4fbd,6e2b54c2-fb0c4fbd.jpg,images/100k/train/6e2b54c2-fb0c4fbd.jpg,train,train,clear,night,highway
6e44c83e-5a61e9e7,6e44c83e-5a61e9e7.jpg,images/100k/train/6e44c83e-5a61e9e7.jpg,train,train,clear,daytime,residential
6e58338a-c489c98e,6e58338a-c489c98e.jpg,images/100k/train/6e58338a-c489c98e.jpg,train,train,clear,night,residential
6e5efac9-e77632be,6e5efac9-e77632be.jpg,images/100k/train/6e5efac9-e77632be.jpg,train,train,clear,daytime,city street
6e631f87-82857fed,6e631f87-82857fed.jpg,images/100k/train/6e631f87-82857fed.jpg,train,train,clear,daytime,residential
6e78abb1-d460f152,6e78abb1-d460f152.jpg,images/100k/train/6e78abb1-d460f152.jpg,train,train,undefined,daytime,highway
6e81e340-4f8aae92,6e81e340-4f8aae92.jpg,images/100k/train/6e81e340-4f8aae92.jpg,train,train,undefined,daytime,highway
6e8bf5d6-d3cf7112,6e8bf5d6-d3cf7112.jpg,images/100k/train/6e8bf5d6-d3cf7112.jpg,train,train,undefined,dawn/dusk,city street
6e92ca34-ea83d562,6e92ca34-ea83d562.jpg,images/100k/train/6e92ca34-ea83d562.jpg,train,train,partly cloudy,daytime,city street
6e94a04f-780c68e2,6e94a04f-780c68e2.jpg,images/100k/train/6e94a04f-780c68e2.jpg,train,train,undefined,daytime,city street
6ea4cd53-af589492,6ea4cd53-af589492.jpg,images/100k/train/6ea4cd53-af589492.jpg,train,train,overcast,daytime,residential
6ea8a222-c0e2a0a0,6ea8a222-c0e2a0a0.jpg,images/100k/train/6ea8a222-c0e2a0a0.jpg,train,train,undefined,daytime,city street
6eab9b05-d72b76ee,6eab9b05-d72b76ee.jpg,images/100k/train/6eab9b05-d72b76ee.jpg,train,train,clear,night,city street
6eaf9033-ebc423b2,6eaf9033-ebc423b2.jpg,images/100k/train/6eaf9033-ebc423b2.jpg,train,train,clear,daytime,city street
6ebba80d-c4b63408,6ebba80d-c4b63408.jpg,images/100k/train/6ebba80d-c4b63408.jpg,train,train,clear,daytime,city street
6ebe1b37-d1c8210c,6ebe1b37-d1c8210c.jpg,images/100k/train/6ebe1b37-d1c8210c.jpg,train,train,clear,night,city street
6eca5538-f8b8833d,6eca5538-f8b8833d.jpg,images/100k/train/6eca5538-f8b8833d.jpg,train,train,rainy,night,city street
6ecb03a5-32b1c203,6ecb03a5-32b1c203.jpg,images/100k/train/6ecb03a5-32b1c203.jpg,train,train,partly cloudy,daytime,highway
6eccd771-7fddac48,6eccd771-7fddac48.jpg,images/100k/train/6eccd771-7fddac48.jpg,train,train,clear,daytime,city street
6ecef580-11f6bbcf,6ecef580-11f6bbcf.jpg,images/100k/train/6ecef580-11f6bbcf.jpg,train,train,rainy,night,city street
6edca116-863a5a7f,6edca116-863a5a7f.jpg,images/100k/train/6edca116-863a5a7f.jpg,train,train,clear,daytime,city street
6ee57024-3c9e350d,6ee57024-3c9e350d.jpg,images/100k/train/6ee57024-3c9e350d.jpg,train,train,overcast,daytime,highway
6efc4740-e9486631,6efc4740-e9486631.jpg,images/100k/train/6efc4740-e9486631.jpg,train,train,clear,night,city street
6efcafb7-bc3dba4e,6efcafb7-bc3dba4e.jpg,images/100k/train/6efcafb7-bc3dba4e.jpg,train,train,clear,night,city street
6eff9ae1-766b307f,6eff9ae1-766b307f.jpg,images/100k/train/6eff9ae1-766b307f.jpg,train,train,overcast,dawn/dusk,residential
6f037304-56389fe3,6f037304-56389fe3.jpg,images/100k/train/6f037304-56389fe3.jpg,train,train,undefined,daytime,residential
6f099556-8b2f53e5,6f099556-8b2f53e5.jpg,images/100k/train/6f099556-8b2f53e5.jpg,train,train,clear,night,highway
6f0ddc7b-01db823f,6f0ddc7b-01db823f.jpg,images/100k/train/6f0ddc7b-01db823f.jpg,train,train,clear,night,city street
6f1128ff-95d4c7e9,6f1128ff-95d4c7e9.jpg,images/100k/train/6f1128ff-95d4c7e9.jpg,train,train,clear,daytime,city street
6f1159b9-0dba62c8,6f1159b9-0dba62c8.jpg,images/100k/train/6f1159b9-0dba62c8.jpg,train,train,partly cloudy,daytime,city street
6f165853-742eb035,6f165853-742eb035.jpg,images/100k/train/6f165853-742eb035.jpg,train,train,clear,night,city street
6f24ded1-ba53c940,6f24ded1-ba53c940.jpg,images/100k/train/6f24ded1-ba53c940.jpg,train,train,clear,night,highway
6f2cf9ec-c0eb0c53,6f2cf9ec-c0eb0c53.jpg,images/100k/train/6f2cf9ec-c0eb0c53.jpg,train,train,undefined,daytime,city street
6f2dadc9-b3ee7cc4,6f2dadc9-b3ee7cc4.jpg,images/100k/train/6f2dadc9-b3ee7cc4.jpg,train,train,partly cloudy,daytime,residential
6f2fb1fd-f0d905c7,6f2fb1fd-f0d905c7.jpg,images/100k/train/6f2fb1fd-f0d905c7.jpg,train,train,clear,daytime,highway
6f404e37-28de0bee,6f404e37-28de0bee.jpg,images/100k/train/6f404e37-28de0bee.jpg,train,train,clear,night,highway
6f491570-ac892360,6f491570-ac892360.jpg,images/100k/train/6f491570-ac892360.jpg,train,train,clear,daytime,highway
6f6f96df-4082ef5f,6f6f96df-4082ef5f.jpg,images/100k/train/6f6f96df-4082ef5f.jpg,train,train,overcast,daytime,city street
6f76a14d-6cc6037f,6f76a14d-6cc6037f.jpg,images/100k/train/6f76a14d-6cc6037f.jpg,train,train,clear,night,city street
6f94bb5c-1121b79d,6f94bb5c-1121b79d.jpg,images/100k/train/6f94bb5c-1121b79d.jpg,train,train,clear,daytime,city street
6f9a49c7-2a648829,6f9a49c7-2a648829.jpg,images/100k/train/6f9a49c7-2a648829.jpg,train,train,clear,night,city street
6fab7e57-962008ac,6fab7e57-962008ac.jpg,images/100k/train/6fab7e57-962008ac.jpg,train,train,partly cloudy,daytime,highway
6fb3f530-91f1669c,6fb3f530-91f1669c.jpg,images/100k/train/6fb3f530-91f1669c.jpg,train,train,clear,daytime,highway
6fba22f0-00d6ca58,6fba22f0-00d6ca58.jpg,images/100k/train/6fba22f0-00d6ca58.jpg,train,train,clear,night,city street
6fbd1f6a-83c3bc1c,6fbd1f6a-83c3bc1c.jpg,images/100k/train/6fbd1f6a-83c3bc1c.jpg,train,train,clear,night,highway
6fcbd17b-356c4be1,6fcbd17b-356c4be1.jpg,images/100k/train/6fcbd17b-356c4be1.jpg,train,train,clear,daytime,city street
6fcbd17b-9cd6c3a2,6fcbd17b-9cd6c3a2.jpg,images/100k/train/6fcbd17b-9cd6c3a2.jpg,train,train,clear,daytime,highway
6fd5a4e8-eacc573b,6fd5a4e8-eacc573b.jpg,images/100k/train/6fd5a4e8-eacc573b.jpg,train,train,snowy,night,residential
6fe61342-0331f08f,6fe61342-0331f08f.jpg,images/100k/train/6fe61342-0331f08f.jpg,train,train,rainy,daytime,city street
6fe61342-6953fada,6fe61342-6953fada.jpg,images/100k/train/6fe61342-6953fada.jpg,train,train,undefined,daytime,city street
6fe7d6af-761b8b8d,6fe7d6af-761b8b8d.jpg,images/100k/train/6fe7d6af-761b8b8d.jpg,train,train,clear,night,city street
6fe7d6af-bc1926c7,6fe7d6af-bc1926c7.jpg,images/100k/train/6fe7d6af-bc1926c7.jpg,train,train,clear,night,city street
6fecbff0-54871b1f,6fecbff0-54871b1f.jpg,images/100k/train/6fecbff0-54871b1f.jpg,train,train,overcast,daytime,residential
70080d40-85a2cfd6,70080d40-85a2cfd6.jpg,images/100k/train/70080d40-85a2cfd6.jpg,train,train,clear,night,city street
7017a67e-03b4b60e,7017a67e-03b4b60e.jpg,images/100k/train/7017a67e-03b4b60e.jpg,train,train,clear,night,city street
701992bd-9f83026f,701992bd-9f83026f.jpg,images/100k/train/701992bd-9f83026f.jpg,train,train,clear,daytime,residential
701a4689-bdc08d83,701a4689-bdc08d83.jpg,images/100k/train/701a4689-bdc08d83.jpg,train,train,clear,night,city street
701d9ffb-90a16157,701d9ffb-90a16157.jpg,images/100k/train/701d9ffb-90a16157.jpg,train,train,overcast,daytime,highway
7020c196-834c63f1,7020c196-834c63f1.jpg,images/100k/train/7020c196-834c63f1.jpg,train,train,clear,night,city street
702d0dbc-0c5151e3,702d0dbc-0c5151e3.jpg,images/100k/train/702d0dbc-0c5151e3.jpg,train,train,clear,night,city street
7035411c-a42e8d39,7035411c-a42e8d39.jpg,images/100k/train/7035411c-a42e8d39.jpg,train,train,partly cloudy,daytime,highway
703e6c3d-fc28c562,703e6c3d-fc28c562.jpg,images/100k/train/703e6c3d-fc28c562.jpg,train,train,overcast,daytime,city street
7048fd62-7abce5a7,7048fd62-7abce5a7.jpg,images/100k/train/7048fd62-7abce5a7.jpg,train,train,undefined,daytime,city street
70554bc6-1b7377e8,70554bc6-1b7377e8.jpg,images/100k/train/70554bc6-1b7377e8.jpg,train,train,rainy,daytime,city street
705c6dce-697b096c,705c6dce-697b096c.jpg,images/100k/train/705c6dce-697b096c.jpg,train,train,undefined,daytime,residential
70756bb2-c844187a,70756bb2-c844187a.jpg,images/100k/train/70756bb2-c844187a.jpg,train,train,rainy,daytime,highway
70756bb2-e3823797,70756bb2-e3823797.jpg,images/100k/train/70756bb2-e3823797.jpg,train,train,foggy,dawn/dusk,city street
707806c3-c5501eb1,707806c3-c5501eb1.jpg,images/100k/train/707806c3-c5501eb1.jpg,train,train,clear,night,city street
707a6ab8-be1c0d8b,707a6ab8-be1c0d8b.jpg,images/100k/train/707a6ab8-be1c0d8b.jpg,train,train,clear,night,highway
708a0df2-d69667bd,708a0df2-d69667bd.jpg,images/100k/train/708a0df2-d69667bd.jpg,train,train,partly cloudy,daytime,residential
7090c632-654e83a1,7090c632-654e83a1.jpg,images/100k/train/7090c632-654e83a1.jpg,train,train,undefined,daytime,residential
7090c632-ec061c2e,7090c632-ec061c2e.jpg,images/100k/train/7090c632-ec061c2e.jpg,train,train,clear,daytime,city street
7098c3d9-25a83d00,7098c3d9-25a83d00.jpg,images/100k/train/7098c3d9-25a83d00.jpg,train,train,rainy,daytime,city street
709e4abf-e2fb2af1,709e4abf-e2fb2af1.jpg,images/100k/train/709e4abf-e2fb2af1.jpg,train,train,overcast,night,highway
709f7f71-1da5b7e5,709f7f71-1da5b7e5.jpg,images/100k/train/709f7f71-1da5b7e5.jpg,train,train,clear,night,city street
70b03467-2e9cbed7,70b03467-2e9cbed7.jpg,images/100k/train/70b03467-2e9cbed7.jpg,train,train,overcast,daytime,city street
70bf256d-d8d6dfa5,70bf256d-d8d6dfa5.jpg,images/100k/train/70bf256d-d8d6dfa5.jpg,train,train,clear,daytime,residential
70c0bfbf-2f58a4d0,70c0bfbf-2f58a4d0.jpg,images/100k/train/70c0bfbf-2f58a4d0.jpg,train,train,snowy,night,city street
70c2e6ea-be615ed9,70c2e6ea-be615ed9.jpg,images/100k/train/70c2e6ea-be615ed9.jpg,train,train,clear,night,highway
70c68f3b-81cfdf2e,70c68f3b-81cfdf2e.jpg,images/100k/train/70c68f3b-81cfdf2e.jpg,train,train,undefined,dawn/dusk,city street
70cc96e1-fdf9f7e1,70cc96e1-fdf9f7e1.jpg,images/100k/train/70cc96e1-fdf9f7e1.jpg,train,train,snowy,night,highway
70d7bfdd-9300b893,70d7bfdd-9300b893.jpg,images/100k/train/70d7bfdd-9300b893.jpg,train,train,clear,night,city street
70da5af9-03ceaa7a,70da5af9-03ceaa7a.jpg,images/100k/train/70da5af9-03ceaa7a.jpg,train,train,clear,daytime,highway
70ee6c4d-21b78397,70ee6c4d-21b78397.jpg,images/100k/train/70ee6c4d-21b78397.jpg,train,train,clear,daytime,city street
70fb3d56-de57eb8d,70fb3d56-de57eb8d.jpg,images/100k/train/70fb3d56-de57eb8d.jpg,train,train,overcast,daytime,city street
70fcb951-177986af,70fcb951-177986af.jpg,images/100k/train/70fcb951-177986af.jpg,train,train,clear,night,highway
70fea69d-fc8dce94,70fea69d-fc8dce94.jpg,images/100k/train/70fea69d-fc8dce94.jpg,train,train,clear,daytime,highway
70ff9e23-f5bf880d,70ff9e23-f5bf880d.jpg,images/100k/train/70ff9e23-f5bf880d.jpg,train,train,overcast,daytime,city street
710543fe-592ccedc,710543fe-592ccedc.jpg,images/100k/train/710543fe-592ccedc.jpg,train,train,partly cloudy,dawn/dusk,highway
710e1da0-cf59995e,710e1da0-cf59995e.jpg,images/100k/train/710e1da0-cf59995e.jpg,train,train,undefined,daytime,city street
71124050-cba38445,71124050-cba38445.jpg,images/100k/train/71124050-cba38445.jpg,train,train,clear,daytime,highway
711f480f-423f528c,711f480f-423f528c.jpg,images/100k/train/711f480f-423f528c.jpg,train,train,partly cloudy,daytime,highway
712ea9ef-da96c9a5,712ea9ef-da96c9a5.jpg,images/100k/train/712ea9ef-da96c9a5.jpg,train,train,clear,night,city street
713a020b-a954979e,713a020b-a954979e.jpg,images/100k/train/713a020b-a954979e.jpg,train,train,undefined,daytime,city street
7143e759-f742d121,7143e759-f742d121.jpg,images/100k/train/7143e759-f742d121.jpg,train,train,clear,night,city street
714e3a05-b2008683,714e3a05-b2008683.jpg,images/100k/train/714e3a05-b2008683.jpg,train,train,clear,dawn/dusk,city street
715c50c7-b790f2e7,715c50c7-b790f2e7.jpg,images/100k/train/715c50c7-b790f2e7.jpg,train,train,undefined,daytime,city street
715f03e1-c83ab2f4,715f03e1-c83ab2f4.jpg,images/100k/train/715f03e1-c83ab2f4.jpg,train,train,clear,night,city street
71679292-b5ef1e0b,71679292-b5ef1e0b.jpg,images/100k/train/71679292-b5ef1e0b.jpg,train,train,rainy,night,highway
716ffad7-97f14077,716ffad7-97f14077.jpg,images/100k/train/716ffad7-97f14077.jpg,train,train,rainy,daytime,city street
7177e44b-f17ec699,7177e44b-f17ec699.jpg,images/100k/train/7177e44b-f17ec699.jpg,train,train,undefined,daytime,city street
71838d22-0052aa97,71838d22-0052aa97.jpg,images/100k/train/71838d22-0052aa97.jpg,train,train,clear,night,city street
71863a3f-ac61f45d,71863a3f-ac61f45d.jpg,images/100k/train/71863a3f-ac61f45d.jpg,train,train,clear,night,residential
71894666-adf1d828,71894666-adf1d828.jpg,images/100k/train/71894666-adf1d828.jpg,train,train,clear,night,city street
718ecb9c-24906e89,718ecb9c-24906e89.jpg,images/100k/train/718ecb9c-24906e89.jpg,train,train,clear,night,city street
71944aee-c2a715c7,71944aee-c2a715c7.jpg,images/100k/train/71944aee-c2a715c7.jpg,train,train,clear,daytime,city street
719ac6f6-5ca44e57,719ac6f6-5ca44e57.jpg,images/100k/train/719ac6f6-5ca44e57.jpg,train,train,clear,night,city street
71ac30bf-fed00a17,71ac30bf-fed00a17.jpg,images/100k/train/71ac30bf-fed00a17.jpg,train,train,clear,daytime,city street
71d396dd-d2a76610,71d396dd-d2a76610.jpg,images/100k/train/71d396dd-d2a76610.jpg,train,train,clear,night,city street
71de4a7f-8e319e80,71de4a7f-8e319e80.jpg,images/100k/train/71de4a7f-8e319e80.jpg,train,train,clear,daytime,highway
71e1e7e0-070e3f75,71e1e7e0-070e3f75.jpg,images/100k/train/71e1e7e0-070e3f75.jpg,train,train,clear,night,highway
71e85218-fc3ac4b0,71e85218-fc3ac4b0.jpg,images/100k/train/71e85218-fc3ac4b0.jpg,train,train,clear,night,city street
71f17909-c058504a,71f17909-c058504a.jpg,images/100k/train/71f17909-c058504a.jpg,train,train,clear,night,highway
71f2e760-1491d7f4,71f2e760-1491d7f4.jpg,images/100k/train/71f2e760-1491d7f4.jpg,train,train,partly cloudy,daytime,highway
71f49259-108e45a0,71f49259-108e45a0.jpg,images/100k/train/71f49259-108e45a0.jpg,train,train,rainy,night,city street
71fbc85e-64077849,71fbc85e-64077849.jpg,images/100k/train/71fbc85e-64077849.jpg,train,train,snowy,night,city street
71fdd320-6a1a190b,71fdd320-6a1a190b.jpg,images/100k/train/71fdd320-6a1a190b.jpg,train,train,clear,daytime,city street
72073364-db8d2a95,72073364-db8d2a95.jpg,images/100k/train/72073364-db8d2a95.jpg,train,train,clear,night,city street
720d8a12-a9241a28,720d8a12-a9241a28.jpg,images/100k/train/720d8a12-a9241a28.jpg,train,train,clear,daytime,city street
7238b169-822c0039,7238b169-822c0039.jpg,images/100k/train/7238b169-822c0039.jpg,train,train,clear,daytime,city street
72430348-0b2d92bb,72430348-0b2d92bb.jpg,images/100k/train/72430348-0b2d92bb.jpg,train,train,clear,night,city street
7251770f-cc5024a9,7251770f-cc5024a9.jpg,images/100k/train/7251770f-cc5024a9.jpg,train,train,partly cloudy,daytime,highway
72555863-5fe63c33,72555863-5fe63c33.jpg,images/100k/train/72555863-5fe63c33.jpg,train,train,clear,night,city street
72555863-9301333d,72555863-9301333d.jpg,images/100k/train/72555863-9301333d.jpg,train,train,overcast,daytime,city street
726194d0-37a15d03,726194d0-37a15d03.jpg,images/100k/train/726194d0-37a15d03.jpg,train,train,clear,daytime,city street
7265071e-a449fe2f,7265071e-a449fe2f.jpg,images/100k/train/7265071e-a449fe2f.jpg,train,train,clear,daytime,city street
7265071e-bb839896,7265071e-bb839896.jpg,images/100k/train/7265071e-bb839896.jpg,train,train,clear,daytime,city street
7267777c-14ce78c3,7267777c-14ce78c3.jpg,images/100k/train/7267777c-14ce78c3.jpg,train,train,overcast,daytime,city street
72692e2b-aaab868f,72692e2b-aaab868f.jpg,images/100k/train/72692e2b-aaab868f.jpg,train,train,overcast,daytime,city street
727488c2-5a8d234f,727488c2-5a8d234f.jpg,images/100k/train/727488c2-5a8d234f.jpg,train,train,clear,night,city street
7282c3cb-c068639d,7282c3cb-c068639d.jpg,images/100k/train/7282c3cb-c068639d.jpg,train,train,overcast,daytime,city street
7284844a-d7efaf91,7284844a-d7efaf91.jpg,images/100k/train/7284844a-d7efaf91.jpg,train,train,clear,night,residential
72894d6e-48410a4a,72894d6e-48410a4a.jpg,images/100k/train/72894d6e-48410a4a.jpg,train,train,clear,night,residential
728eacd2-375ba9e7,728eacd2-375ba9e7.jpg,images/100k/train/728eacd2-375ba9e7.jpg,train,train,clear,night,highway
728eacd2-38fbc6e6,728eacd2-38fbc6e6.jpg,images/100k/train/728eacd2-38fbc6e6.jpg,train,train,clear,night,residential
729f936b-a9fdc0fb,729f936b-a9fdc0fb.jpg,images/100k/train/729f936b-a9fdc0fb.jpg,train,train,partly cloudy,daytime,city street
72a36dcc-40ce4f6f,72a36dcc-40ce4f6f.jpg,images/100k/train/72a36dcc-40ce4f6f.jpg,train,train,partly cloudy,daytime,city street
72ac2eec-39a073c7,72ac2eec-39a073c7.jpg,images/100k/train/72ac2eec-39a073c7.jpg,train,train,clear,daytime,city street
72ade51e-33729634,72ade51e-33729634.jpg,images/100k/train/72ade51e-33729634.jpg,train,train,clear,daytime,highway
72b2ae75-a139d445,72b2ae75-a139d445.jpg,images/100k/train/72b2ae75-a139d445.jpg,train,train,clear,daytime,city street
72c058e7-99b4284e,72c058e7-99b4284e.jpg,images/100k/train/72c058e7-99b4284e.jpg,train,train,partly cloudy,daytime,highway
72c2b8f0-f6732c49,72c2b8f0-f6732c49.jpg,images/100k/train/72c2b8f0-f6732c49.jpg,train,train,undefined,daytime,city street
72c502a4-b2c95f06,72c502a4-b2c95f06.jpg,images/100k/train/72c502a4-b2c95f06.jpg,train,train,overcast,daytime,highway
72de7c5d-5f293e87,72de7c5d-5f293e87.jpg,images/100k/train/72de7c5d-5f293e87.jpg,train,train,undefined,night,highway
72ecaceb-c09febc7,72ecaceb-c09febc7.jpg,images/100k/train/72ecaceb-c09febc7.jpg,train,train,clear,night,city street
72eccbd6-01d563c6,72eccbd6-01d563c6.jpg,images/100k/train/72eccbd6-01d563c6.jpg,train,train,overcast,daytime,city street
72f59e81-38573298,72f59e81-38573298.jpg,images/100k/train/72f59e81-38573298.jpg,train,train,snowy,night,city street
72f59e81-a699f977,72f59e81-a699f977.jpg,images/100k/train/72f59e81-a699f977.jpg,train,train,snowy,night,residential
72fdde58-41787b25,72fdde58-41787b25.jpg,images/100k/train/72fdde58-41787b25.jpg,train,train,clear,daytime,residential
72feb2f3-51f0798c,72feb2f3-51f0798c.jpg,images/100k/train/72feb2f3-51f0798c.jpg,train,train,overcast,dawn/dusk,city street
72ffd63b-224d9332,72ffd63b-224d9332.jpg,images/100k/train/72ffd63b-224d9332.jpg,train,train,rainy,night,city street
7300f8fb-84ecf547,7300f8fb-84ecf547.jpg,images/100k/train/7300f8fb-84ecf547.jpg,train,train,rainy,daytime,city street
730c887b-0f4a1766,730c887b-0f4a1766.jpg,images/100k/train/730c887b-0f4a1766.jpg,train,train,undefined,daytime,city street
730d3319-94f83621,730d3319-94f83621.jpg,images/100k/train/730d3319-94f83621.jpg,train,train,clear,night,city street
7312a1fa-b9d9b563,7312a1fa-b9d9b563.jpg,images/100k/train/7312a1fa-b9d9b563.jpg,train,train,rainy,night,city street
7312f55b-c01bab4a,7312f55b-c01bab4a.jpg,images/100k/train/7312f55b-c01bab4a.jpg,train,train,clear,night,city street
731d9b17-088ca4e5,731d9b17-088ca4e5.jpg,images/100k/train/731d9b17-088ca4e5.jpg,train,train,clear,night,city street
731dd220-fb183b39,731dd220-fb183b39.jpg,images/100k/train/731dd220-fb183b39.jpg,train,train,partly cloudy,daytime,city street
7352ce5d-0e3fbef0,7352ce5d-0e3fbef0.jpg,images/100k/train/7352ce5d-0e3fbef0.jpg,train,train,clear,daytime,city street
7352ed07-2c742cc3,7352ed07-2c742cc3.jpg,images/100k/train/7352ed07-2c742cc3.jpg,train,train,partly cloudy,dawn/dusk,residential
7352ed07-48a1bb06,7352ed07-48a1bb06.jpg,images/100k/train/7352ed07-48a1bb06.jpg,train,train,partly cloudy,daytime,city street
73584d4a-d6854013,73584d4a-d6854013.jpg,images/100k/train/73584d4a-d6854013.jpg,train,train,clear,night,residential
7359c6f8-965ba173,7359c6f8-965ba173.jpg,images/100k/train/7359c6f8-965ba173.jpg,train,train,overcast,dawn/dusk,residential
736bf97f-1fb145b6,736bf97f-1fb145b6.jpg,images/100k/train/736bf97f-1fb145b6.jpg,train,train,clear,dawn/dusk,residential
736bf97f-ebda8107,736bf97f-ebda8107.jpg,images/100k/train/736bf97f-ebda8107.jpg,train,train,clear,night,city street
73717aa8-42c47de0,73717aa8-42c47de0.jpg,images/100k/train/73717aa8-42c47de0.jpg,train,train,overcast,daytime,city street
73729817-d7b27cf9,73729817-d7b27cf9.jpg,images/100k/train/73729817-d7b27cf9.jpg,train,train,clear,dawn/dusk,highway
73869519-02db5cf5,73869519-02db5cf5.jpg,images/100k/train/73869519-02db5cf5.jpg,train,train,overcast,daytime,highway
73918596-3d3fc147,73918596-3d3fc147.jpg,images/100k/train/73918596-3d3fc147.jpg,train,train,clear,night,highway
73971c8a-246a0543,73971c8a-246a0543.jpg,images/100k/train/73971c8a-246a0543.jpg,train,train,clear,daytime,city street
73980e55-94ee6de2,73980e55-94ee6de2.jpg,images/100k/train/73980e55-94ee6de2.jpg,train,train,rainy,night,city street
73b09461-922a67d0,73b09461-922a67d0.jpg,images/100k/train/73b09461-922a67d0.jpg,train,train,overcast,daytime,city street
73b1ac4f-45c78758,73b1ac4f-45c78758.jpg,images/100k/train/73b1ac4f-45c78758.jpg,train,train,undefined,daytime,residential
73bb9be1-7bfb7607,73bb9be1-7bfb7607.jpg,images/100k/train/73bb9be1-7bfb7607.jpg,train,train,clear,night,city street
73bd6aac-8846e850,73bd6aac-8846e850.jpg,images/100k/train/73bd6aac-8846e850.jpg,train,train,undefined,daytime,highway
73c07c3f-3e9b8e09,73c07c3f-3e9b8e09.jpg,images/100k/train/73c07c3f-3e9b8e09.jpg,train,train,overcast,daytime,highway
73c4a727-6cc123c8,73c4a727-6cc123c8.jpg,images/100k/train/73c4a727-6cc123c8.jpg,train,train,partly cloudy,night,highway
73c706af-3a6e916e,73c706af-3a6e916e.jpg,images/100k/train/73c706af-3a6e916e.jpg,train,train,undefined,daytime,city street
73d066de-ab57f2e1,73d066de-ab57f2e1.jpg,images/100k/train/73d066de-ab57f2e1.jpg,train,train,clear,daytime,highway
73d0a342-37aeb55e,73d0a342-37aeb55e.jpg,images/100k/train/73d0a342-37aeb55e.jpg,train,train,undefined,daytime,highway
73e7721a-7cfa216b,73e7721a-7cfa216b.jpg,images/100k/train/73e7721a-7cfa216b.jpg,train,train,clear,night,city street
73e7f2db-ae4f7fd0,73e7f2db-ae4f7fd0.jpg,images/100k/train/73e7f2db-ae4f7fd0.jpg,train,train,undefined,daytime,city street
73fe5b63-2224fdda,73fe5b63-2224fdda.jpg,images/100k/train/73fe5b63-2224fdda.jpg,train,train,clear,night,city street
740285bf-e568f563,740285bf-e568f563.jpg,images/100k/train/740285bf-e568f563.jpg,train,train,clear,night,highway
740fc94f-fd045c83,740fc94f-fd045c83.jpg,images/100k/train/740fc94f-fd045c83.jpg,train,train,partly cloudy,daytime,highway
741a6570-425af11a,741a6570-425af11a.jpg,images/100k/train/741a6570-425af11a.jpg,train,train,clear,daytime,highway
7435519e-587563d6,7435519e-587563d6.jpg,images/100k/train/7435519e-587563d6.jpg,train,train,clear,daytime,residential
743e74d6-e93cf102,743e74d6-e93cf102.jpg,images/100k/train/743e74d6-e93cf102.jpg,train,train,clear,night,city street
743f762a-dda5c625,743f762a-dda5c625.jpg,images/100k/train/743f762a-dda5c625.jpg,train,train,clear,daytime,city street
744b2bc1-9c1e63ad,744b2bc1-9c1e63ad.jpg,images/100k/train/744b2bc1-9c1e63ad.jpg,train,train,rainy,night,residential
746e7a2f-e5b66273,746e7a2f-e5b66273.jpg,images/100k/train/746e7a2f-e5b66273.jpg,train,train,clear,night,city street
7470e821-9af4806c,7470e821-9af4806c.jpg,images/100k/train/7470e821-9af4806c.jpg,train,train,clear,night,highway
7470e821-fae19d9f,7470e821-fae19d9f.jpg,images/100k/train/7470e821-fae19d9f.jpg,train,train,clear,night,highway
747a6b08-3e8c0e7f,747a6b08-3e8c0e7f.jpg,images/100k/train/747a6b08-3e8c0e7f.jpg,train,train,partly cloudy,daytime,city street
747b40ee-eb66b49d,747b40ee-eb66b49d.jpg,images/100k/train/747b40ee-eb66b49d.jpg,train,train,rainy,daytime,city street
747d8591-16535959,747d8591-16535959.jpg,images/100k/train/747d8591-16535959.jpg,train,train,partly cloudy,daytime,city street
74835f6c-efeadad1,74835f6c-efeadad1.jpg,images/100k/train/74835f6c-efeadad1.jpg,train,train,snowy,daytime,city street
7486e8bf-c2987510,7486e8bf-c2987510.jpg,images/100k/train/7486e8bf-c2987510.jpg,train,train,clear,daytime,city street
7489ba2c-3ed19969,7489ba2c-3ed19969.jpg,images/100k/train/7489ba2c-3ed19969.jpg,train,train,clear,night,highway
7490eb1d-545535af,7490eb1d-545535af.jpg,images/100k/train/7490eb1d-545535af.jpg,train,train,undefined,daytime,city street
749161f9-5281a0e0,749161f9-5281a0e0.jpg,images/100k/train/749161f9-5281a0e0.jpg,train,train,clear,daytime,residential
749a920c-f77132ca,749a920c-f77132ca.jpg,images/100k/train/749a920c-f77132ca.jpg,train,train,overcast,daytime,city street
74b2e79f-edd3580b,74b2e79f-edd3580b.jpg,images/100k/train/74b2e79f-edd3580b.jpg,train,train,clear,night,city street
74bf2c3e-bd716668,74bf2c3e-bd716668.jpg,images/100k/train/74bf2c3e-bd716668.jpg,train,train,clear,daytime,city street
74c17dc8-3c0627e0,74c17dc8-3c0627e0.jpg,images/100k/train/74c17dc8-3c0627e0.jpg,train,train,snowy,dawn/dusk,city street
74d591f1-44c4641c,74d591f1-44c4641c.jpg,images/100k/train/74d591f1-44c4641c.jpg,train,train,overcast,daytime,highway
74dae838-318908df,74dae838-318908df.jpg,images/100k/train/74dae838-318908df.jpg,train,train,clear,night,city street
74dd9f1d-9e652822,74dd9f1d-9e652822.jpg,images/100k/train/74dd9f1d-9e652822.jpg,train,train,clear,dawn/dusk,highway
74e2b670-e058a152,74e2b670-e058a152.jpg,images/100k/train/74e2b670-e058a152.jpg,train,train,undefined,daytime,city street
74e2b670-fd9f6979,74e2b670-fd9f6979.jpg,images/100k/train/74e2b670-fd9f6979.jpg,train,train,clear,daytime,city street
74f44589-5221ba13,74f44589-5221ba13.jpg,images/100k/train/74f44589-5221ba13.jpg,train,train,foggy,daytime,city street
74f8f4e3-50097b8d,74f8f4e3-50097b8d.jpg,images/100k/train/74f8f4e3-50097b8d.jpg,train,train,clear,daytime,city street
750720eb-87d334c4,750720eb-87d334c4.jpg,images/100k/train/750720eb-87d334c4.jpg,train,train,clear,night,highway
7508df88-48e0ab5a,7508df88-48e0ab5a.jpg,images/100k/train/7508df88-48e0ab5a.jpg,train,train,undefined,night,parking lot
7513cba6-f39bbd69,7513cba6-f39bbd69.jpg,images/100k/train/7513cba6-f39bbd69.jpg,train,train,clear,night,highway
752bc1e1-f9553c98,752bc1e1-f9553c98.jpg,images/100k/train/752bc1e1-f9553c98.jpg,train,train,clear,night,city street
75316b56-06a56f21,75316b56-06a56f21.jpg,images/100k/train/75316b56-06a56f21.jpg,train,train,undefined,daytime,city street
754374b3-1b375441,754374b3-1b375441.jpg,images/100k/train/754374b3-1b375441.jpg,train,train,clear,night,city street
7554131a-72e37a3c,7554131a-72e37a3c.jpg,images/100k/train/7554131a-72e37a3c.jpg,train,train,clear,night,city street
7559ad55-7aa47d89,7559ad55-7aa47d89.jpg,images/100k/train/7559ad55-7aa47d89.jpg,train,train,clear,night,highway
755b7720-ee65c778,755b7720-ee65c778.jpg,images/100k/train/755b7720-ee65c778.jpg,train,train,clear,night,city street
755ccf79-98db9245,755ccf79-98db9245.jpg,images/100k/train/755ccf79-98db9245.jpg,train,train,overcast,daytime,highway
75601bf9-3e285c89,75601bf9-3e285c89.jpg,images/100k/train/75601bf9-3e285c89.jpg,train,train,clear,night,highway
7561e591-02ff1dc5,7561e591-02ff1dc5.jpg,images/100k/train/7561e591-02ff1dc5.jpg,train,train,clear,daytime,highway
75688c6a-d07acb13,75688c6a-d07acb13.jpg,images/100k/train/75688c6a-d07acb13.jpg,train,train,snowy,night,city street
7568f72d-520dedbb,7568f72d-520dedbb.jpg,images/100k/train/7568f72d-520dedbb.jpg,train,train,overcast,daytime,city street
756fb9c1-56e40491,756fb9c1-56e40491.jpg,images/100k/train/756fb9c1-56e40491.jpg,train,train,undefined,daytime,city street
75708d92-c6dc72cd,75708d92-c6dc72cd.jpg,images/100k/train/75708d92-c6dc72cd.jpg,train,train,overcast,dawn/dusk,city street
7571d489-ecd802a8,7571d489-ecd802a8.jpg,images/100k/train/7571d489-ecd802a8.jpg,train,train,overcast,daytime,city street
7574d7d9-9f11db86,7574d7d9-9f11db86.jpg,images/100k/train/7574d7d9-9f11db86.jpg,train,train,overcast,dawn/dusk,city street
75883d91-b779423c,75883d91-b779423c.jpg,images/100k/train/75883d91-b779423c.jpg,train,train,clear,daytime,city street
758a3334-71431eaf,758a3334-71431eaf.jpg,images/100k/train/758a3334-71431eaf.jpg,train,train,rainy,night,city street
75a7d1b0-c314af64,75a7d1b0-c314af64.jpg,images/100k/train/75a7d1b0-c314af64.jpg,train,train,clear,night,city street
75aa583d-0edf1a90,75aa583d-0edf1a90.jpg,images/100k/train/75aa583d-0edf1a90.jpg,train,train,clear,dawn/dusk,city street
75ab22cc-c2527279,75ab22cc-c2527279.jpg,images/100k/train/75ab22cc-c2527279.jpg,train,train,overcast,daytime,city street
75b6c060-9fc964f3,75b6c060-9fc964f3.jpg,images/100k/train/75b6c060-9fc964f3.jpg,train,train,clear,daytime,residential
75cdb8c0-d553488a,75cdb8c0-d553488a.jpg,images/100k/train/75cdb8c0-d553488a.jpg,train,train,rainy,daytime,city street
75d1ea8c-93d98e10,75d1ea8c-93d98e10.jpg,images/100k/train/75d1ea8c-93d98e10.jpg,train,train,clear,night,highway
75d30b47-b5f03a3c,75d30b47-b5f03a3c.jpg,images/100k/train/75d30b47-b5f03a3c.jpg,train,train,overcast,dawn/dusk,city street
75d952be-74ccdc03,75d952be-74ccdc03.jpg,images/100k/train/75d952be-74ccdc03.jpg,train,train,overcast,daytime,residential
75e62c7b-8d0c806e,75e62c7b-8d0c806e.jpg,images/100k/train/75e62c7b-8d0c806e.jpg,train,train,undefined,daytime,city street
75e804c4-a463d79b,75e804c4-a463d79b.jpg,images/100k/train/75e804c4-a463d79b.jpg,train,train,undefined,night,highway
75fcb559-4cdb2554,75fcb559-4cdb2554.jpg,images/100k/train/75fcb559-4cdb2554.jpg,train,train,overcast,daytime,residential
760a80aa-6cee916d,760a80aa-6cee916d.jpg,images/100k/train/760a80aa-6cee916d.jpg,train,train,overcast,daytime,city street
7616c030-10e02f98,7616c030-10e02f98.jpg,images/100k/train/7616c030-10e02f98.jpg,train,train,rainy,daytime,highway
76268f3b-c2a7d301,76268f3b-c2a7d301.jpg,images/100k/train/76268f3b-c2a7d301.jpg,train,train,undefined,daytime,city street
76353138-22e6183a,76353138-22e6183a.jpg,images/100k/train/76353138-22e6183a.jpg,train,train,clear,daytime,highway
76355291-93f83446,76355291-93f83446.jpg,images/100k/train/76355291-93f83446.jpg,train,train,overcast,daytime,highway
764272cd-3be58dba,764272cd-3be58dba.jpg,images/100k/train/764272cd-3be58dba.jpg,train,train,clear,night,city street
76473786-f2cc93de,76473786-f2cc93de.jpg,images/100k/train/76473786-f2cc93de.jpg,train,train,clear,night,city street
764d068f-21266602,764d068f-21266602.jpg,images/100k/train/764d068f-21266602.jpg,train,train,clear,night,highway
76702efe-f4eaa78f,76702efe-f4eaa78f.jpg,images/100k/train/76702efe-f4eaa78f.jpg,train,train,clear,night,city street
7672e8f1-1d3ec486,7672e8f1-1d3ec486.jpg,images/100k/train/7672e8f1-1d3ec486.jpg,train,train,clear,daytime,city street
767b901e-36670c8a,767b901e-36670c8a.jpg,images/100k/train/767b901e-36670c8a.jpg,train,train,overcast,dawn/dusk,city street
7682a046-14bf34bc,7682a046-14bf34bc.jpg,images/100k/train/7682a046-14bf34bc.jpg,train,train,clear,night,city street
7690463b-bafa470e,7690463b-bafa470e.jpg,images/100k/train/7690463b-bafa470e.jpg,train,train,clear,night,city street
76a16c68-94670175,76a16c68-94670175.jpg,images/100k/train/76a16c68-94670175.jpg,train,train,partly cloudy,daytime,city street
76b3526e-ded00e68,76b3526e-ded00e68.jpg,images/100k/train/76b3526e-ded00e68.jpg,train,train,overcast,dawn/dusk,city street
76b65df8-05623596,76b65df8-05623596.jpg,images/100k/train/76b65df8-05623596.jpg,train,train,clear,daytime,city street
76bf1399-15e59812,76bf1399-15e59812.jpg,images/100k/train/76bf1399-15e59812.jpg,train,train,clear,night,highway
76d361cd-14fb64b4,76d361cd-14fb64b4.jpg,images/100k/train/76d361cd-14fb64b4.jpg,train,train,partly cloudy,daytime,highway
76e6af2b-8f30e29b,76e6af2b-8f30e29b.jpg,images/100k/train/76e6af2b-8f30e29b.jpg,train,train,partly cloudy,daytime,highway
76e83a1d-dfe55650,76e83a1d-dfe55650.jpg,images/100k/train/76e83a1d-dfe55650.jpg,train,train,rainy,daytime,city street
76ebdfa2-4ff27ed3,76ebdfa2-4ff27ed3.jpg,images/100k/train/76ebdfa2-4ff27ed3.jpg,train,train,clear,night,highway
771bc369-6074bdcb,771bc369-6074bdcb.jpg,images/100k/train/771bc369-6074bdcb.jpg,train,train,partly cloudy,daytime,city street
77229eb1-de1be3df,77229eb1-de1be3df.jpg,images/100k/train/77229eb1-de1be3df.jpg,train,train,clear,daytime,highway
77276dd0-358c7f77,77276dd0-358c7f77.jpg,images/100k/train/77276dd0-358c7f77.jpg,train,train,clear,night,highway
772ac765-5f47e414,772ac765-5f47e414.jpg,images/100k/train/772ac765-5f47e414.jpg,train,train,overcast,daytime,city street
772e9ea7-75afb8ff,772e9ea7-75afb8ff.jpg,images/100k/train/772e9ea7-75afb8ff.jpg,train,train,clear,night,residential
773c53f2-885aa591,773c53f2-885aa591.jpg,images/100k/train/773c53f2-885aa591.jpg,train,train,rainy,daytime,highway
774e985e-424f50fe,774e985e-424f50fe.jpg,images/100k/train/774e985e-424f50fe.jpg,train,train,clear,night,city street
7761e293-58f5e4b8,7761e293-58f5e4b8.jpg,images/100k/train/7761e293-58f5e4b8.jpg,train,train,clear,night,city street
7764bde0-eb8ab1da,7764bde0-eb8ab1da.jpg,images/100k/train/7764bde0-eb8ab1da.jpg,train,train,rainy,night,city street
7764bde0-ec34f6d3,7764bde0-ec34f6d3.jpg,images/100k/train/7764bde0-ec34f6d3.jpg,train,train,clear,night,city street
776b919c-d7942da9,776b919c-d7942da9.jpg,images/100k/train/776b919c-d7942da9.jpg,train,train,clear,daytime,city street
776fe06b-1b5b39ac,776fe06b-1b5b39ac.jpg,images/100k/train/776fe06b-1b5b39ac.jpg,train,train,snowy,night,city street
7770624c-87eec948,7770624c-87eec948.jpg,images/100k/train/7770624c-87eec948.jpg,train,train,clear,night,city street
7777c140-7f5c574f,7777c140-7f5c574f.jpg,images/100k/train/7777c140-7f5c574f.jpg,train,train,overcast,daytime,city street
777f65ab-e3f38235,777f65ab-e3f38235.jpg,images/100k/train/777f65ab-e3f38235.jpg,train,train,clear,dawn/dusk,city street
77a81aaa-bb73dc66,77a81aaa-bb73dc66.jpg,images/100k/train/77a81aaa-bb73dc66.jpg,train,train,clear,night,city street
77acb69e-43c660a5,77acb69e-43c660a5.jpg,images/100k/train/77acb69e-43c660a5.jpg,train,train,overcast,daytime,city street
77acba17-8a30848c,77acba17-8a30848c.jpg,images/100k/train/77acba17-8a30848c.jpg,train,train,overcast,dawn/dusk,highway
77acca70-1c67b352,77acca70-1c67b352.jpg,images/100k/train/77acca70-1c67b352.jpg,train,train,clear,daytime,city street
77acd586-5e2b1297,77acd586-5e2b1297.jpg,images/100k/train/77acd586-5e2b1297.jpg,train,train,rainy,night,highway
77acdee4-53de3b14,77acdee4-53de3b14.jpg,images/100k/train/77acdee4-53de3b14.jpg,train,train,clear,night,highway
77b08ab8-fdcf31b3,77b08ab8-fdcf31b3.jpg,images/100k/train/77b08ab8-fdcf31b3.jpg,train,train,undefined,daytime,residential
77be17ad-671c9025,77be17ad-671c9025.jpg,images/100k/train/77be17ad-671c9025.jpg,train,train,clear,night,city street
77bea083-a16a7956,77bea083-a16a7956.jpg,images/100k/train/77bea083-a16a7956.jpg,train,train,clear,night,city street
77c581fe-b91cdc00,77c581fe-b91cdc00.jpg,images/100k/train/77c581fe-b91cdc00.jpg,train,train,partly cloudy,dawn/dusk,city street
77c6f289-1ad89274,77c6f289-1ad89274.jpg,images/100k/train/77c6f289-1ad89274.jpg,train,train,clear,daytime,highway
77d52535-1be36eef,77d52535-1be36eef.jpg,images/100k/train/77d52535-1be36eef.jpg,train,train,clear,daytime,highway
77dd5152-03f70b29,77dd5152-03f70b29.jpg,images/100k/train/77dd5152-03f70b29.jpg,train,train,clear,daytime,residential
77dd5152-21c23093,77dd5152-21c23093.jpg,images/100k/train/77dd5152-21c23093.jpg,train,train,clear,daytime,city street
77ef7508-50ba9a88,77ef7508-50ba9a88.jpg,images/100k/train/77ef7508-50ba9a88.jpg,train,train,clear,night,city street
780a017c-7fc20574,780a017c-7fc20574.jpg,images/100k/train/780a017c-7fc20574.jpg,train,train,undefined,daytime,city street
78328cd5-abfcef0b,78328cd5-abfcef0b.jpg,images/100k/train/78328cd5-abfcef0b.jpg,train,train,clear,daytime,city street
7836e8d5-e89cb6dd,7836e8d5-e89cb6dd.jpg,images/100k/train/7836e8d5-e89cb6dd.jpg,train,train,clear,daytime,city street
7842723f-1b29b00e,7842723f-1b29b00e.jpg,images/100k/train/7842723f-1b29b00e.jpg,train,train,undefined,undefined,tunnel
7842723f-ef811742,7842723f-ef811742.jpg,images/100k/train/7842723f-ef811742.jpg,train,train,overcast,daytime,highway
78469300-88400245,78469300-88400245.jpg,images/100k/train/78469300-88400245.jpg,train,train,overcast,daytime,residential
78631209-e117a06f,78631209-e117a06f.jpg,images/100k/train/78631209-e117a06f.jpg,train,train,clear,night,residential
78692f59-5fcf82d8,78692f59-5fcf82d8.jpg,images/100k/train/78692f59-5fcf82d8.jpg,train,train,clear,daytime,city street
7872bf68-002d8089,7872bf68-002d8089.jpg,images/100k/train/7872bf68-002d8089.jpg,train,train,clear,night,highway
7872bf68-b91e3681,7872bf68-b91e3681.jpg,images/100k/train/7872bf68-b91e3681.jpg,train,train,clear,night,highway
788295d3-c2eb37ec,788295d3-c2eb37ec.jpg,images/100k/train/788295d3-c2eb37ec.jpg,train,train,overcast,daytime,city street
78833491-1aa6adff,78833491-1aa6adff.jpg,images/100k/train/78833491-1aa6adff.jpg,train,train,rainy,daytime,city street
789399ed-ddd77437,789399ed-ddd77437.jpg,images/100k/train/789399ed-ddd77437.jpg,train,train,clear,dawn/dusk,city street
78b2d779-a1338fac,78b2d779-a1338fac.jpg,images/100k/train/78b2d779-a1338fac.jpg,train,train,snowy,night,city street
78b703a0-18ced855,78b703a0-18ced855.jpg,images/100k/train/78b703a0-18ced855.jpg,train,train,clear,night,city street
78b703a0-717ed466,78b703a0-717ed466.jpg,images/100k/train/78b703a0-717ed466.jpg,train,train,clear,night,highway
78b703a0-f60ea894,78b703a0-f60ea894.jpg,images/100k/train/78b703a0-f60ea894.jpg,train,train,clear,night,city street
78bc7c78-3ab30961,78bc7c78-3ab30961.jpg,images/100k/train/78bc7c78-3ab30961.jpg,train,train,partly cloudy,daytime,city street
78be9390-7c9d99cb,78be9390-7c9d99cb.jpg,images/100k/train/78be9390-7c9d99cb.jpg,train,train,clear,daytime,residential
78c867c4-41a362de,78c867c4-41a362de.jpg,images/100k/train/78c867c4-41a362de.jpg,train,train,clear,night,city street
78d34361-10c676e3,78d34361-10c676e3.jpg,images/100k/train/78d34361-10c676e3.jpg,train,train,rainy,daytime,city street
78d60e8c-7bc7d2d3,78d60e8c-7bc7d2d3.jpg,images/100k/train/78d60e8c-7bc7d2d3.jpg,train,train,overcast,daytime,city street
78e6e706-6fe06b4c,78e6e706-6fe06b4c.jpg,images/100k/train/78e6e706-6fe06b4c.jpg,train,train,snowy,daytime,highway
78ec6ac7-707cb5ec,78ec6ac7-707cb5ec.jpg,images/100k/train/78ec6ac7-707cb5ec.jpg,train,train,overcast,daytime,city street
78ef6a0e-13023398,78ef6a0e-13023398.jpg,images/100k/train/78ef6a0e-13023398.jpg,train,train,rainy,daytime,city street
78fc74fe-9dd48100,78fc74fe-9dd48100.jpg,images/100k/train/78fc74fe-9dd48100.jpg,train,train,rainy,night,city street
79126d55-4f78dbc2,79126d55-4f78dbc2.jpg,images/100k/train/79126d55-4f78dbc2.jpg,train,train,clear,night,highway
7914f676-05c35481,7914f676-05c35481.jpg,images/100k/train/7914f676-05c35481.jpg,train,train,clear,daytime,highway
7915a908-1cf611d8,7915a908-1cf611d8.jpg,images/100k/train/7915a908-1cf611d8.jpg,train,train,clear,daytime,city street
791efc8b-83fa34c2,791efc8b-83fa34c2.jpg,images/100k/train/791efc8b-83fa34c2.jpg,train,train,clear,daytime,city street
792208e1-bdfb8d69,792208e1-bdfb8d69.jpg,images/100k/train/792208e1-bdfb8d69.jpg,train,train,undefined,daytime,city street
79250311-b97aede5,79250311-b97aede5.jpg,images/100k/train/79250311-b97aede5.jpg,train,train,clear,dawn/dusk,city street
79341161-877bf03c,79341161-877bf03c.jpg,images/100k/train/79341161-877bf03c.jpg,train,train,clear,night,city street
7936dbed-b1c4bedc,7936dbed-b1c4bedc.jpg,images/100k/train/7936dbed-b1c4bedc.jpg,train,train,clear,dawn/dusk,city street
793c714a-c50368e6,793c714a-c50368e6.jpg,images/100k/train/793c714a-c50368e6.jpg,train,train,clear,dawn/dusk,city street
7944f396-d70990af,7944f396-d70990af.jpg,images/100k/train/7944f396-d70990af.jpg,train,train,partly cloudy,daytime,city street
794887e0-84d925d3,794887e0-84d925d3.jpg,images/100k/train/794887e0-84d925d3.jpg,train,train,rainy,daytime,city street
794991fe-2507a1a1,794991fe-2507a1a1.jpg,images/100k/train/794991fe-2507a1a1.jpg,train,train,rainy,daytime,city street
79523402-77ded658,79523402-77ded658.jpg,images/100k/train/79523402-77ded658.jpg,train,train,overcast,dawn/dusk,city street
79634f0b-6ea19063,79634f0b-6ea19063.jpg,images/100k/train/79634f0b-6ea19063.jpg,train,train,clear,daytime,city street
7975e4cd-37ce1df9,7975e4cd-37ce1df9.jpg,images/100k/train/7975e4cd-37ce1df9.jpg,train,train,clear,night,city street
79782de4-4356463b,79782de4-4356463b.jpg,images/100k/train/79782de4-4356463b.jpg,train,train,clear,daytime,city street
797ce9f7-18dcf136,797ce9f7-18dcf136.jpg,images/100k/train/797ce9f7-18dcf136.jpg,train,train,partly cloudy,daytime,city street
798ed431-70aaad5e,798ed431-70aaad5e.jpg,images/100k/train/798ed431-70aaad5e.jpg,train,train,undefined,daytime,city street
7991f057-5e013e50,7991f057-5e013e50.jpg,images/100k/train/7991f057-5e013e50.jpg,train,train,clear,daytime,city street
799d6f4c-8f767fa0,799d6f4c-8f767fa0.jpg,images/100k/train/799d6f4c-8f767fa0.jpg,train,train,overcast,daytime,city street
79b12cfd-4873f79c,79b12cfd-4873f79c.jpg,images/100k/train/79b12cfd-4873f79c.jpg,train,train,clear,daytime,city street
79b32938-dc16c302,79b32938-dc16c302.jpg,images/100k/train/79b32938-dc16c302.jpg,train,train,snowy,night,city street
79bb5311-cbab0df0,79bb5311-cbab0df0.jpg,images/100k/train/79bb5311-cbab0df0.jpg,train,train,clear,night,city street
79bb5311-dc0ffa6f,79bb5311-dc0ffa6f.jpg,images/100k/train/79bb5311-dc0ffa6f.jpg,train,train,clear,night,city street
79c289c2-1e3ff2e8,79c289c2-1e3ff2e8.jpg,images/100k/train/79c289c2-1e3ff2e8.jpg,train,train,clear,night,city street
79cbd1db-eb088a9b,79cbd1db-eb088a9b.jpg,images/100k/train/79cbd1db-eb088a9b.jpg,train,train,partly cloudy,daytime,city street
79e3c4a1-9e4e3164,79e3c4a1-9e4e3164.jpg,images/100k/train/79e3c4a1-9e4e3164.jpg,train,train,undefined,daytime,city street
79fb506e-473f5a00,79fb506e-473f5a00.jpg,images/100k/train/79fb506e-473f5a00.jpg,train,train,rainy,daytime,highway
7a014ccb-db99e30c,7a014ccb-db99e30c.jpg,images/100k/train/7a014ccb-db99e30c.jpg,train,train,snowy,daytime,city street
7a0a6e86-0c41f891,7a0a6e86-0c41f891.jpg,images/100k/train/7a0a6e86-0c41f891.jpg,train,train,partly cloudy,daytime,city street
7a0b69e7-98177b4c,7a0b69e7-98177b4c.jpg,images/100k/train/7a0b69e7-98177b4c.jpg,train,train,clear,daytime,city street
7a1ae560-035bd20f,7a1ae560-035bd20f.jpg,images/100k/train/7a1ae560-035bd20f.jpg,train,train,partly cloudy,dawn/dusk,city street
7a211615-90105013,7a211615-90105013.jpg,images/100k/train/7a211615-90105013.jpg,train,train,clear,night,city street
7a313ae8-c561ff57,7a313ae8-c561ff57.jpg,images/100k/train/7a313ae8-c561ff57.jpg,train,train,undefined,daytime,residential
7a4a4071-6cd28ffe,7a4a4071-6cd28ffe.jpg,images/100k/train/7a4a4071-6cd28ffe.jpg,train,train,clear,night,city street
7a4cba5c-7f79912f,7a4cba5c-7f79912f.jpg,images/100k/train/7a4cba5c-7f79912f.jpg,train,train,clear,daytime,city street
7a53506f-9c59128b,7a53506f-9c59128b.jpg,images/100k/train/7a53506f-9c59128b.jpg,train,train,partly cloudy,daytime,highway
7a536ea9-2707b26c,7a536ea9-2707b26c.jpg,images/100k/train/7a536ea9-2707b26c.jpg,train,train,clear,night,city street
7a536ea9-85ca35fc,7a536ea9-85ca35fc.jpg,images/100k/train/7a536ea9-85ca35fc.jpg,train,train,snowy,night,city street
7a536ea9-8945ba56,7a536ea9-8945ba56.jpg,images/100k/train/7a536ea9-8945ba56.jpg,train,train,clear,night,city street
7a7a26f5-77724d2d,7a7a26f5-77724d2d.jpg,images/100k/train/7a7a26f5-77724d2d.jpg,train,train,clear,night,undefined
7a7ffccb-aff1f997,7a7ffccb-aff1f997.jpg,images/100k/train/7a7ffccb-aff1f997.jpg,train,train,clear,night,city street
7a98b718-c1a3f9ad,7a98b718-c1a3f9ad.jpg,images/100k/train/7a98b718-c1a3f9ad.jpg,train,train,clear,night,highway
7ab559d5-caab2732,7ab559d5-caab2732.jpg,images/100k/train/7ab559d5-caab2732.jpg,train,train,overcast,daytime,highway
7abc9a80-58b1af8d,7abc9a80-58b1af8d.jpg,images/100k/train/7abc9a80-58b1af8d.jpg,train,train,undefined,daytime,city street
7abfb361-ad1b41e8,7abfb361-ad1b41e8.jpg,images/100k/train/7abfb361-ad1b41e8.jpg,train,train,rainy,night,residential
7acbc40f-1440c874,7acbc40f-1440c874.jpg,images/100k/train/7acbc40f-1440c874.jpg,train,train,clear,daytime,residential
7ad28436-df569c55,7ad28436-df569c55.jpg,images/100k/train/7ad28436-df569c55.jpg,train,train,clear,daytime,city street
7adb69fb-5d525b5a,7adb69fb-5d525b5a.jpg,images/100k/train/7adb69fb-5d525b5a.jpg,train,train,clear,night,highway
7adedeca-c9e7c916,7adedeca-c9e7c916.jpg,images/100k/train/7adedeca-c9e7c916.jpg,train,train,clear,daytime,city street
7af5515d-153f9db8,7af5515d-153f9db8.jpg,images/100k/train/7af5515d-153f9db8.jpg,train,train,clear,night,residential
7b158072-389a6dbc,7b158072-389a6dbc.jpg,images/100k/train/7b158072-389a6dbc.jpg,train,train,clear,daytime,highway
7b167331-cb2105c9,7b167331-cb2105c9.jpg,images/100k/train/7b167331-cb2105c9.jpg,train,train,partly cloudy,daytime,city street
7b453b6e-a1d6e5a9,7b453b6e-a1d6e5a9.jpg,images/100k/train/7b453b6e-a1d6e5a9.jpg,train,train,clear,night,city street
7b4a7ec8-e0295564,7b4a7ec8-e0295564.jpg,images/100k/train/7b4a7ec8-e0295564.jpg,train,train,rainy,night,city street
7b4f29aa-fd3b9a55,7b4f29aa-fd3b9a55.jpg,images/100k/train/7b4f29aa-fd3b9a55.jpg,train,train,clear,night,highway
7b5a4cdb-30f0a77c,7b5a4cdb-30f0a77c.jpg,images/100k/train/7b5a4cdb-30f0a77c.jpg,train,train,clear,night,highway
7b5a4cdb-a1114518,7b5a4cdb-a1114518.jpg,images/100k/train/7b5a4cdb-a1114518.jpg,train,train,overcast,daytime,city street
7b5cd66b-ff24735f,7b5cd66b-ff24735f.jpg,images/100k/train/7b5cd66b-ff24735f.jpg,train,train,clear,dawn/dusk,city street
7b642f4a-ecf45b9d,7b642f4a-ecf45b9d.jpg,images/100k/train/7b642f4a-ecf45b9d.jpg,train,train,snowy,daytime,parking lot
7b64bea7-08672d30,7b64bea7-08672d30.jpg,images/100k/train/7b64bea7-08672d30.jpg,train,train,clear,daytime,city street
7b6b5ad6-69575bf7,7b6b5ad6-69575bf7.jpg,images/100k/train/7b6b5ad6-69575bf7.jpg,train,train,clear,daytime,residential
7b8a2fca-91c65f2b,7b8a2fca-91c65f2b.jpg,images/100k/train/7b8a2fca-91c65f2b.jpg,train,train,clear,daytime,city street
7b8f72dd-84bd80e6,7b8f72dd-84bd80e6.jpg,images/100k/train/7b8f72dd-84bd80e6.jpg,train,train,clear,night,highway
7b98a859-a9424dc2,7b98a859-a9424dc2.jpg,images/100k/train/7b98a859-a9424dc2.jpg,train,train,clear,daytime,residential
7b9d4cf2-e4fc8e0d,7b9d4cf2-e4fc8e0d.jpg,images/100k/train/7b9d4cf2-e4fc8e0d.jpg,train,train,rainy,night,city street
7baab307-7ecacc13,7baab307-7ecacc13.jpg,images/100k/train/7baab307-7ecacc13.jpg,train,train,snowy,dawn/dusk,highway
7bb30766-3e0e6c2a,7bb30766-3e0e6c2a.jpg,images/100k/train/7bb30766-3e0e6c2a.jpg,train,train,clear,night,city street
7bbb1765-c9ed9266,7bbb1765-c9ed9266.jpg,images/100k/train/7bbb1765-c9ed9266.jpg,train,train,rainy,night,highway
7beb4a56-0a1e3744,7beb4a56-0a1e3744.jpg,images/100k/train/7beb4a56-0a1e3744.jpg,train,train,clear,night,city street
7bf27bac-eac63cc9,7bf27bac-eac63cc9.jpg,images/100k/train/7bf27bac-eac63cc9.jpg,train,train,undefined,daytime,city street
7bf5c778-9665e38d,7bf5c778-9665e38d.jpg,images/100k/train/7bf5c778-9665e38d.jpg,train,train,snowy,daytime,city street
7bf7d747-e45fec18,7bf7d747-e45fec18.jpg,images/100k/train/7bf7d747-e45fec18.jpg,train,train,clear,night,highway
7c013dd7-97c872ad,7c013dd7-97c872ad.jpg,images/100k/train/7c013dd7-97c872ad.jpg,train,train,clear,night,city street
7c02e25a-39a67a37,7c02e25a-39a67a37.jpg,images/100k/train/7c02e25a-39a67a37.jpg,train,train,clear,night,undefined
7c0a7d5a-bf511b73,7c0a7d5a-bf511b73.jpg,images/100k/train/7c0a7d5a-bf511b73.jpg,train,train,clear,daytime,city street
7c1228f7-f441ed1b,7c1228f7-f441ed1b.jpg,images/100k/train/7c1228f7-f441ed1b.jpg,train,train,undefined,daytime,city street
7c14d084-59d96bc4,7c14d084-59d96bc4.jpg,images/100k/train/7c14d084-59d96bc4.jpg,train,train,overcast,dawn/dusk,city street
7c164c71-0b668676,7c164c71-0b668676.jpg,images/100k/train/7c164c71-0b668676.jpg,train,train,clear,night,city street
7c164c71-40c1b788,7c164c71-40c1b788.jpg,images/100k/train/7c164c71-40c1b788.jpg,train,train,clear,night,city street
7c164c71-48628583,7c164c71-48628583.jpg,images/100k/train/7c164c71-48628583.jpg,train,train,clear,night,city street
7c1b21cd-9abfb312,7c1b21cd-9abfb312.jpg,images/100k/train/7c1b21cd-9abfb312.jpg,train,train,clear,dawn/dusk,city street
7c2759e7-615b7108,7c2759e7-615b7108.jpg,images/100k/train/7c2759e7-615b7108.jpg,train,train,clear,daytime,highway
7c55b40f-ae33a5a1,7c55b40f-ae33a5a1.jpg,images/100k/train/7c55b40f-ae33a5a1.jpg,train,train,snowy,night,city street
7c5b3302-0d19ed33,7c5b3302-0d19ed33.jpg,images/100k/train/7c5b3302-0d19ed33.jpg,train,train,snowy,daytime,city street
7c7e618e-a40590eb,7c7e618e-a40590eb.jpg,images/100k/train/7c7e618e-a40590eb.jpg,train,train,undefined,daytime,city street
7c9ba312-3e31b3d9,7c9ba312-3e31b3d9.jpg,images/100k/train/7c9ba312-3e31b3d9.jpg,train,train,undefined,daytime,city street
7c9bf858-eebc57eb,7c9bf858-eebc57eb.jpg,images/100k/train/7c9bf858-eebc57eb.jpg,train,train,clear,night,city street
7c9f9ca0-7299d7cb,7c9f9ca0-7299d7cb.jpg,images/100k/train/7c9f9ca0-7299d7cb.jpg,train,train,clear,daytime,city street
7ca36498-eb16d17f,7ca36498-eb16d17f.jpg,images/100k/train/7ca36498-eb16d17f.jpg,train,train,snowy,night,city street
7cbd325d-72ce91a2,7cbd325d-72ce91a2.jpg,images/100k/train/7cbd325d-72ce91a2.jpg,train,train,snowy,daytime,city street
7d048364-1805106f,7d048364-1805106f.jpg,images/100k/train/7d048364-1805106f.jpg,train,train,clear,night,city street
7d048364-7b3bb44e,7d048364-7b3bb44e.jpg,images/100k/train/7d048364-7b3bb44e.jpg,train,train,overcast,daytime,highway
7d10fd8a-dea6a8d4,7d10fd8a-dea6a8d4.jpg,images/100k/train/7d10fd8a-dea6a8d4.jpg,train,train,clear,dawn/dusk,highway
7d128593-058347a3,7d128593-058347a3.jpg,images/100k/train/7d128593-058347a3.jpg,train,train,overcast,daytime,highway
7d1489f1-c833f41c,7d1489f1-c833f41c.jpg,images/100k/train/7d1489f1-c833f41c.jpg,train,train,rainy,night,city street
7d15b18b-1e0d86c2,7d15b18b-1e0d86c2.jpg,images/100k/train/7d15b18b-1e0d86c2.jpg,train,train,clear,daytime,city street
7d22b058-5d7e1d45,7d22b058-5d7e1d45.jpg,images/100k/train/7d22b058-5d7e1d45.jpg,train,train,rainy,daytime,city street
7d27091f-03707bf2,7d27091f-03707bf2.jpg,images/100k/train/7d27091f-03707bf2.jpg,train,train,partly cloudy,daytime,city street
7d2c3396-c197656a,7d2c3396-c197656a.jpg,images/100k/train/7d2c3396-c197656a.jpg,train,train,undefined,daytime,city street
7d2efdc4-6e8949dc,7d2efdc4-6e8949dc.jpg,images/100k/train/7d2efdc4-6e8949dc.jpg,train,train,clear,night,city street
7d36c1da-76610cff,7d36c1da-76610cff.jpg,images/100k/train/7d36c1da-76610cff.jpg,train,train,undefined,daytime,city street
7d4015fd-b26f2b35,7d4015fd-b26f2b35.jpg,images/100k/train/7d4015fd-b26f2b35.jpg,train,train,undefined,daytime,highway
7d40cbe6-d2e62573,7d40cbe6-d2e62573.jpg,images/100k/train/7d40cbe6-d2e62573.jpg,train,train,overcast,daytime,city street
7d43b17b-85ba30a8,7d43b17b-85ba30a8.jpg,images/100k/train/7d43b17b-85ba30a8.jpg,train,train,clear,daytime,residential
7d596ea9-e17c1b84,7d596ea9-e17c1b84.jpg,images/100k/train/7d596ea9-e17c1b84.jpg,train,train,snowy,night,city street
7d6b4c94-d8bff62d,7d6b4c94-d8bff62d.jpg,images/100k/train/7d6b4c94-d8bff62d.jpg,train,train,clear,night,city street
7d773114-162532f4,7d773114-162532f4.jpg,images/100k/train/7d773114-162532f4.jpg,train,train,clear,night,highway
7d773114-dd16f2ff,7d773114-dd16f2ff.jpg,images/100k/train/7d773114-dd16f2ff.jpg,train,train,clear,dawn/dusk,highway
7d89208a-b08272bf,7d89208a-b08272bf.jpg,images/100k/train/7d89208a-b08272bf.jpg,train,train,clear,night,city street
7d89edba-87803e65,7d89edba-87803e65.jpg,images/100k/train/7d89edba-87803e65.jpg,train,train,clear,daytime,parking lot
7da4529f-fda6359b,7da4529f-fda6359b.jpg,images/100k/train/7da4529f-fda6359b.jpg,train,train,clear,daytime,highway
7daa021b-c976c2e2,7daa021b-c976c2e2.jpg,images/100k/train/7daa021b-c976c2e2.jpg,train,train,clear,daytime,highway
7daef12e-be424940,7daef12e-be424940.jpg,images/100k/train/7daef12e-be424940.jpg,train,train,undefined,daytime,residential
7dc2914d-83cf53a9,7dc2914d-83cf53a9.jpg,images/100k/train/7dc2914d-83cf53a9.jpg,train,train,clear,daytime,city street
7dcaae7f-419c9694,7dcaae7f-419c9694.jpg,images/100k/train/7dcaae7f-419c9694.jpg,train,train,clear,night,city street
7de3b8c5-745fcd76,7de3b8c5-745fcd76.jpg,images/100k/train/7de3b8c5-745fcd76.jpg,train,train,clear,night,city street
7de98dbd-e60ab966,7de98dbd-e60ab966.jpg,images/100k/train/7de98dbd-e60ab966.jpg,train,train,clear,night,city street
7dec8916-369f8a08,7dec8916-369f8a08.jpg,images/100k/train/7dec8916-369f8a08.jpg,train,train,overcast,daytime,city street
7dee5823-d92f7193,7dee5823-d92f7193.jpg,images/100k/train/7dee5823-d92f7193.jpg,train,train,overcast,daytime,city street
7df64ab3-2bbd4bb6,7df64ab3-2bbd4bb6.jpg,images/100k/train/7df64ab3-2bbd4bb6.jpg,train,train,rainy,night,city street
7e063fd8-4e6d9075,7e063fd8-4e6d9075.jpg,images/100k/train/7e063fd8-4e6d9075.jpg,train,train,undefined,daytime,city street
7e0abd5c-b04a32ab,7e0abd5c-b04a32ab.jpg,images/100k/train/7e0abd5c-b04a32ab.jpg,train,train,undefined,daytime,city street
7e0e2948-1f60898d,7e0e2948-1f60898d.jpg,images/100k/train/7e0e2948-1f60898d.jpg,train,train,partly cloudy,daytime,residential
7e4ab78b-08436808,7e4ab78b-08436808.jpg,images/100k/train/7e4ab78b-08436808.jpg,train,train,partly cloudy,daytime,city street
7e606ff4-87f3659f,7e606ff4-87f3659f.jpg,images/100k/train/7e606ff4-87f3659f.jpg,train,train,overcast,daytime,highway
7e6a71ed-7f3225df,7e6a71ed-7f3225df.jpg,images/100k/train/7e6a71ed-7f3225df.jpg,train,train,undefined,daytime,city street
7e715dc3-ccff3def,7e715dc3-ccff3def.jpg,images/100k/train/7e715dc3-ccff3def.jpg,train,train,overcast,daytime,city street
7e837244-c38317f5,7e837244-c38317f5.jpg,images/100k/train/7e837244-c38317f5.jpg,train,train,overcast,daytime,highway
7e87f449-a1fdbd19,7e87f449-a1fdbd19.jpg,images/100k/train/7e87f449-a1fdbd19.jpg,train,train,clear,night,residential
7e87f449-c7b7898a,7e87f449-c7b7898a.jpg,images/100k/train/7e87f449-c7b7898a.jpg,train,train,clear,night,highway
7eb315b6-422a6baa,7eb315b6-422a6baa.jpg,images/100k/train/7eb315b6-422a6baa.jpg,train,train,clear,daytime,city street
7eb70db3-d586ef69,7eb70db3-d586ef69.jpg,images/100k/train/7eb70db3-d586ef69.jpg,train,train,clear,daytime,city street
7ec1239d-e2cd8c18,7ec1239d-e2cd8c18.jpg,images/100k/train/7ec1239d-e2cd8c18.jpg,train,train,rainy,night,city street
7ecb7e79-189e4bea,7ecb7e79-189e4bea.jpg,images/100k/train/7ecb7e79-189e4bea.jpg,train,train,rainy,daytime,city street
7ecb7e79-7e1cef1f,7ecb7e79-7e1cef1f.jpg,images/100k/train/7ecb7e79-7e1cef1f.jpg,train,train,rainy,daytime,residential
7ecb7e79-b092fd0d,7ecb7e79-b092fd0d.jpg,images/100k/train/7ecb7e79-b092fd0d.jpg,train,train,rainy,daytime,residential
7ed1cf36-ab0d47c3,7ed1cf36-ab0d47c3.jpg,images/100k/train/7ed1cf36-ab0d47c3.jpg,train,train,rainy,night,city street
7f1126fb-35fa8c78,7f1126fb-35fa8c78.jpg,images/100k/train/7f1126fb-35fa8c78.jpg,train,train,clear,night,city street
7f16ad03-fcea8919,7f16ad03-fcea8919.jpg,images/100k/train/7f16ad03-fcea8919.jpg,train,train,partly cloudy,daytime,residential
7f16e6e1-94d857ba,7f16e6e1-94d857ba.jpg,images/100k/train/7f16e6e1-94d857ba.jpg,train,train,clear,night,city street
7f23eaea-4a83a5b4,7f23eaea-4a83a5b4.jpg,images/100k/train/7f23eaea-4a83a5b4.jpg,train,train,clear,daytime,highway
7f2e1814-f580b95a,7f2e1814-f580b95a.jpg,images/100k/train/7f2e1814-f580b95a.jpg,train,train,clear,night,highway
7f2ffd83-bf32229b,7f2ffd83-bf32229b.jpg,images/100k/train/7f2ffd83-bf32229b.jpg,train,train,clear,night,city street
7f33d8a2-0a8e26e5,7f33d8a2-0a8e26e5.jpg,images/100k/train/7f33d8a2-0a8e26e5.jpg,train,train,overcast,daytime,highway
7f3e059f-198cb797,7f3e059f-198cb797.jpg,images/100k/train/7f3e059f-198cb797.jpg,train,train,clear,daytime,city street
7f4eaf42-0c9cda71,7f4eaf42-0c9cda71.jpg,images/100k/train/7f4eaf42-0c9cda71.jpg,train,train,clear,night,city street
7f513f2d-39c732c2,7f513f2d-39c732c2.jpg,images/100k/train/7f513f2d-39c732c2.jpg,train,train,undefined,dawn/dusk,city street
7f52a3a1-e2eaa1fa,7f52a3a1-e2eaa1fa.jpg,images/100k/train/7f52a3a1-e2eaa1fa.jpg,train,train,overcast,daytime,city street
7f5657c8-bb0576d8,7f5657c8-bb0576d8.jpg,images/100k/train/7f5657c8-bb0576d8.jpg,train,train,overcast,daytime,city street
7f59eb14-29149022,7f59eb14-29149022.jpg,images/100k/train/7f59eb14-29149022.jpg,train,train,overcast,daytime,highway
7f61d3cd-0a69b002,7f61d3cd-0a69b002.jpg,images/100k/train/7f61d3cd-0a69b002.jpg,train,train,clear,daytime,city street
7f80640a-e257f7d6,7f80640a-e257f7d6.jpg,images/100k/train/7f80640a-e257f7d6.jpg,train,train,clear,daytime,city street
7f870c22-f90b4829,7f870c22-f90b4829.jpg,images/100k/train/7f870c22-f90b4829.jpg,train,train,clear,daytime,highway
7f8c2dcf-75ed1526,7f8c2dcf-75ed1526.jpg,images/100k/train/7f8c2dcf-75ed1526.jpg,train,train,clear,night,highway
7fb2428a-ddcf5156,7fb2428a-ddcf5156.jpg,images/100k/train/7fb2428a-ddcf5156.jpg,train,train,rainy,night,city street
7fcd589c-a3d4a504,7fcd589c-a3d4a504.jpg,images/100k/train/7fcd589c-a3d4a504.jpg,train,train,clear,night,parking lot
7fd8cf94-01aa35ee,7fd8cf94-01aa35ee.jpg,images/100k/train/7fd8cf94-01aa35ee.jpg,train,train,foggy,daytime,highway
7fd98fe2-c048d20d,7fd98fe2-c048d20d.jpg,images/100k/train/7fd98fe2-c048d20d.jpg,train,train,clear,night,city street
7fdf3de7-c9ff46ef,7fdf3de7-c9ff46ef.jpg,images/100k/train/7fdf3de7-c9ff46ef.jpg,train,train,clear,daytime,city street
7fe274e7-b2c33776,7fe274e7-b2c33776.jpg,images/100k/train/7fe274e7-b2c33776.jpg,train,train,clear,daytime,residential
7ff3031a-5477a440,7ff3031a-5477a440.jpg,images/100k/train/7ff3031a-5477a440.jpg,train,train,clear,dawn/dusk,highway
7ffa09ba-018f54b4,7ffa09ba-018f54b4.jpg,images/100k/train/7ffa09ba-018f54b4.jpg,train,train,undefined,daytime,city street
8009d151-3060897c,8009d151-3060897c.jpg,images/100k/train/8009d151-3060897c.jpg,train,train,undefined,daytime,city street
8016a78e-1d969047,8016a78e-1d969047.jpg,images/100k/train/8016a78e-1d969047.jpg,train,train,partly cloudy,daytime,residential
8018af16-270ae545,8018af16-270ae545.jpg,images/100k/train/8018af16-270ae545.jpg,train,train,overcast,daytime,city street
801ef6af-55b2778d,801ef6af-55b2778d.jpg,images/100k/train/801ef6af-55b2778d.jpg,train,train,clear,night,city street
80213294-a1334336,80213294-a1334336.jpg,images/100k/train/80213294-a1334336.jpg,train,train,undefined,daytime,city street
8023f475-1c319331,8023f475-1c319331.jpg,images/100k/train/8023f475-1c319331.jpg,train,train,overcast,daytime,highway
802c0742-415cef5b,802c0742-415cef5b.jpg,images/100k/train/802c0742-415cef5b.jpg,train,train,partly cloudy,daytime,city street
803ece37-fdb2aabb,803ece37-fdb2aabb.jpg,images/100k/train/803ece37-fdb2aabb.jpg,train,train,overcast,night,city street
806d8a39-7e088093,806d8a39-7e088093.jpg,images/100k/train/806d8a39-7e088093.jpg,train,train,clear,night,city street
808ed053-10482da5,808ed053-10482da5.jpg,images/100k/train/808ed053-10482da5.jpg,train,train,undefined,daytime,city street
808ff399-79b2effd,808ff399-79b2effd.jpg,images/100k/train/808ff399-79b2effd.jpg,train,train,rainy,daytime,city street
809ce5c0-de659c13,809ce5c0-de659c13.jpg,images/100k/train/809ce5c0-de659c13.jpg,train,train,clear,daytime,city street
809fc909-59ed4100,809fc909-59ed4100.jpg,images/100k/train/809fc909-59ed4100.jpg,train,train,snowy,daytime,residential
80a9d3b9-26a8be25,80a9d3b9-26a8be25.jpg,images/100k/train/80a9d3b9-26a8be25.jpg,train,train,clear,night,city street
80ac7c52-40a1bc65,80ac7c52-40a1bc65.jpg,images/100k/train/80ac7c52-40a1bc65.jpg,train,train,clear,dawn/dusk,city street
80b0b8c1-1bb31281,80b0b8c1-1bb31281.jpg,images/100k/train/80b0b8c1-1bb31281.jpg,train,train,overcast,daytime,city street
80b0b8c1-9de11ea7,80b0b8c1-9de11ea7.jpg,images/100k/train/80b0b8c1-9de11ea7.jpg,train,train,overcast,daytime,highway
80bebd9d-ae4a577e,80bebd9d-ae4a577e.jpg,images/100k/train/80bebd9d-ae4a577e.jpg,train,train,clear,night,city street
80bebd9d-ccce9e6b,80bebd9d-ccce9e6b.jpg,images/100k/train/80bebd9d-ccce9e6b.jpg,train,train,clear,night,city street
80bf73de-6855e95f,80bf73de-6855e95f.jpg,images/100k/train/80bf73de-6855e95f.jpg,train,train,undefined,daytime,city street
80c62ee8-939ae52e,80c62ee8-939ae52e.jpg,images/100k/train/80c62ee8-939ae52e.jpg,train,train,overcast,daytime,city street
80d6d666-51b09bb7,80d6d666-51b09bb7.jpg,images/100k/train/80d6d666-51b09bb7.jpg,train,train,partly cloudy,daytime,highway
80d85939-c474f88c,80d85939-c474f88c.jpg,images/100k/train/80d85939-c474f88c.jpg,train,train,snowy,daytime,city street
80ed17ad-bac55cdd,80ed17ad-bac55cdd.jpg,images/100k/train/80ed17ad-bac55cdd.jpg,train,train,snowy,dawn/dusk,residential
813886d3-7bace8bc,813886d3-7bace8bc.jpg,images/100k/train/813886d3-7bace8bc.jpg,train,train,overcast,daytime,city street
814dc921-265c65c8,814dc921-265c65c8.jpg,images/100k/train/814dc921-265c65c8.jpg,train,train,clear,daytime,city street
81544e50-ba43c45f,81544e50-ba43c45f.jpg,images/100k/train/81544e50-ba43c45f.jpg,train,train,clear,night,highway
815859de-7a290991,815859de-7a290991.jpg,images/100k/train/815859de-7a290991.jpg,train,train,clear,night,city street
815b3ba5-d977de61,815b3ba5-d977de61.jpg,images/100k/train/815b3ba5-d977de61.jpg,train,train,clear,night,residential
81610cd3-0d30da39,81610cd3-0d30da39.jpg,images/100k/train/81610cd3-0d30da39.jpg,train,train,clear,daytime,city street
816252b8-1baef132,816252b8-1baef132.jpg,images/100k/train/816252b8-1baef132.jpg,train,train,overcast,dawn/dusk,city street
816d38aa-8ab88d22,816d38aa-8ab88d22.jpg,images/100k/train/816d38aa-8ab88d22.jpg,train,train,rainy,daytime,residential
8180c9c5-b20fc02f,8180c9c5-b20fc02f.jpg,images/100k/train/8180c9c5-b20fc02f.jpg,train,train,undefined,daytime,city street
818fd853-aa07a481,818fd853-aa07a481.jpg,images/100k/train/818fd853-aa07a481.jpg,train,train,clear,night,city street
81997c04-f6b97768,81997c04-f6b97768.jpg,images/100k/train/81997c04-f6b97768.jpg,train,train,clear,daytime,city street
819c48fa-3b9f992f,819c48fa-3b9f992f.jpg,images/100k/train/819c48fa-3b9f992f.jpg,train,train,undefined,daytime,city street
81a87eb1-927fe802,81a87eb1-927fe802.jpg,images/100k/train/81a87eb1-927fe802.jpg,train,train,rainy,daytime,city street
81b47af4-ab221407,81b47af4-ab221407.jpg,images/100k/train/81b47af4-ab221407.jpg,train,train,clear,daytime,city street
81c23697-6f287f04,81c23697-6f287f04.jpg,images/100k/train/81c23697-6f287f04.jpg,train,train,snowy,daytime,highway
81d539cc-0fc405b1,81d539cc-0fc405b1.jpg,images/100k/train/81d539cc-0fc405b1.jpg,train,train,clear,dawn/dusk,city street
82052dda-42cec97c,82052dda-42cec97c.jpg,images/100k/train/82052dda-42cec97c.jpg,train,train,rainy,daytime,city street
8207d77e-86bf7bb5,8207d77e-86bf7bb5.jpg,images/100k/train/8207d77e-86bf7bb5.jpg,train,train,clear,daytime,city street
82124e5e-492deb13,82124e5e-492deb13.jpg,images/100k/train/82124e5e-492deb13.jpg,train,train,clear,night,city street
821a7fac-948d73c8,821a7fac-948d73c8.jpg,images/100k/train/821a7fac-948d73c8.jpg,train,train,rainy,night,city street
822d5cee-a857d931,822d5cee-a857d931.jpg,images/100k/train/822d5cee-a857d931.jpg,train,train,rainy,daytime,city street
82328f8d-e6d0af4a,82328f8d-e6d0af4a.jpg,images/100k/train/82328f8d-e6d0af4a.jpg,train,train,clear,daytime,highway
82485e2c-f2239eb6,82485e2c-f2239eb6.jpg,images/100k/train/82485e2c-f2239eb6.jpg,train,train,clear,night,city street
825730d9-824f85b1,825730d9-824f85b1.jpg,images/100k/train/825730d9-824f85b1.jpg,train,train,rainy,night,city street
82628a98-400dfa77,82628a98-400dfa77.jpg,images/100k/train/82628a98-400dfa77.jpg,train,train,snowy,daytime,city street
8273c899-a5273a5b,8273c899-a5273a5b.jpg,images/100k/train/8273c899-a5273a5b.jpg,train,train,partly cloudy,daytime,highway
8275da23-9ec4d79c,8275da23-9ec4d79c.jpg,images/100k/train/8275da23-9ec4d79c.jpg,train,train,clear,night,highway
8296e671-4dacfd64,8296e671-4dacfd64.jpg,images/100k/train/8296e671-4dacfd64.jpg,train,train,undefined,night,undefined
82a8a2db-033c3333,82a8a2db-033c3333.jpg,images/100k/train/82a8a2db-033c3333.jpg,train,train,clear,daytime,residential
82b5fc3b-90cadd1b,82b5fc3b-90cadd1b.jpg,images/100k/train/82b5fc3b-90cadd1b.jpg,train,train,clear,daytime,highway
82b657c6-6ffd24a7,82b657c6-6ffd24a7.jpg,images/100k/train/82b657c6-6ffd24a7.jpg,train,train,rainy,daytime,highway
82c34e3a-f030e026,82c34e3a-f030e026.jpg,images/100k/train/82c34e3a-f030e026.jpg,train,train,overcast,daytime,city street
82cc9cbf-d2648834,82cc9cbf-d2648834.jpg,images/100k/train/82cc9cbf-d2648834.jpg,train,train,clear,night,city street
82d391f2-4f267837,82d391f2-4f267837.jpg,images/100k/train/82d391f2-4f267837.jpg,train,train,clear,daytime,city street
82ec7a06-1a3375da,82ec7a06-1a3375da.jpg,images/100k/train/82ec7a06-1a3375da.jpg,train,train,clear,daytime,highway
82f394ba-b631fce4,82f394ba-b631fce4.jpg,images/100k/train/82f394ba-b631fce4.jpg,train,train,undefined,daytime,city street
82fb196f-9f8e0eb3,82fb196f-9f8e0eb3.jpg,images/100k/train/82fb196f-9f8e0eb3.jpg,train,train,clear,night,city street
82fb196f-d263e1b2,82fb196f-d263e1b2.jpg,images/100k/train/82fb196f-d263e1b2.jpg,train,train,clear,night,city street
82ff62c8-6bacb11b,82ff62c8-6bacb11b.jpg,images/100k/train/82ff62c8-6bacb11b.jpg,train,train,clear,night,highway
83025bd2-f433da14,83025bd2-f433da14.jpg,images/100k/train/83025bd2-f433da14.jpg,train,train,clear,night,city street
8315bf7e-66aeb70e,8315bf7e-66aeb70e.jpg,images/100k/train/8315bf7e-66aeb70e.jpg,train,train,clear,daytime,city street
8320b0b7-6cbfbae0,8320b0b7-6cbfbae0.jpg,images/100k/train/8320b0b7-6cbfbae0.jpg,train,train,clear,night,city street
8320b0b7-ef2b972d,8320b0b7-ef2b972d.jpg,images/100k/train/8320b0b7-ef2b972d.jpg,train,train,clear,night,residential
83261f65-d24a6d1c,83261f65-d24a6d1c.jpg,images/100k/train/83261f65-d24a6d1c.jpg,train,train,partly cloudy,daytime,city street
832d3029-53eb4537,832d3029-53eb4537.jpg,images/100k/train/832d3029-53eb4537.jpg,train,train,overcast,daytime,highway
832e2723-5cf0b162,832e2723-5cf0b162.jpg,images/100k/train/832e2723-5cf0b162.jpg,train,train,clear,night,city street
8332ccf7-07fbe331,8332ccf7-07fbe331.jpg,images/100k/train/8332ccf7-07fbe331.jpg,train,train,clear,daytime,residential
834ace32-bf4a966f,834ace32-bf4a966f.jpg,images/100k/train/834ace32-bf4a966f.jpg,train,train,clear,night,city street
8354eff5-74a5d15e,8354eff5-74a5d15e.jpg,images/100k/train/8354eff5-74a5d15e.jpg,train,train,partly cloudy,daytime,highway
8354eff5-e559d501,8354eff5-e559d501.jpg,images/100k/train/8354eff5-e559d501.jpg,train,train,partly cloudy,daytime,city street
8357e8a5-72800a20,8357e8a5-72800a20.jpg,images/100k/train/8357e8a5-72800a20.jpg,train,train,clear,night,city street
835d6262-22095a6f,835d6262-22095a6f.jpg,images/100k/train/835d6262-22095a6f.jpg,train,train,undefined,daytime,city street
836e9e5b-e8949ff1,836e9e5b-e8949ff1.jpg,images/100k/train/836e9e5b-e8949ff1.jpg,train,train,clear,night,city street
8371d9bc-ee1f3935,8371d9bc-ee1f3935.jpg,images/100k/train/8371d9bc-ee1f3935.jpg,train,train,undefined,daytime,residential
8377c17d-0a48aafd,8377c17d-0a48aafd.jpg,images/100k/train/8377c17d-0a48aafd.jpg,train,train,partly cloudy,dawn/dusk,highway
837bb146-663bd737,837bb146-663bd737.jpg,images/100k/train/837bb146-663bd737.jpg,train,train,snowy,daytime,highway
837bcbda-c4c55d5a,837bcbda-c4c55d5a.jpg,images/100k/train/837bcbda-c4c55d5a.jpg,train,train,snowy,night,city street
837d0518-543ff7b2,837d0518-543ff7b2.jpg,images/100k/train/837d0518-543ff7b2.jpg,train,train,overcast,dawn/dusk,city street
83a207fc-7bb71cde,83a207fc-7bb71cde.jpg,images/100k/train/83a207fc-7bb71cde.jpg,train,train,rainy,daytime,city street
83c0d149-a47e6d00,83c0d149-a47e6d00.jpg,images/100k/train/83c0d149-a47e6d00.jpg,train,train,clear,night,highway
83c26453-dc9fd54b,83c26453-dc9fd54b.jpg,images/100k/train/83c26453-dc9fd54b.jpg,train,train,clear,night,city street
83c9bec8-a6dee65e,83c9bec8-a6dee65e.jpg,images/100k/train/83c9bec8-a6dee65e.jpg,train,train,clear,night,city street
83cc9024-02baa086,83cc9024-02baa086.jpg,images/100k/train/83cc9024-02baa086.jpg,train,train,clear,dawn/dusk,city street
83d2e7b6-bdac04b6,83d2e7b6-bdac04b6.jpg,images/100k/train/83d2e7b6-bdac04b6.jpg,train,train,clear,night,highway
83d5435e-3ba58ea4,83d5435e-3ba58ea4.jpg,images/100k/train/83d5435e-3ba58ea4.jpg,train,train,rainy,night,city street
83d5ac2f-379e9d67,83d5ac2f-379e9d67.jpg,images/100k/train/83d5ac2f-379e9d67.jpg,train,train,overcast,daytime,city street
83f19b2a-bb3fd236,83f19b2a-bb3fd236.jpg,images/100k/train/83f19b2a-bb3fd236.jpg,train,train,snowy,night,city street
83f6c772-e9e227c2,83f6c772-e9e227c2.jpg,images/100k/train/83f6c772-e9e227c2.jpg,train,train,overcast,dawn/dusk,highway
83fe9794-a77b5b22,83fe9794-a77b5b22.jpg,images/100k/train/83fe9794-a77b5b22.jpg,train,train,clear,night,highway
84082729-7aa3887b,84082729-7aa3887b.jpg,images/100k/train/84082729-7aa3887b.jpg,train,train,overcast,daytime,highway
84082729-9a47a3c9,84082729-9a47a3c9.jpg,images/100k/train/84082729-9a47a3c9.jpg,train,train,rainy,night,city street
84085a29-cccebb2c,84085a29-cccebb2c.jpg,images/100k/train/84085a29-cccebb2c.jpg,train,train,snowy,daytime,residential
8417e569-9774d5fb,8417e569-9774d5fb.jpg,images/100k/train/8417e569-9774d5fb.jpg,train,train,clear,night,highway
841aa60e-776c9b05,841aa60e-776c9b05.jpg,images/100k/train/841aa60e-776c9b05.jpg,train,train,clear,night,undefined
841aa60e-ad25c595,841aa60e-ad25c595.jpg,images/100k/train/841aa60e-ad25c595.jpg,train,train,clear,night,city street
841d8384-fa64afd2,841d8384-fa64afd2.jpg,images/100k/train/841d8384-fa64afd2.jpg,train,train,clear,night,highway
84271237-e0908b7d,84271237-e0908b7d.jpg,images/100k/train/84271237-e0908b7d.jpg,train,train,clear,night,city street
842b5a98-718b3cb6,842b5a98-718b3cb6.jpg,images/100k/train/842b5a98-718b3cb6.jpg,train,train,clear,night,city street
842c303b-f86e4d16,842c303b-f86e4d16.jpg,images/100k/train/842c303b-f86e4d16.jpg,train,train,clear,daytime,highway
842f4764-8b0bb61e,842f4764-8b0bb61e.jpg,images/100k/train/842f4764-8b0bb61e.jpg,train,train,overcast,daytime,city street
84320983-5055df4d,84320983-5055df4d.jpg,images/100k/train/84320983-5055df4d.jpg,train,train,overcast,daytime,city street
8432aacf-e155c9dd,8432aacf-e155c9dd.jpg,images/100k/train/8432aacf-e155c9dd.jpg,train,train,clear,night,city street
84459767-e64cc257,84459767-e64cc257.jpg,images/100k/train/84459767-e64cc257.jpg,train,train,undefined,night,city street
84555fd1-41364124,84555fd1-41364124.jpg,images/100k/train/84555fd1-41364124.jpg,train,train,overcast,daytime,city street
8462ec00-0ce2178c,8462ec00-0ce2178c.jpg,images/100k/train/8462ec00-0ce2178c.jpg,train,train,partly cloudy,daytime,highway
84643961-09ca5f98,84643961-09ca5f98.jpg,images/100k/train/84643961-09ca5f98.jpg,train,train,clear,night,city street
84643961-45350ac1,84643961-45350ac1.jpg,images/100k/train/84643961-45350ac1.jpg,train,train,clear,night,city street
84643961-a14bcec8,84643961-a14bcec8.jpg,images/100k/train/84643961-a14bcec8.jpg,train,train,clear,night,city street
846f71b9-a872ebcc,846f71b9-a872ebcc.jpg,images/100k/train/846f71b9-a872ebcc.jpg,train,train,partly cloudy,dawn/dusk,city street
847215ac-8bd85e5b,847215ac-8bd85e5b.jpg,images/100k/train/847215ac-8bd85e5b.jpg,train,train,clear,daytime,highway
84770c0b-629c423e,84770c0b-629c423e.jpg,images/100k/train/84770c0b-629c423e.jpg,train,train,undefined,daytime,city street
8481f41a-80ad3901,8481f41a-80ad3901.jpg,images/100k/train/8481f41a-80ad3901.jpg,train,train,clear,night,highway
84837bd7-6c6ee0ca,84837bd7-6c6ee0ca.jpg,images/100k/train/84837bd7-6c6ee0ca.jpg,train,train,clear,night,city street
84913296-b8c1b99f,84913296-b8c1b99f.jpg,images/100k/train/84913296-b8c1b99f.jpg,train,train,clear,daytime,city street
84969818-82333d1f,84969818-82333d1f.jpg,images/100k/train/84969818-82333d1f.jpg,train,train,overcast,daytime,highway
84a5edea-7ad40412,84a5edea-7ad40412.jpg,images/100k/train/84a5edea-7ad40412.jpg,train,train,clear,dawn/dusk,highway
84aaacab-4ca794e8,84aaacab-4ca794e8.jpg,images/100k/train/84aaacab-4ca794e8.jpg,train,train,clear,daytime,highway
84cf0a80-439124ac,84cf0a80-439124ac.jpg,images/100k/train/84cf0a80-439124ac.jpg,train,train,clear,night,highway
84d06996-c3257dc2,84d06996-c3257dc2.jpg,images/100k/train/84d06996-c3257dc2.jpg,train,train,clear,night,city street
84da700b-34473c59,84da700b-34473c59.jpg,images/100k/train/84da700b-34473c59.jpg,train,train,clear,dawn/dusk,highway
84dd2fa3-e64e4a03,84dd2fa3-e64e4a03.jpg,images/100k/train/84dd2fa3-e64e4a03.jpg,train,train,clear,night,city street
84ec0c65-83617c8d,84ec0c65-83617c8d.jpg,images/100k/train/84ec0c65-83617c8d.jpg,train,train,partly cloudy,daytime,city street
84fc2db8-a0087245,84fc2db8-a0087245.jpg,images/100k/train/84fc2db8-a0087245.jpg,train,train,overcast,daytime,city street
84fc2db8-a550e4fa,84fc2db8-a550e4fa.jpg,images/100k/train/84fc2db8-a550e4fa.jpg,train,train,overcast,daytime,city street
84fc2db8-d0fe843b,84fc2db8-d0fe843b.jpg,images/100k/train/84fc2db8-d0fe843b.jpg,train,train,undefined,daytime,city street
85057f1a-18a437ef,85057f1a-18a437ef.jpg,images/100k/train/85057f1a-18a437ef.jpg,train,train,overcast,daytime,highway
850a0f15-7412f485,850a0f15-7412f485.jpg,images/100k/train/850a0f15-7412f485.jpg,train,train,rainy,daytime,city street
850c78e8-d870a0b0,850c78e8-d870a0b0.jpg,images/100k/train/850c78e8-d870a0b0.jpg,train,train,rainy,daytime,city street
851adb72-a2710ccb,851adb72-a2710ccb.jpg,images/100k/train/851adb72-a2710ccb.jpg,train,train,rainy,daytime,city street
8526a3b2-61eed4df,8526a3b2-61eed4df.jpg,images/100k/train/8526a3b2-61eed4df.jpg,train,train,clear,night,city street
8526a3b2-d9715abb,8526a3b2-d9715abb.jpg,images/100k/train/8526a3b2-d9715abb.jpg,train,train,clear,night,highway
8526a3b2-f9a3c35f,8526a3b2-f9a3c35f.jpg,images/100k/train/8526a3b2-f9a3c35f.jpg,train,train,clear,dawn/dusk,city street
852a0582-4a400270,852a0582-4a400270.jpg,images/100k/train/852a0582-4a400270.jpg,train,train,clear,night,city street
8531b39e-5ae5ab29,8531b39e-5ae5ab29.jpg,images/100k/train/8531b39e-5ae5ab29.jpg,train,train,partly cloudy,daytime,highway
854cad97-dded0ddf,854cad97-dded0ddf.jpg,images/100k/train/854cad97-dded0ddf.jpg,train,train,clear,night,highway
855390c9-2d897ef6,855390c9-2d897ef6.jpg,images/100k/train/855390c9-2d897ef6.jpg,train,train,overcast,daytime,city street
8553ca01-374f2350,8553ca01-374f2350.jpg,images/100k/train/8553ca01-374f2350.jpg,train,train,overcast,daytime,residential
8559346c-8b4fa54c,8559346c-8b4fa54c.jpg,images/100k/train/8559346c-8b4fa54c.jpg,train,train,overcast,daytime,residential
8563353e-b06ca686,8563353e-b06ca686.jpg,images/100k/train/8563353e-b06ca686.jpg,train,train,clear,daytime,city street
856771d5-e51eaa9f,856771d5-e51eaa9f.jpg,images/100k/train/856771d5-e51eaa9f.jpg,train,train,clear,daytime,highway
85848aba-21639dce,85848aba-21639dce.jpg,images/100k/train/85848aba-21639dce.jpg,train,train,overcast,daytime,residential
858ef9dd-52a0eeac,858ef9dd-52a0eeac.jpg,images/100k/train/858ef9dd-52a0eeac.jpg,train,train,rainy,daytime,city street
85944b35-6c4337a8,85944b35-6c4337a8.jpg,images/100k/train/85944b35-6c4337a8.jpg,train,train,clear,night,residential
8597f730-a2cae46b,8597f730-a2cae46b.jpg,images/100k/train/8597f730-a2cae46b.jpg,train,train,undefined,daytime,highway
85992500-b0231878,85992500-b0231878.jpg,images/100k/train/85992500-b0231878.jpg,train,train,overcast,daytime,city street
85a1f1de-a7e198ef,85a1f1de-a7e198ef.jpg,images/100k/train/85a1f1de-a7e198ef.jpg,train,train,clear,daytime,highway
85a1f1de-b83e789a,85a1f1de-b83e789a.jpg,images/100k/train/85a1f1de-b83e789a.jpg,train,train,partly cloudy,dawn/dusk,city street
85ad028a-954ed96c,85ad028a-954ed96c.jpg,images/100k/train/85ad028a-954ed96c.jpg,train,train,undefined,daytime,city street
85b14610-bcef0f5c,85b14610-bcef0f5c.jpg,images/100k/train/85b14610-bcef0f5c.jpg,train,train,clear,night,city street
85d3bafe-196adbc6,85d3bafe-196adbc6.jpg,images/100k/train/85d3bafe-196adbc6.jpg,train,train,rainy,night,highway
85d98b40-88c6b459,85d98b40-88c6b459.jpg,images/100k/train/85d98b40-88c6b459.jpg,train,train,clear,night,city street
85ebbf3c-75262efc,85ebbf3c-75262efc.jpg,images/100k/train/85ebbf3c-75262efc.jpg,train,train,snowy,dawn/dusk,city street
85f52379-41fd0bad,85f52379-41fd0bad.jpg,images/100k/train/85f52379-41fd0bad.jpg,train,train,rainy,daytime,city street
85facc6b-35858185,85facc6b-35858185.jpg,images/100k/train/85facc6b-35858185.jpg,train,train,rainy,daytime,city street
8602ed2c-80603428,8602ed2c-80603428.jpg,images/100k/train/8602ed2c-80603428.jpg,train,train,clear,night,highway
861887a2-4efcd0e2,861887a2-4efcd0e2.jpg,images/100k/train/861887a2-4efcd0e2.jpg,train,train,clear,dawn/dusk,city street
861d6c5a-fa446b49,861d6c5a-fa446b49.jpg,images/100k/train/861d6c5a-fa446b49.jpg,train,train,rainy,daytime,city street
8623f4fe-3863bb63,8623f4fe-3863bb63.jpg,images/100k/train/8623f4fe-3863bb63.jpg,train,train,clear,daytime,highway
8624adb4-a657546e,8624adb4-a657546e.jpg,images/100k/train/8624adb4-a657546e.jpg,train,train,undefined,daytime,city street
862c1782-88a7f34d,862c1782-88a7f34d.jpg,images/100k/train/862c1782-88a7f34d.jpg,train,train,clear,dawn/dusk,residential
8640bbd4-b91b783b,8640bbd4-b91b783b.jpg,images/100k/train/8640bbd4-b91b783b.jpg,train,train,clear,night,highway
865155ca-ab6bc47d,865155ca-ab6bc47d.jpg,images/100k/train/865155ca-ab6bc47d.jpg,train,train,partly cloudy,daytime,residential
865193e5-06b4dbc0,865193e5-06b4dbc0.jpg,images/100k/train/865193e5-06b4dbc0.jpg,train,train,clear,night,highway
865234b4-9357d5f3,865234b4-9357d5f3.jpg,images/100k/train/865234b4-9357d5f3.jpg,train,train,clear,night,city street
8656a6c2-a6bccf2d,8656a6c2-a6bccf2d.jpg,images/100k/train/8656a6c2-a6bccf2d.jpg,train,train,clear,daytime,city street
865a20b3-42771d47,865a20b3-42771d47.jpg,images/100k/train/865a20b3-42771d47.jpg,train,train,clear,night,city street
865e74e4-360a5187,865e74e4-360a5187.jpg,images/100k/train/865e74e4-360a5187.jpg,train,train,partly cloudy,daytime,city street
866e98e8-b4c15e97,866e98e8-b4c15e97.jpg,images/100k/train/866e98e8-b4c15e97.jpg,train,train,clear,night,city street
867019ee-d2bdb1c9,867019ee-d2bdb1c9.jpg,images/100k/train/867019ee-d2bdb1c9.jpg,train,train,snowy,daytime,city street
8689c2d9-a498c743,8689c2d9-a498c743.jpg,images/100k/train/8689c2d9-a498c743.jpg,train,train,partly cloudy,daytime,residential
8693519e-33be577e,8693519e-33be577e.jpg,images/100k/train/8693519e-33be577e.jpg,train,train,snowy,daytime,city street
8694c958-4beb68be,8694c958-4beb68be.jpg,images/100k/train/8694c958-4beb68be.jpg,train,train,snowy,daytime,city street
86b8255e-b111e843,86b8255e-b111e843.jpg,images/100k/train/86b8255e-b111e843.jpg,train,train,clear,night,undefined
86c26dfb-c0a52165,86c26dfb-c0a52165.jpg,images/100k/train/86c26dfb-c0a52165.jpg,train,train,clear,night,residential
86eb6c9c-c3a0cf9f,86eb6c9c-c3a0cf9f.jpg,images/100k/train/86eb6c9c-c3a0cf9f.jpg,train,train,clear,night,city street
86f1017c-9e572450,86f1017c-9e572450.jpg,images/100k/train/86f1017c-9e572450.jpg,train,train,clear,night,residential
86f2e9fc-88a41524,86f2e9fc-88a41524.jpg,images/100k/train/86f2e9fc-88a41524.jpg,train,train,snowy,night,residential
86f4ea22-70f99d0c,86f4ea22-70f99d0c.jpg,images/100k/train/86f4ea22-70f99d0c.jpg,train,train,clear,night,city street
86f9a76b-4feb851d,86f9a76b-4feb851d.jpg,images/100k/train/86f9a76b-4feb851d.jpg,train,train,rainy,night,highway
86ff5edb-4115d3c9,86ff5edb-4115d3c9.jpg,images/100k/train/86ff5edb-4115d3c9.jpg,train,train,clear,night,city street
870b60f7-cc7f4b8c,870b60f7-cc7f4b8c.jpg,images/100k/train/870b60f7-cc7f4b8c.jpg,train,train,undefined,daytime,highway
8719e956-e6af93d1,8719e956-e6af93d1.jpg,images/100k/train/8719e956-e6af93d1.jpg,train,train,partly cloudy,daytime,city street
8727af13-4f094597,8727af13-4f094597.jpg,images/100k/train/8727af13-4f094597.jpg,train,train,clear,night,highway
87450afe-95c7b227,87450afe-95c7b227.jpg,images/100k/train/87450afe-95c7b227.jpg,train,train,clear,night,highway
8753a344-63109d75,8753a344-63109d75.jpg,images/100k/train/8753a344-63109d75.jpg,train,train,overcast,daytime,highway
87570269-9f92a434,87570269-9f92a434.jpg,images/100k/train/87570269-9f92a434.jpg,train,train,overcast,daytime,highway
875ec8b2-03643a8a,875ec8b2-03643a8a.jpg,images/100k/train/875ec8b2-03643a8a.jpg,train,train,overcast,daytime,city street
875ec8b2-c7062d6f,875ec8b2-c7062d6f.jpg,images/100k/train/875ec8b2-c7062d6f.jpg,train,train,undefined,daytime,city street
8767263c-6dd90810,8767263c-6dd90810.jpg,images/100k/train/8767263c-6dd90810.jpg,train,train,clear,night,highway
87678a77-67f69883,87678a77-67f69883.jpg,images/100k/train/87678a77-67f69883.jpg,train,train,snowy,daytime,city street
8769c129-3749d716,8769c129-3749d716.jpg,images/100k/train/8769c129-3749d716.jpg,train,train,clear,night,city street
87768f16-4fee3f1b,87768f16-4fee3f1b.jpg,images/100k/train/87768f16-4fee3f1b.jpg,train,train,rainy,daytime,parking lot
87780dd7-6cd9a7ec,87780dd7-6cd9a7ec.jpg,images/100k/train/87780dd7-6cd9a7ec.jpg,train,train,rainy,night,city street
877a6c4d-bc9d8d27,877a6c4d-bc9d8d27.jpg,images/100k/train/877a6c4d-bc9d8d27.jpg,train,train,undefined,daytime,city street
878b001c-25af9955,878b001c-25af9955.jpg,images/100k/train/878b001c-25af9955.jpg,train,train,undefined,dawn/dusk,city street
87994af9-9bb61ac7,87994af9-9bb61ac7.jpg,images/100k/train/87994af9-9bb61ac7.jpg,train,train,rainy,night,city street
879c879e-0de9d391,879c879e-0de9d391.jpg,images/100k/train/879c879e-0de9d391.jpg,train,train,clear,night,highway
87a846ee-dbfe2370,87a846ee-dbfe2370.jpg,images/100k/train/87a846ee-dbfe2370.jpg,train,train,clear,daytime,highway
87aa248a-c1b884c7,87aa248a-c1b884c7.jpg,images/100k/train/87aa248a-c1b884c7.jpg,train,train,clear,night,highway
87b4d9a9-06023197,87b4d9a9-06023197.jpg,images/100k/train/87b4d9a9-06023197.jpg,train,train,overcast,daytime,city street
87b7276c-740f3255,87b7276c-740f3255.jpg,images/100k/train/87b7276c-740f3255.jpg,train,train,clear,daytime,city street
87b7ff1d-b143ba0f,87b7ff1d-b143ba0f.jpg,images/100k/train/87b7ff1d-b143ba0f.jpg,train,train,clear,daytime,highway
87bd1118-69ab79aa,87bd1118-69ab79aa.jpg,images/100k/train/87bd1118-69ab79aa.jpg,train,train,overcast,daytime,residential
87c1ae7e-777df460,87c1ae7e-777df460.jpg,images/100k/train/87c1ae7e-777df460.jpg,train,train,overcast,dawn/dusk,city street
87c34a18-1338a90a,87c34a18-1338a90a.jpg,images/100k/train/87c34a18-1338a90a.jpg,train,train,clear,daytime,city street
87eaa854-78a6c10c,87eaa854-78a6c10c.jpg,images/100k/train/87eaa854-78a6c10c.jpg,train,train,clear,daytime,city street
87f7584a-4e7f7a38,87f7584a-4e7f7a38.jpg,images/100k/train/87f7584a-4e7f7a38.jpg,train,train,undefined,daytime,city street
87f89663-d5927bb8,87f89663-d5927bb8.jpg,images/100k/train/87f89663-d5927bb8.jpg,train,train,undefined,night,highway
87faf2e4-79edceda,87faf2e4-79edceda.jpg,images/100k/train/87faf2e4-79edceda.jpg,train,train,clear,night,city street
88023479-4ca12fa8,88023479-4ca12fa8.jpg,images/100k/train/88023479-4ca12fa8.jpg,train,train,clear,night,city street
88047d0f-c88d4d11,88047d0f-c88d4d11.jpg,images/100k/train/88047d0f-c88d4d11.jpg,train,train,clear,dawn/dusk,residential
881f42c4-59541b00,881f42c4-59541b00.jpg,images/100k/train/881f42c4-59541b00.jpg,train,train,clear,night,highway
88231ef8-e7ab2532,88231ef8-e7ab2532.jpg,images/100k/train/88231ef8-e7ab2532.jpg,train,train,undefined,night,city street
882f0325-1160098d,882f0325-1160098d.jpg,images/100k/train/882f0325-1160098d.jpg,train,train,clear,night,city street
8830ae55-92c79f24,8830ae55-92c79f24.jpg,images/100k/train/8830ae55-92c79f24.jpg,train,train,overcast,daytime,city street
884578f8-d2004522,884578f8-d2004522.jpg,images/100k/train/884578f8-d2004522.jpg,train,train,undefined,daytime,city street
8850acb9-e94a24e7,8850acb9-e94a24e7.jpg,images/100k/train/8850acb9-e94a24e7.jpg,train,train,undefined,daytime,city street
88638e75-19c22524,88638e75-19c22524.jpg,images/100k/train/88638e75-19c22524.jpg,train,train,snowy,night,city street
88679050-89a06af9,88679050-89a06af9.jpg,images/100k/train/88679050-89a06af9.jpg,train,train,overcast,daytime,city street
88720c62-a2202d2f,88720c62-a2202d2f.jpg,images/100k/train/88720c62-a2202d2f.jpg,train,train,clear,dawn/dusk,city street
888413a2-5a91ed56,888413a2-5a91ed56.jpg,images/100k/train/888413a2-5a91ed56.jpg,train,train,clear,night,city street
8888d767-49dbc4e5,8888d767-49dbc4e5.jpg,images/100k/train/8888d767-49dbc4e5.jpg,train,train,clear,daytime,highway
888c0384-793511a1,888c0384-793511a1.jpg,images/100k/train/888c0384-793511a1.jpg,train,train,overcast,daytime,residential
88a38f22-c009b996,88a38f22-c009b996.jpg,images/100k/train/88a38f22-c009b996.jpg,train,train,overcast,daytime,city street
88a412d8-cd7f83d7,88a412d8-cd7f83d7.jpg,images/100k/train/88a412d8-cd7f83d7.jpg,train,train,clear,night,highway
88aaaa8f-4c825af3,88aaaa8f-4c825af3.jpg,images/100k/train/88aaaa8f-4c825af3.jpg,train,train,overcast,daytime,city street
88af8803-f36fab3c,88af8803-f36fab3c.jpg,images/100k/train/88af8803-f36fab3c.jpg,train,train,overcast,daytime,residential
88b6fbc3-91bd53f0,88b6fbc3-91bd53f0.jpg,images/100k/train/88b6fbc3-91bd53f0.jpg,train,train,clear,night,city street
88bf99c4-a3e2fc15,88bf99c4-a3e2fc15.jpg,images/100k/train/88bf99c4-a3e2fc15.jpg,train,train,clear,night,city street
88dbf01a-d8b35dee,88dbf01a-d8b35dee.jpg,images/100k/train/88dbf01a-d8b35dee.jpg,train,train,clear,daytime,highway
88dbf260-fecf92c8,88dbf260-fecf92c8.jpg,images/100k/train/88dbf260-fecf92c8.jpg,train,train,overcast,daytime,city street
88ed46a7-3909f0cc,88ed46a7-3909f0cc.jpg,images/100k/train/88ed46a7-3909f0cc.jpg,train,train,overcast,daytime,highway
88fce8bc-4aacc872,88fce8bc-4aacc872.jpg,images/100k/train/88fce8bc-4aacc872.jpg,train,train,clear,dawn/dusk,city street
89020348-d4f1e67c,89020348-d4f1e67c.jpg,images/100k/train/89020348-d4f1e67c.jpg,train,train,clear,daytime,residential
89113ea8-c794ce18,89113ea8-c794ce18.jpg,images/100k/train/89113ea8-c794ce18.jpg,train,train,overcast,daytime,highway
89136a23-8d74f32f,89136a23-8d74f32f.jpg,images/100k/train/89136a23-8d74f32f.jpg,train,train,partly cloudy,dawn/dusk,city street
891f1410-961919a2,891f1410-961919a2.jpg,images/100k/train/891f1410-961919a2.jpg,train,train,clear,night,city street
892917f2-ace4d741,892917f2-ace4d741.jpg,images/100k/train/892917f2-ace4d741.jpg,train,train,clear,daytime,residential
893b4eb1-d5845173,893b4eb1-d5845173.jpg,images/100k/train/893b4eb1-d5845173.jpg,train,train,clear,dawn/dusk,city street
896425f5-36a83b80,896425f5-36a83b80.jpg,images/100k/train/896425f5-36a83b80.jpg,train,train,undefined,daytime,city street
8967d144-042a5b0f,8967d144-042a5b0f.jpg,images/100k/train/8967d144-042a5b0f.jpg,train,train,rainy,daytime,city street
89767864-6cbc69f1,89767864-6cbc69f1.jpg,images/100k/train/89767864-6cbc69f1.jpg,train,train,clear,night,city street
8979e7c7-abb00726,8979e7c7-abb00726.jpg,images/100k/train/8979e7c7-abb00726.jpg,train,train,clear,daytime,highway
897d256c-7ba1adb1,897d256c-7ba1adb1.jpg,images/100k/train/897d256c-7ba1adb1.jpg,train,train,undefined,daytime,city street
89861992-605ee96b,89861992-605ee96b.jpg,images/100k/train/89861992-605ee96b.jpg,train,train,clear,daytime,city street
898c02c3-7d0f7cfd,898c02c3-7d0f7cfd.jpg,images/100k/train/898c02c3-7d0f7cfd.jpg,train,train,rainy,daytime,city street
899a1ac2-81e7aff1,899a1ac2-81e7aff1.jpg,images/100k/train/899a1ac2-81e7aff1.jpg,train,train,overcast,daytime,city street
899bd573-2df579f6,899bd573-2df579f6.jpg,images/100k/train/899bd573-2df579f6.jpg,train,train,rainy,daytime,highway
89ae76ad-06e33858,89ae76ad-06e33858.jpg,images/100k/train/89ae76ad-06e33858.jpg,train,train,clear,night,highway
89bb6cc9-ad927db0,89bb6cc9-ad927db0.jpg,images/100k/train/89bb6cc9-ad927db0.jpg,train,train,clear,daytime,highway
89cb46c1-c4de346d,89cb46c1-c4de346d.jpg,images/100k/train/89cb46c1-c4de346d.jpg,train,train,clear,daytime,city street
89d9ccfc-f3bdefd0,89d9ccfc-f3bdefd0.jpg,images/100k/train/89d9ccfc-f3bdefd0.jpg,train,train,rainy,night,city street
89ee675b-47e9eead,89ee675b-47e9eead.jpg,images/100k/train/89ee675b-47e9eead.jpg,train,train,rainy,daytime,city street
89ef82a3-0cd7c74d,89ef82a3-0cd7c74d.jpg,images/100k/train/89ef82a3-0cd7c74d.jpg,train,train,undefined,daytime,city street
89f1e93a-fc04b40d,89f1e93a-fc04b40d.jpg,images/100k/train/89f1e93a-fc04b40d.jpg,train,train,overcast,daytime,highway
8a0d3843-c6c7252e,8a0d3843-c6c7252e.jpg,images/100k/train/8a0d3843-c6c7252e.jpg,train,train,clear,daytime,city street
8a14c5ea-70e1e1c4,8a14c5ea-70e1e1c4.jpg,images/100k/train/8a14c5ea-70e1e1c4.jpg,train,train,rainy,daytime,city street
8a14d75b-0f0f901e,8a14d75b-0f0f901e.jpg,images/100k/train/8a14d75b-0f0f901e.jpg,train,train,clear,night,highway
8a27fc9a-410ac14c,8a27fc9a-410ac14c.jpg,images/100k/train/8a27fc9a-410ac14c.jpg,train,train,clear,night,highway
8a286021-7368e90a,8a286021-7368e90a.jpg,images/100k/train/8a286021-7368e90a.jpg,train,train,clear,daytime,city street
8a28ecf0-d723d8b4,8a28ecf0-d723d8b4.jpg,images/100k/train/8a28ecf0-d723d8b4.jpg,train,train,snowy,night,city street
8a5099af-0a8d8747,8a5099af-0a8d8747.jpg,images/100k/train/8a5099af-0a8d8747.jpg,train,train,undefined,undefined,tunnel
8a562a98-00a32ea4,8a562a98-00a32ea4.jpg,images/100k/train/8a562a98-00a32ea4.jpg,train,train,rainy,daytime,city street
8a56deb7-5bfbec86,8a56deb7-5bfbec86.jpg,images/100k/train/8a56deb7-5bfbec86.jpg,train,train,snowy,daytime,city street
8a5ee740-e1fbb2e7,8a5ee740-e1fbb2e7.jpg,images/100k/train/8a5ee740-e1fbb2e7.jpg,train,train,rainy,daytime,highway
8a672f97-ace74e1a,8a672f97-ace74e1a.jpg,images/100k/train/8a672f97-ace74e1a.jpg,train,train,undefined,daytime,residential
8a850527-0aefbad1,8a850527-0aefbad1.jpg,images/100k/train/8a850527-0aefbad1.jpg,train,train,clear,night,city street
8a854daf-e0acf9ec,8a854daf-e0acf9ec.jpg,images/100k/train/8a854daf-e0acf9ec.jpg,train,train,partly cloudy,daytime,highway
8a86a183-44fcf239,8a86a183-44fcf239.jpg,images/100k/train/8a86a183-44fcf239.jpg,train,train,snowy,daytime,city street
8a86a183-eaf6dac5,8a86a183-eaf6dac5.jpg,images/100k/train/8a86a183-eaf6dac5.jpg,train,train,snowy,daytime,city street
8a8e3810-5f4795a9,8a8e3810-5f4795a9.jpg,images/100k/train/8a8e3810-5f4795a9.jpg,train,train,clear,night,highway
8a9f34f3-a743ca31,8a9f34f3-a743ca31.jpg,images/100k/train/8a9f34f3-a743ca31.jpg,train,train,clear,night,city street
8aa3d6c4-50b7814f,8aa3d6c4-50b7814f.jpg,images/100k/train/8aa3d6c4-50b7814f.jpg,train,train,clear,night,city street
8aa3fe21-00fb8fbf,8aa3fe21-00fb8fbf.jpg,images/100k/train/8aa3fe21-00fb8fbf.jpg,train,train,snowy,daytime,residential
8ab5a714-bb4c0bcc,8ab5a714-bb4c0bcc.jpg,images/100k/train/8ab5a714-bb4c0bcc.jpg,train,train,clear,dawn/dusk,residential
8abcc703-a5be36d9,8abcc703-a5be36d9.jpg,images/100k/train/8abcc703-a5be36d9.jpg,train,train,clear,daytime,city street
8abf17f2-cbe1adc4,8abf17f2-cbe1adc4.jpg,images/100k/train/8abf17f2-cbe1adc4.jpg,train,train,overcast,dawn/dusk,highway
8ac48a8c-e5f7932c,8ac48a8c-e5f7932c.jpg,images/100k/train/8ac48a8c-e5f7932c.jpg,train,train,clear,daytime,city street
8acb2fa3-e34f533c,8acb2fa3-e34f533c.jpg,images/100k/train/8acb2fa3-e34f533c.jpg,train,train,overcast,daytime,highway
8ad2994f-0c531564,8ad2994f-0c531564.jpg,images/100k/train/8ad2994f-0c531564.jpg,train,train,clear,daytime,city street
8ad78d91-5a2e1055,8ad78d91-5a2e1055.jpg,images/100k/train/8ad78d91-5a2e1055.jpg,train,train,clear,daytime,highway
8adf5d13-119e7e6b,8adf5d13-119e7e6b.jpg,images/100k/train/8adf5d13-119e7e6b.jpg,train,train,clear,night,highway
8b1a2101-87db5c92,8b1a2101-87db5c92.jpg,images/100k/train/8b1a2101-87db5c92.jpg,train,train,overcast,daytime,residential
8b1a2101-91828523,8b1a2101-91828523.jpg,images/100k/train/8b1a2101-91828523.jpg,train,train,snowy,daytime,residential
8b1b04c3-03c46dd3,8b1b04c3-03c46dd3.jpg,images/100k/train/8b1b04c3-03c46dd3.jpg,train,train,clear,daytime,highway
8b41c911-5106c982,8b41c911-5106c982.jpg,images/100k/train/8b41c911-5106c982.jpg,train,train,rainy,daytime,city street
8b49484f-6add116d,8b49484f-6add116d.jpg,images/100k/train/8b49484f-6add116d.jpg,train,train,overcast,daytime,residential
8b4b2ab6-5012dcb9,8b4b2ab6-5012dcb9.jpg,images/100k/train/8b4b2ab6-5012dcb9.jpg,train,train,partly cloudy,daytime,highway
8b4b2ab6-bd0ec0b4,8b4b2ab6-bd0ec0b4.jpg,images/100k/train/8b4b2ab6-bd0ec0b4.jpg,train,train,partly cloudy,daytime,highway
8b591dab-ac1bcdd1,8b591dab-ac1bcdd1.jpg,images/100k/train/8b591dab-ac1bcdd1.jpg,train,train,clear,daytime,residential
8b59f2c1-546aa8b3,8b59f2c1-546aa8b3.jpg,images/100k/train/8b59f2c1-546aa8b3.jpg,train,train,overcast,daytime,city street
8b5ffb1a-de6982bf,8b5ffb1a-de6982bf.jpg,images/100k/train/8b5ffb1a-de6982bf.jpg,train,train,rainy,daytime,highway
8b70ee12-faf69c85,8b70ee12-faf69c85.jpg,images/100k/train/8b70ee12-faf69c85.jpg,train,train,clear,night,city street
8b734a09-e6d524d9,8b734a09-e6d524d9.jpg,images/100k/train/8b734a09-e6d524d9.jpg,train,train,clear,night,city street
8b77c0e9-9288d186,8b77c0e9-9288d186.jpg,images/100k/train/8b77c0e9-9288d186.jpg,train,train,clear,night,city street
8b7d14c0-be424708,8b7d14c0-be424708.jpg,images/100k/train/8b7d14c0-be424708.jpg,train,train,clear,night,city street
8b8699f1-47d73950,8b8699f1-47d73950.jpg,images/100k/train/8b8699f1-47d73950.jpg,train,train,partly cloudy,daytime,city street
8b88d24b-b270484e,8b88d24b-b270484e.jpg,images/100k/train/8b88d24b-b270484e.jpg,train,train,clear,night,highway
8b91312f-59c94616,8b91312f-59c94616.jpg,images/100k/train/8b91312f-59c94616.jpg,train,train,clear,night,city street
8b91312f-6702731a,8b91312f-6702731a.jpg,images/100k/train/8b91312f-6702731a.jpg,train,train,snowy,night,city street
8b91dc0c-a27e109c,8b91dc0c-a27e109c.jpg,images/100k/train/8b91dc0c-a27e109c.jpg,train,train,clear,daytime,city street
8b975fb2-4e0a5fce,8b975fb2-4e0a5fce.jpg,images/100k/train/8b975fb2-4e0a5fce.jpg,train,train,clear,daytime,residential
8b9be24b-da5d84f7,8b9be24b-da5d84f7.jpg,images/100k/train/8b9be24b-da5d84f7.jpg,train,train,undefined,daytime,city street
8bac644e-e0437ead,8bac644e-e0437ead.jpg,images/100k/train/8bac644e-e0437ead.jpg,train,train,clear,daytime,highway
8bb71c12-1834f73a,8bb71c12-1834f73a.jpg,images/100k/train/8bb71c12-1834f73a.jpg,train,train,clear,night,city street
8bbd824a-ca11c106,8bbd824a-ca11c106.jpg,images/100k/train/8bbd824a-ca11c106.jpg,train,train,overcast,daytime,residential
8bbdedd8-bf3ff28f,8bbdedd8-bf3ff28f.jpg,images/100k/train/8bbdedd8-bf3ff28f.jpg,train,train,clear,night,city street
8bce5963-8984202d,8bce5963-8984202d.jpg,images/100k/train/8bce5963-8984202d.jpg,train,train,clear,daytime,city street
8bd01ecb-ec27f1b8,8bd01ecb-ec27f1b8.jpg,images/100k/train/8bd01ecb-ec27f1b8.jpg,train,train,clear,daytime,residential
8be88685-3bd93faf,8be88685-3bd93faf.jpg,images/100k/train/8be88685-3bd93faf.jpg,train,train,clear,daytime,residential
8bf30d75-28acf51c,8bf30d75-28acf51c.jpg,images/100k/train/8bf30d75-28acf51c.jpg,train,train,clear,dawn/dusk,highway
8bf30d75-aa8d8111,8bf30d75-aa8d8111.jpg,images/100k/train/8bf30d75-aa8d8111.jpg,train,train,snowy,dawn/dusk,city street
8bf67cb6-6cd9b942,8bf67cb6-6cd9b942.jpg,images/100k/train/8bf67cb6-6cd9b942.jpg,train,train,undefined,daytime,highway
8bfe8c8f-0e62995e,8bfe8c8f-0e62995e.jpg,images/100k/train/8bfe8c8f-0e62995e.jpg,train,train,clear,night,city street
8c03bfc3-1451b2e9,8c03bfc3-1451b2e9.jpg,images/100k/train/8c03bfc3-1451b2e9.jpg,train,train,overcast,dawn/dusk,highway
8c13ec8a-397bf90b,8c13ec8a-397bf90b.jpg,images/100k/train/8c13ec8a-397bf90b.jpg,train,train,rainy,daytime,city street
8c1ceb03-f59fe1ce,8c1ceb03-f59fe1ce.jpg,images/100k/train/8c1ceb03-f59fe1ce.jpg,train,train,undefined,daytime,residential
8c1ecbf4-4b4398c0,8c1ecbf4-4b4398c0.jpg,images/100k/train/8c1ecbf4-4b4398c0.jpg,train,train,clear,night,highway
8c284625-18b5f68b,8c284625-18b5f68b.jpg,images/100k/train/8c284625-18b5f68b.jpg,train,train,overcast,dawn/dusk,residential
8c32d413-0cfe6ee1,8c32d413-0cfe6ee1.jpg,images/100k/train/8c32d413-0cfe6ee1.jpg,train,train,undefined,daytime,city street
8c32d413-8458e1c4,8c32d413-8458e1c4.jpg,images/100k/train/8c32d413-8458e1c4.jpg,train,train,undefined,daytime,city street
8c387a29-5117db5d,8c387a29-5117db5d.jpg,images/100k/train/8c387a29-5117db5d.jpg,train,train,clear,night,city street
8c452e9e-de90a846,8c452e9e-de90a846.jpg,images/100k/train/8c452e9e-de90a846.jpg,train,train,clear,night,city street
8c64661f-f1567157,8c64661f-f1567157.jpg,images/100k/train/8c64661f-f1567157.jpg,train,train,rainy,night,city street
8c65a075-fa2b98f5,8c65a075-fa2b98f5.jpg,images/100k/train/8c65a075-fa2b98f5.jpg,train,train,undefined,daytime,city street
8c6b2c03-b3288a40,8c6b2c03-b3288a40.jpg,images/100k/train/8c6b2c03-b3288a40.jpg,train,train,clear,daytime,highway
8c6e67a5-374d6b8d,8c6e67a5-374d6b8d.jpg,images/100k/train/8c6e67a5-374d6b8d.jpg,train,train,clear,night,residential
8c6e67a5-f0c8608d,8c6e67a5-f0c8608d.jpg,images/100k/train/8c6e67a5-f0c8608d.jpg,train,train,clear,night,highway
8c7284fb-e2ac86fc,8c7284fb-e2ac86fc.jpg,images/100k/train/8c7284fb-e2ac86fc.jpg,train,train,partly cloudy,dawn/dusk,city street
8c7a80b1-8a713670,8c7a80b1-8a713670.jpg,images/100k/train/8c7a80b1-8a713670.jpg,train,train,partly cloudy,daytime,city street
8c7d264a-faf60f39,8c7d264a-faf60f39.jpg,images/100k/train/8c7d264a-faf60f39.jpg,train,train,clear,night,city street
8c838bb8-c4b906db,8c838bb8-c4b906db.jpg,images/100k/train/8c838bb8-c4b906db.jpg,train,train,partly cloudy,daytime,city street
8c9b2271-0cd1980c,8c9b2271-0cd1980c.jpg,images/100k/train/8c9b2271-0cd1980c.jpg,train,train,clear,daytime,city street
8ca0ec4b-e271258d,8ca0ec4b-e271258d.jpg,images/100k/train/8ca0ec4b-e271258d.jpg,train,train,clear,night,residential
8ca91ef8-3ed20867,8ca91ef8-3ed20867.jpg,images/100k/train/8ca91ef8-3ed20867.jpg,train,train,clear,night,city street
8cbbe764-20f57346,8cbbe764-20f57346.jpg,images/100k/train/8cbbe764-20f57346.jpg,train,train,snowy,daytime,city street
8cc120a4-5b8aca91,8cc120a4-5b8aca91.jpg,images/100k/train/8cc120a4-5b8aca91.jpg,train,train,clear,daytime,city street
8cd7b842-750c4de2,8cd7b842-750c4de2.jpg,images/100k/train/8cd7b842-750c4de2.jpg,train,train,clear,night,city street
8ce5d71d-d9726a79,8ce5d71d-d9726a79.jpg,images/100k/train/8ce5d71d-d9726a79.jpg,train,train,snowy,daytime,residential
8ce7a074-afe284ac,8ce7a074-afe284ac.jpg,images/100k/train/8ce7a074-afe284ac.jpg,train,train,overcast,daytime,residential
8cf1b0f0-392814a1,8cf1b0f0-392814a1.jpg,images/100k/train/8cf1b0f0-392814a1.jpg,train,train,snowy,daytime,highway
8cf4b477-3e84afbd,8cf4b477-3e84afbd.jpg,images/100k/train/8cf4b477-3e84afbd.jpg,train,train,clear,daytime,highway
8cf4c763-036d95d4,8cf4c763-036d95d4.jpg,images/100k/train/8cf4c763-036d95d4.jpg,train,train,rainy,daytime,city street
8cf6f3fe-e97b65ca,8cf6f3fe-e97b65ca.jpg,images/100k/train/8cf6f3fe-e97b65ca.jpg,train,train,clear,night,highway
8cfb978e-8d8e0401,8cfb978e-8d8e0401.jpg,images/100k/train/8cfb978e-8d8e0401.jpg,train,train,snowy,night,city street
8d02fdcf-432bcd0f,8d02fdcf-432bcd0f.jpg,images/100k/train/8d02fdcf-432bcd0f.jpg,train,train,partly cloudy,daytime,city street
8d04aef3-af51b14a,8d04aef3-af51b14a.jpg,images/100k/train/8d04aef3-af51b14a.jpg,train,train,undefined,daytime,city street
8d089f51-578033f2,8d089f51-578033f2.jpg,images/100k/train/8d089f51-578033f2.jpg,train,train,overcast,dawn/dusk,city street
8d10b6a6-64658d90,8d10b6a6-64658d90.jpg,images/100k/train/8d10b6a6-64658d90.jpg,train,train,clear,daytime,city street
8d35a141-50321eb7,8d35a141-50321eb7.jpg,images/100k/train/8d35a141-50321eb7.jpg,train,train,snowy,daytime,city street
8d3be9a2-2f9a67fe,8d3be9a2-2f9a67fe.jpg,images/100k/train/8d3be9a2-2f9a67fe.jpg,train,train,partly cloudy,daytime,city street
8d4f9e3f-4293dc01,8d4f9e3f-4293dc01.jpg,images/100k/train/8d4f9e3f-4293dc01.jpg,train,train,undefined,daytime,undefined
8d758357-35f387aa,8d758357-35f387aa.jpg,images/100k/train/8d758357-35f387aa.jpg,train,train,partly cloudy,daytime,highway
8d79263b-003acec5,8d79263b-003acec5.jpg,images/100k/train/8d79263b-003acec5.jpg,train,train,snowy,daytime,city street
8d91b68a-57642ce8,8d91b68a-57642ce8.jpg,images/100k/train/8d91b68a-57642ce8.jpg,train,train,snowy,night,residential
8d91b68a-9f5d23c1,8d91b68a-9f5d23c1.jpg,images/100k/train/8d91b68a-9f5d23c1.jpg,train,train,snowy,night,city street
8d9cd3cb-d3ec8153,8d9cd3cb-d3ec8153.jpg,images/100k/train/8d9cd3cb-d3ec8153.jpg,train,train,partly cloudy,daytime,city street
8dbdaa05-435ab237,8dbdaa05-435ab237.jpg,images/100k/train/8dbdaa05-435ab237.jpg,train,train,rainy,night,highway
8dbfc83c-0f683220,8dbfc83c-0f683220.jpg,images/100k/train/8dbfc83c-0f683220.jpg,train,train,undefined,daytime,city street
8dc52be0-563541ab,8dc52be0-563541ab.jpg,images/100k/train/8dc52be0-563541ab.jpg,train,train,clear,night,highway
8dc9c107-078bb236,8dc9c107-078bb236.jpg,images/100k/train/8dc9c107-078bb236.jpg,train,train,clear,daytime,highway
8dcafe5d-9527f6a3,8dcafe5d-9527f6a3.jpg,images/100k/train/8dcafe5d-9527f6a3.jpg,train,train,clear,night,city street
8dd26be9-e94b128f,8dd26be9-e94b128f.jpg,images/100k/train/8dd26be9-e94b128f.jpg,train,train,partly cloudy,daytime,highway
8dd9cd9c-7399df98,8dd9cd9c-7399df98.jpg,images/100k/train/8dd9cd9c-7399df98.jpg,train,train,clear,night,highway
8de6a604-59fa92bf,8de6a604-59fa92bf.jpg,images/100k/train/8de6a604-59fa92bf.jpg,train,train,clear,daytime,city street
8dfd0ed6-2bdf2471,8dfd0ed6-2bdf2471.jpg,images/100k/train/8dfd0ed6-2bdf2471.jpg,train,train,overcast,daytime,city street
8dfd0ed6-d0923263,8dfd0ed6-d0923263.jpg,images/100k/train/8dfd0ed6-d0923263.jpg,train,train,clear,daytime,highway
8e09c9e4-422f4c4f,8e09c9e4-422f4c4f.jpg,images/100k/train/8e09c9e4-422f4c4f.jpg,train,train,overcast,daytime,highway
8e296685-1692f1cc,8e296685-1692f1cc.jpg,images/100k/train/8e296685-1692f1cc.jpg,train,train,clear,night,city street
8e2ef5fa-84a017d7,8e2ef5fa-84a017d7.jpg,images/100k/train/8e2ef5fa-84a017d7.jpg,train,train,undefined,daytime,city street
8e34adc8-b8bd02ba,8e34adc8-b8bd02ba.jpg,images/100k/train/8e34adc8-b8bd02ba.jpg,train,train,clear,night,city street
8e3d2ff6-0a7bdda1,8e3d2ff6-0a7bdda1.jpg,images/100k/train/8e3d2ff6-0a7bdda1.jpg,train,train,clear,daytime,city street
8e664d0f-d4a38126,8e664d0f-d4a38126.jpg,images/100k/train/8e664d0f-d4a38126.jpg,train,train,clear,night,highway
8e70ae00-168078d6,8e70ae00-168078d6.jpg,images/100k/train/8e70ae00-168078d6.jpg,train,train,clear,daytime,city street
8e717722-6f2caff2,8e717722-6f2caff2.jpg,images/100k/train/8e717722-6f2caff2.jpg,train,train,clear,night,city street
8e720571-7ddba7d2,8e720571-7ddba7d2.jpg,images/100k/train/8e720571-7ddba7d2.jpg,train,train,clear,daytime,city street
8e720571-e291e830,8e720571-e291e830.jpg,images/100k/train/8e720571-e291e830.jpg,train,train,snowy,daytime,residential
8e8a8a93-e51d43e1,8e8a8a93-e51d43e1.jpg,images/100k/train/8e8a8a93-e51d43e1.jpg,train,train,clear,night,city street
8e987e82-441edc24,8e987e82-441edc24.jpg,images/100k/train/8e987e82-441edc24.jpg,train,train,clear,night,city street
8e9ea4fe-514a5fbc,8e9ea4fe-514a5fbc.jpg,images/100k/train/8e9ea4fe-514a5fbc.jpg,train,train,clear,night,city street
8ea4a3bd-933fdabb,8ea4a3bd-933fdabb.jpg,images/100k/train/8ea4a3bd-933fdabb.jpg,train,train,snowy,night,city street
8eb4d5bd-72419c66,8eb4d5bd-72419c66.jpg,images/100k/train/8eb4d5bd-72419c66.jpg,train,train,partly cloudy,daytime,city street
8ec44178-0ef924ce,8ec44178-0ef924ce.jpg,images/100k/train/8ec44178-0ef924ce.jpg,train,train,clear,night,residential
8ed3282a-797c1e76,8ed3282a-797c1e76.jpg,images/100k/train/8ed3282a-797c1e76.jpg,train,train,undefined,dawn/dusk,city street
8ed43a59-574c5f4d,8ed43a59-574c5f4d.jpg,images/100k/train/8ed43a59-574c5f4d.jpg,train,train,clear,daytime,city street
8ed7f3ba-5de4c375,8ed7f3ba-5de4c375.jpg,images/100k/train/8ed7f3ba-5de4c375.jpg,train,train,snowy,night,highway
8edb33ee-ec1bc2e0,8edb33ee-ec1bc2e0.jpg,images/100k/train/8edb33ee-ec1bc2e0.jpg,train,train,overcast,daytime,city street
8eefdb64-c04c48da,8eefdb64-c04c48da.jpg,images/100k/train/8eefdb64-c04c48da.jpg,train,train,rainy,daytime,residential
8ef7113f-333e724d,8ef7113f-333e724d.jpg,images/100k/train/8ef7113f-333e724d.jpg,train,train,snowy,daytime,city street
8efe1c05-3a194af2,8efe1c05-3a194af2.jpg,images/100k/train/8efe1c05-3a194af2.jpg,train,train,snowy,daytime,highway
8f02de23-3932d8b5,8f02de23-3932d8b5.jpg,images/100k/train/8f02de23-3932d8b5.jpg,train,train,clear,night,city street
8f1bd156-c216a098,8f1bd156-c216a098.jpg,images/100k/train/8f1bd156-c216a098.jpg,train,train,clear,night,city street
8f1edbaa-b39bae7f,8f1edbaa-b39bae7f.jpg,images/100k/train/8f1edbaa-b39bae7f.jpg,train,train,overcast,daytime,city street
8f2aac00-602798c6,8f2aac00-602798c6.jpg,images/100k/train/8f2aac00-602798c6.jpg,train,train,undefined,daytime,city street
8f2ce9f6-2efc62f5,8f2ce9f6-2efc62f5.jpg,images/100k/train/8f2ce9f6-2efc62f5.jpg,train,train,snowy,daytime,city street
8f3e48fb-70849464,8f3e48fb-70849464.jpg,images/100k/train/8f3e48fb-70849464.jpg,train,train,clear,night,highway
8f4e8530-542f255e,8f4e8530-542f255e.jpg,images/100k/train/8f4e8530-542f255e.jpg,train,train,clear,night,city street
8f589a43-ec3b4fff,8f589a43-ec3b4fff.jpg,images/100k/train/8f589a43-ec3b4fff.jpg,train,train,undefined,daytime,city street
8f5dfe5e-3ad3cec6,8f5dfe5e-3ad3cec6.jpg,images/100k/train/8f5dfe5e-3ad3cec6.jpg,train,train,clear,night,city street
8f60b521-9bc56ae0,8f60b521-9bc56ae0.jpg,images/100k/train/8f60b521-9bc56ae0.jpg,train,train,undefined,daytime,city street
8f63219d-ccfe3c11,8f63219d-ccfe3c11.jpg,images/100k/train/8f63219d-ccfe3c11.jpg,train,train,clear,night,highway
8f66684f-5e737c17,8f66684f-5e737c17.jpg,images/100k/train/8f66684f-5e737c17.jpg,train,train,clear,night,city street
8f7e14b7-340864b2,8f7e14b7-340864b2.jpg,images/100k/train/8f7e14b7-340864b2.jpg,train,train,clear,daytime,city street
8f868dff-2fbb4d18,8f868dff-2fbb4d18.jpg,images/100k/train/8f868dff-2fbb4d18.jpg,train,train,clear,night,city street
8f887b66-b75befaa,8f887b66-b75befaa.jpg,images/100k/train/8f887b66-b75befaa.jpg,train,train,undefined,daytime,highway
8f90ab17-fd3ef30f,8f90ab17-fd3ef30f.jpg,images/100k/train/8f90ab17-fd3ef30f.jpg,train,train,partly cloudy,daytime,city street
8f950c0f-6e4c9a4d,8f950c0f-6e4c9a4d.jpg,images/100k/train/8f950c0f-6e4c9a4d.jpg,train,train,clear,daytime,city street
8f9a82d7-55b5e7a3,8f9a82d7-55b5e7a3.jpg,images/100k/train/8f9a82d7-55b5e7a3.jpg,train,train,clear,daytime,residential
8fa0d429-8be6f1ed,8fa0d429-8be6f1ed.jpg,images/100k/train/8fa0d429-8be6f1ed.jpg,train,train,partly cloudy,daytime,city street
8fa2ead9-365a20a4,8fa2ead9-365a20a4.jpg,images/100k/train/8fa2ead9-365a20a4.jpg,train,train,undefined,dawn/dusk,city street
8fb6a71c-b1f6772b,8fb6a71c-b1f6772b.jpg,images/100k/train/8fb6a71c-b1f6772b.jpg,train,train,undefined,night,city street
8fc12f78-404e5303,8fc12f78-404e5303.jpg,images/100k/train/8fc12f78-404e5303.jpg,train,train,clear,night,city street
8fc12f78-990accf5,8fc12f78-990accf5.jpg,images/100k/train/8fc12f78-990accf5.jpg,train,train,overcast,dawn/dusk,highway
8fc94cc7-04dcf428,8fc94cc7-04dcf428.jpg,images/100k/train/8fc94cc7-04dcf428.jpg,train,train,clear,night,city street
8fd34135-57a7f98f,8fd34135-57a7f98f.jpg,images/100k/train/8fd34135-57a7f98f.jpg,train,train,clear,night,city street
8fd71550-e7b5366e,8fd71550-e7b5366e.jpg,images/100k/train/8fd71550-e7b5366e.jpg,train,train,clear,night,city street
8fdc0d11-9a98debd,8fdc0d11-9a98debd.jpg,images/100k/train/8fdc0d11-9a98debd.jpg,train,train,overcast,daytime,highway
8fdcb909-d400bf9e,8fdcb909-d400bf9e.jpg,images/100k/train/8fdcb909-d400bf9e.jpg,train,train,clear,night,city street
8ff1126e-dc6ba847,8ff1126e-dc6ba847.jpg,images/100k/train/8ff1126e-dc6ba847.jpg,train,train,overcast,daytime,residential
8fffa63a-c5a88a21,8fffa63a-c5a88a21.jpg,images/100k/train/8fffa63a-c5a88a21.jpg,train,train,clear,night,city street
9000c8cb-f7270146,9000c8cb-f7270146.jpg,images/100k/train/9000c8cb-f7270146.jpg,train,train,clear,daytime,highway
90167fcc-9a77e7a4,90167fcc-9a77e7a4.jpg,images/100k/train/90167fcc-9a77e7a4.jpg,train,train,clear,daytime,city street
901fbccc-a4454c87,901fbccc-a4454c87.jpg,images/100k/train/901fbccc-a4454c87.jpg,train,train,undefined,daytime,residential
90263a03-2c29131c,90263a03-2c29131c.jpg,images/100k/train/90263a03-2c29131c.jpg,train,train,clear,night,city street
9041da01-1c14b916,9041da01-1c14b916.jpg,images/100k/train/9041da01-1c14b916.jpg,train,train,undefined,daytime,city street
90489713-0d124cc8,90489713-0d124cc8.jpg,images/100k/train/90489713-0d124cc8.jpg,train,train,clear,night,residential
905143ee-ea3daa73,905143ee-ea3daa73.jpg,images/100k/train/905143ee-ea3daa73.jpg,train,train,clear,daytime,residential
90541fed-cb7a0d0d,90541fed-cb7a0d0d.jpg,images/100k/train/90541fed-cb7a0d0d.jpg,train,train,clear,night,highway
90555ed0-738cf82b,90555ed0-738cf82b.jpg,images/100k/train/90555ed0-738cf82b.jpg,train,train,clear,night,highway
905cc034-d0c09ae5,905cc034-d0c09ae5.jpg,images/100k/train/905cc034-d0c09ae5.jpg,train,train,clear,daytime,city street
906ca9ac-8b76cffa,906ca9ac-8b76cffa.jpg,images/100k/train/906ca9ac-8b76cffa.jpg,train,train,clear,night,city street
90752702-caaf39c5,90752702-caaf39c5.jpg,images/100k/train/90752702-caaf39c5.jpg,train,train,clear,dawn/dusk,highway
90845505-432599b4,90845505-432599b4.jpg,images/100k/train/90845505-432599b4.jpg,train,train,clear,night,highway
90902757-f2f0d594,90902757-f2f0d594.jpg,images/100k/train/90902757-f2f0d594.jpg,train,train,overcast,dawn/dusk,highway
9093ebf1-1283899e,9093ebf1-1283899e.jpg,images/100k/train/9093ebf1-1283899e.jpg,train,train,clear,night,city street
90952271-45471efb,90952271-45471efb.jpg,images/100k/train/90952271-45471efb.jpg,train,train,overcast,daytime,city street
90a58aff-f6656a6a,90a58aff-f6656a6a.jpg,images/100k/train/90a58aff-f6656a6a.jpg,train,train,clear,night,city street
90c5e21c-da13cd1b,90c5e21c-da13cd1b.jpg,images/100k/train/90c5e21c-da13cd1b.jpg,train,train,clear,daytime,city street
90c68952-28a66cb7,90c68952-28a66cb7.jpg,images/100k/train/90c68952-28a66cb7.jpg,train,train,clear,daytime,highway
90c8e683-9b8abd63,90c8e683-9b8abd63.jpg,images/100k/train/90c8e683-9b8abd63.jpg,train,train,clear,night,highway
90debbbb-83608d7f,90debbbb-83608d7f.jpg,images/100k/train/90debbbb-83608d7f.jpg,train,train,clear,night,city street
90df14d0-62ab3415,90df14d0-62ab3415.jpg,images/100k/train/90df14d0-62ab3415.jpg,train,train,rainy,daytime,city street
90e6fe7a-4ebdf9f7,90e6fe7a-4ebdf9f7.jpg,images/100k/train/90e6fe7a-4ebdf9f7.jpg,train,train,partly cloudy,daytime,city street
90e9b389-2ca55ac2,90e9b389-2ca55ac2.jpg,images/100k/train/90e9b389-2ca55ac2.jpg,train,train,overcast,daytime,city street
91017be8-d58e310e,91017be8-d58e310e.jpg,images/100k/train/91017be8-d58e310e.jpg,train,train,clear,daytime,residential
910cb6f4-96a25693,910cb6f4-96a25693.jpg,images/100k/train/910cb6f4-96a25693.jpg,train,train,clear,night,city street
9112b82b-ad58c502,9112b82b-ad58c502.jpg,images/100k/train/9112b82b-ad58c502.jpg,train,train,snowy,night,city street
91279ef1-a2d1bb1f,91279ef1-a2d1bb1f.jpg,images/100k/train/91279ef1-a2d1bb1f.jpg,train,train,clear,night,city street
912f8f6f-4164f8d5,912f8f6f-4164f8d5.jpg,images/100k/train/912f8f6f-4164f8d5.jpg,train,train,overcast,daytime,city street
91319d2a-6d7551d7,91319d2a-6d7551d7.jpg,images/100k/train/91319d2a-6d7551d7.jpg,train,train,clear,daytime,city street
914860b3-9a957621,914860b3-9a957621.jpg,images/100k/train/914860b3-9a957621.jpg,train,train,clear,night,city street
914e1c97-b82f1471,914e1c97-b82f1471.jpg,images/100k/train/914e1c97-b82f1471.jpg,train,train,clear,night,highway
914f1975-f50bf07f,914f1975-f50bf07f.jpg,images/100k/train/914f1975-f50bf07f.jpg,train,train,clear,night,city street
914f9c23-20073072,914f9c23-20073072.jpg,images/100k/train/914f9c23-20073072.jpg,train,train,undefined,daytime,city street
9151b44f-6152f97c,9151b44f-6152f97c.jpg,images/100k/train/9151b44f-6152f97c.jpg,train,train,clear,night,city street
91592a23-5fc26617,91592a23-5fc26617.jpg,images/100k/train/91592a23-5fc26617.jpg,train,train,snowy,daytime,residential
9159d511-f377106a,9159d511-f377106a.jpg,images/100k/train/9159d511-f377106a.jpg,train,train,partly cloudy,daytime,residential
9166f16b-134178d1,9166f16b-134178d1.jpg,images/100k/train/9166f16b-134178d1.jpg,train,train,snowy,night,residential
917671cc-9466ad4a,917671cc-9466ad4a.jpg,images/100k/train/917671cc-9466ad4a.jpg,train,train,clear,night,city street
9179cef0-9f3fa9c5,9179cef0-9f3fa9c5.jpg,images/100k/train/9179cef0-9f3fa9c5.jpg,train,train,partly cloudy,daytime,highway
918510f5-c6cf36b6,918510f5-c6cf36b6.jpg,images/100k/train/918510f5-c6cf36b6.jpg,train,train,clear,night,highway
9185b6b6-acdbad17,9185b6b6-acdbad17.jpg,images/100k/train/9185b6b6-acdbad17.jpg,train,train,clear,daytime,city street
9190cbf4-e9ffa0a7,9190cbf4-e9ffa0a7.jpg,images/100k/train/9190cbf4-e9ffa0a7.jpg,train,train,clear,daytime,highway
91a701c7-3450b2e7,91a701c7-3450b2e7.jpg,images/100k/train/91a701c7-3450b2e7.jpg,train,train,clear,daytime,city street
91bf103f-46ea9a57,91bf103f-46ea9a57.jpg,images/100k/train/91bf103f-46ea9a57.jpg,train,train,snowy,night,city street
91c323d2-d95edd81,91c323d2-d95edd81.jpg,images/100k/train/91c323d2-d95edd81.jpg,train,train,rainy,daytime,residential
91d46242-1f77dc7b,91d46242-1f77dc7b.jpg,images/100k/train/91d46242-1f77dc7b.jpg,train,train,clear,night,city street
91dcc4eb-55507556,91dcc4eb-55507556.jpg,images/100k/train/91dcc4eb-55507556.jpg,train,train,clear,night,city street
91f20f10-488e2c85,91f20f10-488e2c85.jpg,images/100k/train/91f20f10-488e2c85.jpg,train,train,partly cloudy,daytime,highway
92039d83-5dbc9c13,92039d83-5dbc9c13.jpg,images/100k/train/92039d83-5dbc9c13.jpg,train,train,clear,night,city street
920c88a6-50c56fa8,920c88a6-50c56fa8.jpg,images/100k/train/920c88a6-50c56fa8.jpg,train,train,clear,daytime,highway
921d5b50-dae8e94d,921d5b50-dae8e94d.jpg,images/100k/train/921d5b50-dae8e94d.jpg,train,train,clear,night,residential
921e21e6-f4b8427b,921e21e6-f4b8427b.jpg,images/100k/train/921e21e6-f4b8427b.jpg,train,train,clear,daytime,city street
922e4536-78bc7f29,922e4536-78bc7f29.jpg,images/100k/train/922e4536-78bc7f29.jpg,train,train,rainy,daytime,highway
923abfac-b20768ae,923abfac-b20768ae.jpg,images/100k/train/923abfac-b20768ae.jpg,train,train,clear,night,highway
9240694a-f181c695,9240694a-f181c695.jpg,images/100k/train/9240694a-f181c695.jpg,train,train,undefined,dawn/dusk,residential
924d5601-85b4b5e4,924d5601-85b4b5e4.jpg,images/100k/train/924d5601-85b4b5e4.jpg,train,train,overcast,daytime,residential
925129f1-0a18eee6,925129f1-0a18eee6.jpg,images/100k/train/925129f1-0a18eee6.jpg,train,train,overcast,daytime,highway
925934c0-2dcc25b1,925934c0-2dcc25b1.jpg,images/100k/train/925934c0-2dcc25b1.jpg,train,train,overcast,daytime,highway
9275c992-3b256862,9275c992-3b256862.jpg,images/100k/train/9275c992-3b256862.jpg,train,train,clear,daytime,residential
9275c992-590b33de,9275c992-590b33de.jpg,images/100k/train/9275c992-590b33de.jpg,train,train,undefined,daytime,residential
92779fe7-50fb80c7,92779fe7-50fb80c7.jpg,images/100k/train/92779fe7-50fb80c7.jpg,train,train,undefined,night,highway
928146ea-6d49957a,928146ea-6d49957a.jpg,images/100k/train/928146ea-6d49957a.jpg,train,train,clear,night,residential
929cedf8-7d85cd14,929cedf8-7d85cd14.jpg,images/100k/train/929cedf8-7d85cd14.jpg,train,train,overcast,daytime,highway
929faa5d-46dfd922,929faa5d-46dfd922.jpg,images/100k/train/929faa5d-46dfd922.jpg,train,train,clear,night,highway
92b61272-14379f37,92b61272-14379f37.jpg,images/100k/train/92b61272-14379f37.jpg,train,train,clear,night,city street
92b82734-403fdfe7,92b82734-403fdfe7.jpg,images/100k/train/92b82734-403fdfe7.jpg,train,train,partly cloudy,dawn/dusk,highway
92c4d958-a95d9baa,92c4d958-a95d9baa.jpg,images/100k/train/92c4d958-a95d9baa.jpg,train,train,clear,daytime,highway
92c959b6-e566673c,92c959b6-e566673c.jpg,images/100k/train/92c959b6-e566673c.jpg,train,train,overcast,dawn/dusk,highway
92d68cc0-b0ca325f,92d68cc0-b0ca325f.jpg,images/100k/train/92d68cc0-b0ca325f.jpg,train,train,clear,night,residential
92e0bf3b-a3532fb2,92e0bf3b-a3532fb2.jpg,images/100k/train/92e0bf3b-a3532fb2.jpg,train,train,clear,night,city street
92edb403-c9740fa8,92edb403-c9740fa8.jpg,images/100k/train/92edb403-c9740fa8.jpg,train,train,clear,daytime,city street
930064d5-29a51eae,930064d5-29a51eae.jpg,images/100k/train/930064d5-29a51eae.jpg,train,train,undefined,daytime,city street
9301d1f7-a2f8acbd,9301d1f7-a2f8acbd.jpg,images/100k/train/9301d1f7-a2f8acbd.jpg,train,train,clear,night,highway
930d5775-70a083a0,930d5775-70a083a0.jpg,images/100k/train/930d5775-70a083a0.jpg,train,train,clear,daytime,city street
93121d1c-cace6f69,93121d1c-cace6f69.jpg,images/100k/train/93121d1c-cace6f69.jpg,train,train,snowy,night,city street
932f09ad-61dc9a89,932f09ad-61dc9a89.jpg,images/100k/train/932f09ad-61dc9a89.jpg,train,train,clear,dawn/dusk,city street
9335ee35-095e8e41,9335ee35-095e8e41.jpg,images/100k/train/9335ee35-095e8e41.jpg,train,train,partly cloudy,daytime,highway
933651d0-c44d04b1,933651d0-c44d04b1.jpg,images/100k/train/933651d0-c44d04b1.jpg,train,train,overcast,daytime,city street
933a2d6e-2a43f241,933a2d6e-2a43f241.jpg,images/100k/train/933a2d6e-2a43f241.jpg,train,train,undefined,daytime,highway
934e6efc-034a9a3f,934e6efc-034a9a3f.jpg,images/100k/train/934e6efc-034a9a3f.jpg,train,train,clear,night,highway
93580cc7-f9aa5551,93580cc7-f9aa5551.jpg,images/100k/train/93580cc7-f9aa5551.jpg,train,train,undefined,daytime,city street
9360a0c8-59d67f02,9360a0c8-59d67f02.jpg,images/100k/train/9360a0c8-59d67f02.jpg,train,train,clear,night,city street
93820c7b-2d28259a,93820c7b-2d28259a.jpg,images/100k/train/93820c7b-2d28259a.jpg,train,train,clear,daytime,city street
93821de4-e09ef772,93821de4-e09ef772.jpg,images/100k/train/93821de4-e09ef772.jpg,train,train,clear,night,residential
9387ecfa-ecfd1d26,9387ecfa-ecfd1d26.jpg,images/100k/train/9387ecfa-ecfd1d26.jpg,train,train,overcast,daytime,residential
9389dff4-aec00ae0,9389dff4-aec00ae0.jpg,images/100k/train/9389dff4-aec00ae0.jpg,train,train,undefined,daytime,city street
9391391d-c2ebdb44,9391391d-c2ebdb44.jpg,images/100k/train/9391391d-c2ebdb44.jpg,train,train,clear,daytime,highway
9392f6f6-cf9e47b7,9392f6f6-cf9e47b7.jpg,images/100k/train/9392f6f6-cf9e47b7.jpg,train,train,overcast,dawn/dusk,residential
939f1b0d-41e284a8,939f1b0d-41e284a8.jpg,images/100k/train/939f1b0d-41e284a8.jpg,train,train,overcast,daytime,highway
93b93cd9-5debabca,93b93cd9-5debabca.jpg,images/100k/train/93b93cd9-5debabca.jpg,train,train,undefined,daytime,city street
93c10377-25b1f12c,93c10377-25b1f12c.jpg,images/100k/train/93c10377-25b1f12c.jpg,train,train,clear,night,highway
93c272e5-53e3a8f8,93c272e5-53e3a8f8.jpg,images/100k/train/93c272e5-53e3a8f8.jpg,train,train,clear,night,city street
93c4b378-d2bcc2c8,93c4b378-d2bcc2c8.jpg,images/100k/train/93c4b378-d2bcc2c8.jpg,train,train,partly cloudy,daytime,city street
93d5292b-e62747cf,93d5292b-e62747cf.jpg,images/100k/train/93d5292b-e62747cf.jpg,train,train,rainy,daytime,residential
93d79d01-10fe146a,93d79d01-10fe146a.jpg,images/100k/train/93d79d01-10fe146a.jpg,train,train,undefined,daytime,city street
93df80e9-18919f09,93df80e9-18919f09.jpg,images/100k/train/93df80e9-18919f09.jpg,train,train,partly cloudy,dawn/dusk,city street
93e98228-79a565f7,93e98228-79a565f7.jpg,images/100k/train/93e98228-79a565f7.jpg,train,train,overcast,dawn/dusk,city street
93f409ee-c6757382,93f409ee-c6757382.jpg,images/100k/train/93f409ee-c6757382.jpg,train,train,clear,night,highway
93f924e1-1271961b,93f924e1-1271961b.jpg,images/100k/train/93f924e1-1271961b.jpg,train,train,partly cloudy,daytime,highway
9407c42c-a2c616de,9407c42c-a2c616de.jpg,images/100k/train/9407c42c-a2c616de.jpg,train,train,clear,night,city street
941d9346-bf19d83d,941d9346-bf19d83d.jpg,images/100k/train/941d9346-bf19d83d.jpg,train,train,overcast,daytime,city street
94217757-cf20a281,94217757-cf20a281.jpg,images/100k/train/94217757-cf20a281.jpg,train,train,overcast,daytime,highway
943a830f-faccdf0b,943a830f-faccdf0b.jpg,images/100k/train/943a830f-faccdf0b.jpg,train,train,clear,night,highway
94521bea-75cd291f,94521bea-75cd291f.jpg,images/100k/train/94521bea-75cd291f.jpg,train,train,clear,night,city street
9458cf7c-c835a7bb,9458cf7c-c835a7bb.jpg,images/100k/train/9458cf7c-c835a7bb.jpg,train,train,undefined,daytime,city street
94595ccd-44fd99e4,94595ccd-44fd99e4.jpg,images/100k/train/94595ccd-44fd99e4.jpg,train,train,clear,daytime,highway
94668779-0f9036fc,94668779-0f9036fc.jpg,images/100k/train/94668779-0f9036fc.jpg,train,train,clear,night,city street
94671f04-cce0d1f9,94671f04-cce0d1f9.jpg,images/100k/train/94671f04-cce0d1f9.jpg,train,train,undefined,daytime,highway
946a6e0f-6a377064,946a6e0f-6a377064.jpg,images/100k/train/946a6e0f-6a377064.jpg,train,train,clear,daytime,city street
946aefe4-9aae109b,946aefe4-9aae109b.jpg,images/100k/train/946aefe4-9aae109b.jpg,train,train,clear,night,city street
946c59a2-eb1b8930,946c59a2-eb1b8930.jpg,images/100k/train/946c59a2-eb1b8930.jpg,train,train,clear,daytime,city street
9498af06-91111910,9498af06-91111910.jpg,images/100k/train/9498af06-91111910.jpg,train,train,clear,daytime,city street
94a00925-8af378e0,94a00925-8af378e0.jpg,images/100k/train/94a00925-8af378e0.jpg,train,train,partly cloudy,daytime,highway
94a0b856-7f907ae0,94a0b856-7f907ae0.jpg,images/100k/train/94a0b856-7f907ae0.jpg,train,train,overcast,daytime,residential
94a9e602-eceea534,94a9e602-eceea534.jpg,images/100k/train/94a9e602-eceea534.jpg,train,train,clear,night,city street
94ac50fd-4c1eaac0,94ac50fd-4c1eaac0.jpg,images/100k/train/94ac50fd-4c1eaac0.jpg,train,train,clear,night,highway
94ad467e-5eb0a2e7,94ad467e-5eb0a2e7.jpg,images/100k/train/94ad467e-5eb0a2e7.jpg,train,train,undefined,daytime,city street
94bdecb9-40a957dc,94bdecb9-40a957dc.jpg,images/100k/train/94bdecb9-40a957dc.jpg,train,train,clear,night,city street
94c8c192-f031f472,94c8c192-f031f472.jpg,images/100k/train/94c8c192-f031f472.jpg,train,train,clear,dawn/dusk,city street
94cb06bf-e2e8bba3,94cb06bf-e2e8bba3.jpg,images/100k/train/94cb06bf-e2e8bba3.jpg,train,train,clear,daytime,highway
94ce6c9a-db1feba8,94ce6c9a-db1feba8.jpg,images/100k/train/94ce6c9a-db1feba8.jpg,train,train,snowy,night,city street
94d466bd-2eec8c3c,94d466bd-2eec8c3c.jpg,images/100k/train/94d466bd-2eec8c3c.jpg,train,train,undefined,daytime,city street
94dbcb2e-0bce6b07,94dbcb2e-0bce6b07.jpg,images/100k/train/94dbcb2e-0bce6b07.jpg,train,train,clear,daytime,city street
94ee2ecf-12687fbe,94ee2ecf-12687fbe.jpg,images/100k/train/94ee2ecf-12687fbe.jpg,train,train,clear,night,highway
94f756fc-8c6fd4d5,94f756fc-8c6fd4d5.jpg,images/100k/train/94f756fc-8c6fd4d5.jpg,train,train,clear,night,city street
94fc6cd6-456a52df,94fc6cd6-456a52df.jpg,images/100k/train/94fc6cd6-456a52df.jpg,train,train,partly cloudy,daytime,highway
950257b7-ca4026a8,950257b7-ca4026a8.jpg,images/100k/train/950257b7-ca4026a8.jpg,train,train,clear,daytime,city street
95166bb7-7ac9007d,95166bb7-7ac9007d.jpg,images/100k/train/95166bb7-7ac9007d.jpg,train,train,clear,night,city street
9517b0a1-fac75e56,9517b0a1-fac75e56.jpg,images/100k/train/9517b0a1-fac75e56.jpg,train,train,clear,night,city street
9530facd-cbd5c2dc,9530facd-cbd5c2dc.jpg,images/100k/train/9530facd-cbd5c2dc.jpg,train,train,undefined,daytime,city street
9531b26a-a6c40130,9531b26a-a6c40130.jpg,images/100k/train/9531b26a-a6c40130.jpg,train,train,snowy,daytime,highway
9532f716-837d5b69,9532f716-837d5b69.jpg,images/100k/train/9532f716-837d5b69.jpg,train,train,clear,daytime,city street
9533e484-61f73325,9533e484-61f73325.jpg,images/100k/train/9533e484-61f73325.jpg,train,train,snowy,daytime,city street
95347766-2ae8cc76,95347766-2ae8cc76.jpg,images/100k/train/95347766-2ae8cc76.jpg,train,train,partly cloudy,dawn/dusk,highway
95369db2-e688db9a,95369db2-e688db9a.jpg,images/100k/train/95369db2-e688db9a.jpg,train,train,overcast,daytime,city street
9542db5e-641d2429,9542db5e-641d2429.jpg,images/100k/train/9542db5e-641d2429.jpg,train,train,clear,night,highway
9547bc26-8d6387d0,9547bc26-8d6387d0.jpg,images/100k/train/9547bc26-8d6387d0.jpg,train,train,clear,night,city street
955012ef-55c1a2c8,955012ef-55c1a2c8.jpg,images/100k/train/955012ef-55c1a2c8.jpg,train,train,partly cloudy,daytime,highway
955bd35b-f14f3eec,955bd35b-f14f3eec.jpg,images/100k/train/955bd35b-f14f3eec.jpg,train,train,clear,night,residential
9566f38d-d9b05e55,9566f38d-d9b05e55.jpg,images/100k/train/9566f38d-d9b05e55.jpg,train,train,clear,night,city street
959b01c4-450e8151,959b01c4-450e8151.jpg,images/100k/train/959b01c4-450e8151.jpg,train,train,overcast,daytime,highway
95a12ab0-77250da9,95a12ab0-77250da9.jpg,images/100k/train/95a12ab0-77250da9.jpg,train,train,undefined,daytime,highway
95a9f88c-45982a82,95a9f88c-45982a82.jpg,images/100k/train/95a9f88c-45982a82.jpg,train,train,undefined,daytime,residential
95b422fa-96ecd343,95b422fa-96ecd343.jpg,images/100k/train/95b422fa-96ecd343.jpg,train,train,overcast,daytime,highway
95d8da14-f6e0bd09,95d8da14-f6e0bd09.jpg,images/100k/train/95d8da14-f6e0bd09.jpg,train,train,clear,daytime,city street
95e3be8c-36ff6de5,95e3be8c-36ff6de5.jpg,images/100k/train/95e3be8c-36ff6de5.jpg,train,train,clear,night,city street
95ec7c76-30c42a5a,95ec7c76-30c42a5a.jpg,images/100k/train/95ec7c76-30c42a5a.jpg,train,train,clear,night,highway
95fd086b-9131eaf0,95fd086b-9131eaf0.jpg,images/100k/train/95fd086b-9131eaf0.jpg,train,train,clear,night,highway
96113f2c-556915e5,96113f2c-556915e5.jpg,images/100k/train/96113f2c-556915e5.jpg,train,train,clear,daytime,residential
9617d976-c59e0e7d,9617d976-c59e0e7d.jpg,images/100k/train/9617d976-c59e0e7d.jpg,train,train,clear,night,city street
9623d0c6-9ae5872e,9623d0c6-9ae5872e.jpg,images/100k/train/9623d0c6-9ae5872e.jpg,train,train,clear,night,city street
962fc1cb-841c2b94,962fc1cb-841c2b94.jpg,images/100k/train/962fc1cb-841c2b94.jpg,train,train,clear,night,city street
9634ddd6-3e06c016,9634ddd6-3e06c016.jpg,images/100k/train/9634ddd6-3e06c016.jpg,train,train,clear,night,city street
96378c9c-f609b374,96378c9c-f609b374.jpg,images/100k/train/96378c9c-f609b374.jpg,train,train,rainy,daytime,city street
963abc08-d1e86952,963abc08-d1e86952.jpg,images/100k/train/963abc08-d1e86952.jpg,train,train,clear,night,highway
964067da-5e07fb58,964067da-5e07fb58.jpg,images/100k/train/964067da-5e07fb58.jpg,train,train,clear,daytime,highway
96499ab8-e7e1ca76,96499ab8-e7e1ca76.jpg,images/100k/train/96499ab8-e7e1ca76.jpg,train,train,rainy,night,highway
965c5357-63239d8f,965c5357-63239d8f.jpg,images/100k/train/965c5357-63239d8f.jpg,train,train,partly cloudy,daytime,highway
965d63c1-64c3247d,965d63c1-64c3247d.jpg,images/100k/train/965d63c1-64c3247d.jpg,train,train,clear,daytime,residential
966c4889-367a6fa6,966c4889-367a6fa6.jpg,images/100k/train/966c4889-367a6fa6.jpg,train,train,clear,daytime,residential
966f1ca5-cdae3d57,966f1ca5-cdae3d57.jpg,images/100k/train/966f1ca5-cdae3d57.jpg,train,train,clear,daytime,highway
9673b271-05ceab30,9673b271-05ceab30.jpg,images/100k/train/9673b271-05ceab30.jpg,train,train,undefined,daytime,city street
96929662-36778607,96929662-36778607.jpg,images/100k/train/96929662-36778607.jpg,train,train,clear,night,city street
969d628f-24f9db86,969d628f-24f9db86.jpg,images/100k/train/969d628f-24f9db86.jpg,train,train,rainy,daytime,city street
969f2c2a-7c7db900,969f2c2a-7c7db900.jpg,images/100k/train/969f2c2a-7c7db900.jpg,train,train,clear,daytime,highway
96a298f2-49de7a79,96a298f2-49de7a79.jpg,images/100k/train/96a298f2-49de7a79.jpg,train,train,rainy,daytime,highway
96a9c033-a552017e,96a9c033-a552017e.jpg,images/100k/train/96a9c033-a552017e.jpg,train,train,clear,daytime,city street
96aed891-1ee69174,96aed891-1ee69174.jpg,images/100k/train/96aed891-1ee69174.jpg,train,train,clear,night,city street
96aed891-644751f1,96aed891-644751f1.jpg,images/100k/train/96aed891-644751f1.jpg,train,train,clear,night,highway
96be86fa-0686ec8e,96be86fa-0686ec8e.jpg,images/100k/train/96be86fa-0686ec8e.jpg,train,train,rainy,daytime,city street
96be86fa-9eb6d813,96be86fa-9eb6d813.jpg,images/100k/train/96be86fa-9eb6d813.jpg,train,train,overcast,daytime,highway
96d7800c-c35356a2,96d7800c-c35356a2.jpg,images/100k/train/96d7800c-c35356a2.jpg,train,train,clear,daytime,residential
96dd1db0-e1860279,96dd1db0-e1860279.jpg,images/100k/train/96dd1db0-e1860279.jpg,train,train,snowy,daytime,city street
96de49a7-6f4d923c,96de49a7-6f4d923c.jpg,images/100k/train/96de49a7-6f4d923c.jpg,train,train,undefined,daytime,highway
96ef1bcd-50c05237,96ef1bcd-50c05237.jpg,images/100k/train/96ef1bcd-50c05237.jpg,train,train,clear,night,highway
970e9f28-178a5309,970e9f28-178a5309.jpg,images/100k/train/970e9f28-178a5309.jpg,train,train,overcast,daytime,residential
972c9705-bdd46b45,972c9705-bdd46b45.jpg,images/100k/train/972c9705-bdd46b45.jpg,train,train,clear,daytime,residential
97334ca8-06155aae,97334ca8-06155aae.jpg,images/100k/train/97334ca8-06155aae.jpg,train,train,clear,night,highway
9749f4fd-f02114a9,9749f4fd-f02114a9.jpg,images/100k/train/9749f4fd-f02114a9.jpg,train,train,rainy,daytime,city street
97763719-b30dcce7,97763719-b30dcce7.jpg,images/100k/train/97763719-b30dcce7.jpg,train,train,overcast,daytime,city street
977b8906-7e0dbdbd,977b8906-7e0dbdbd.jpg,images/100k/train/977b8906-7e0dbdbd.jpg,train,train,clear,daytime,residential
9785ec7b-8a28c4a2,9785ec7b-8a28c4a2.jpg,images/100k/train/9785ec7b-8a28c4a2.jpg,train,train,rainy,dawn/dusk,residential
9786a4a5-92dcda88,9786a4a5-92dcda88.jpg,images/100k/train/9786a4a5-92dcda88.jpg,train,train,undefined,daytime,city street
97877501-d6e1c211,97877501-d6e1c211.jpg,images/100k/train/97877501-d6e1c211.jpg,train,train,clear,night,highway
97b43230-cea8e28d,97b43230-cea8e28d.jpg,images/100k/train/97b43230-cea8e28d.jpg,train,train,clear,daytime,city street
97b65dd9-4d655711,97b65dd9-4d655711.jpg,images/100k/train/97b65dd9-4d655711.jpg,train,train,clear,dawn/dusk,highway
97c07e11-66ea53ea,97c07e11-66ea53ea.jpg,images/100k/train/97c07e11-66ea53ea.jpg,train,train,clear,night,city street
97c43042-913e3f12,97c43042-913e3f12.jpg,images/100k/train/97c43042-913e3f12.jpg,train,train,clear,night,city street
97c452f9-071d2d79,97c452f9-071d2d79.jpg,images/100k/train/97c452f9-071d2d79.jpg,train,train,undefined,daytime,city street
97cf9b63-7bf7d1a5,97cf9b63-7bf7d1a5.jpg,images/100k/train/97cf9b63-7bf7d1a5.jpg,train,train,undefined,dawn/dusk,residential
97d47cfc-923c6bd6,97d47cfc-923c6bd6.jpg,images/100k/train/97d47cfc-923c6bd6.jpg,train,train,overcast,daytime,city street
97f86d42-c2a5f504,97f86d42-c2a5f504.jpg,images/100k/train/97f86d42-c2a5f504.jpg,train,train,undefined,daytime,city street
98240374-17fb2fb7,98240374-17fb2fb7.jpg,images/100k/train/98240374-17fb2fb7.jpg,train,train,clear,night,highway
98320beb-6d75cc25,98320beb-6d75cc25.jpg,images/100k/train/98320beb-6d75cc25.jpg,train,train,undefined,daytime,city street
9833851c-ac299c1e,9833851c-ac299c1e.jpg,images/100k/train/9833851c-ac299c1e.jpg,train,train,clear,night,highway
983c1a88-cb9d0223,983c1a88-cb9d0223.jpg,images/100k/train/983c1a88-cb9d0223.jpg,train,train,partly cloudy,dawn/dusk,highway
9841436f-d46f424a,9841436f-d46f424a.jpg,images/100k/train/9841436f-d46f424a.jpg,train,train,clear,daytime,highway
98559c8a-89727903,98559c8a-89727903.jpg,images/100k/train/98559c8a-89727903.jpg,train,train,undefined,dawn/dusk,city street
9869c466-0849c793,9869c466-0849c793.jpg,images/100k/train/9869c466-0849c793.jpg,train,train,clear,night,highway
986aed89-271687ff,986aed89-271687ff.jpg,images/100k/train/986aed89-271687ff.jpg,train,train,undefined,daytime,residential
986db0a1-9ac67896,986db0a1-9ac67896.jpg,images/100k/train/986db0a1-9ac67896.jpg,train,train,clear,night,highway
986ffb4e-af9caf6b,986ffb4e-af9caf6b.jpg,images/100k/train/986ffb4e-af9caf6b.jpg,train,train,clear,night,city street
987f2f46-2bfcd3fb,987f2f46-2bfcd3fb.jpg,images/100k/train/987f2f46-2bfcd3fb.jpg,train,train,clear,night,city street
987f7120-14c5e6ee,987f7120-14c5e6ee.jpg,images/100k/train/987f7120-14c5e6ee.jpg,train,train,rainy,night,city street
9881157a-91099773,9881157a-91099773.jpg,images/100k/train/9881157a-91099773.jpg,train,train,clear,night,city street
9886e530-f1afa829,9886e530-f1afa829.jpg,images/100k/train/9886e530-f1afa829.jpg,train,train,clear,night,city street
9889fc83-8381aadf,9889fc83-8381aadf.jpg,images/100k/train/9889fc83-8381aadf.jpg,train,train,clear,daytime,city street
988c783b-d7742ed1,988c783b-d7742ed1.jpg,images/100k/train/988c783b-d7742ed1.jpg,train,train,snowy,night,city street
98930643-48d8e3db,98930643-48d8e3db.jpg,images/100k/train/98930643-48d8e3db.jpg,train,train,clear,night,highway
98ae55ec-9b97762e,98ae55ec-9b97762e.jpg,images/100k/train/98ae55ec-9b97762e.jpg,train,train,rainy,night,city street
98ae55ec-c5c9d747,98ae55ec-c5c9d747.jpg,images/100k/train/98ae55ec-c5c9d747.jpg,train,train,rainy,night,city street
98b77c73-8142be0d,98b77c73-8142be0d.jpg,images/100k/train/98b77c73-8142be0d.jpg,train,train,snowy,daytime,city street
98d6a81b-56a0a276,98d6a81b-56a0a276.jpg,images/100k/train/98d6a81b-56a0a276.jpg,train,train,undefined,undefined,tunnel
98dbf2f0-2dcdc33f,98dbf2f0-2dcdc33f.jpg,images/100k/train/98dbf2f0-2dcdc33f.jpg,train,train,snowy,daytime,city street
98eaf548-25e9537c,98eaf548-25e9537c.jpg,images/100k/train/98eaf548-25e9537c.jpg,train,train,partly cloudy,daytime,city street
98eaf548-abea11bb,98eaf548-abea11bb.jpg,images/100k/train/98eaf548-abea11bb.jpg,train,train,overcast,daytime,residential
98f6f3b6-5421af62,98f6f3b6-5421af62.jpg,images/100k/train/98f6f3b6-5421af62.jpg,train,train,snowy,dawn/dusk,city street
98fc3b71-8c3a18d2,98fc3b71-8c3a18d2.jpg,images/100k/train/98fc3b71-8c3a18d2.jpg,train,train,clear,daytime,city street
9900071d-005adb34,9900071d-005adb34.jpg,images/100k/train/9900071d-005adb34.jpg,train,train,undefined,daytime,city street
99050de2-2ecb78c8,99050de2-2ecb78c8.jpg,images/100k/train/99050de2-2ecb78c8.jpg,train,train,rainy,night,city street
990f97bb-f28313b3,990f97bb-f28313b3.jpg,images/100k/train/990f97bb-f28313b3.jpg,train,train,clear,night,city street
99131a21-b04b5894,99131a21-b04b5894.jpg,images/100k/train/99131a21-b04b5894.jpg,train,train,clear,dawn/dusk,city street
99187d06-8cf94e63,99187d06-8cf94e63.jpg,images/100k/train/99187d06-8cf94e63.jpg,train,train,clear,night,highway
99248f54-33c7a29a,99248f54-33c7a29a.jpg,images/100k/train/99248f54-33c7a29a.jpg,train,train,clear,daytime,city street
99282504-399efc18,99282504-399efc18.jpg,images/100k/train/99282504-399efc18.jpg,train,train,clear,daytime,city street
9930eb8f-7a302287,9930eb8f-7a302287.jpg,images/100k/train/9930eb8f-7a302287.jpg,train,train,rainy,night,city street
994376dd-4e12394f,994376dd-4e12394f.jpg,images/100k/train/994376dd-4e12394f.jpg,train,train,clear,night,residential
9945c6d7-359ac7bb,9945c6d7-359ac7bb.jpg,images/100k/train/9945c6d7-359ac7bb.jpg,train,train,clear,night,city street
9948d09e-c031e817,9948d09e-c031e817.jpg,images/100k/train/9948d09e-c031e817.jpg,train,train,overcast,daytime,city street
99506bb8-eb823040,99506bb8-eb823040.jpg,images/100k/train/99506bb8-eb823040.jpg,train,train,snowy,night,city street
995a32ec-43e69080,995a32ec-43e69080.jpg,images/100k/train/995a32ec-43e69080.jpg,train,train,clear,night,city street
995d9c96-25af2fce,995d9c96-25af2fce.jpg,images/100k/train/995d9c96-25af2fce.jpg,train,train,undefined,daytime,city street
996d57c7-0040c4d0,996d57c7-0040c4d0.jpg,images/100k/train/996d57c7-0040c4d0.jpg,train,train,clear,night,city street
999ad180-337a0d57,999ad180-337a0d57.jpg,images/100k/train/999ad180-337a0d57.jpg,train,train,clear,daytime,city street
999d99fa-6bd7c5a8,999d99fa-6bd7c5a8.jpg,images/100k/train/999d99fa-6bd7c5a8.jpg,train,train,clear,daytime,highway
99b37fef-c213a367,99b37fef-c213a367.jpg,images/100k/train/99b37fef-c213a367.jpg,train,train,snowy,dawn/dusk,city street
99b88887-cbbc82fe,99b88887-cbbc82fe.jpg,images/100k/train/99b88887-cbbc82fe.jpg,train,train,clear,night,highway
99bfb995-9c7f5e69,99bfb995-9c7f5e69.jpg,images/100k/train/99bfb995-9c7f5e69.jpg,train,train,clear,night,city street
99c2a804-aee080ad,99c2a804-aee080ad.jpg,images/100k/train/99c2a804-aee080ad.jpg,train,train,rainy,daytime,city street
99e56d81-b2cb2353,99e56d81-b2cb2353.jpg,images/100k/train/99e56d81-b2cb2353.jpg,train,train,snowy,night,highway
99f4b449-6edba231,99f4b449-6edba231.jpg,images/100k/train/99f4b449-6edba231.jpg,train,train,clear,daytime,residential
99fb4d1e-bc928c06,99fb4d1e-bc928c06.jpg,images/100k/train/99fb4d1e-bc928c06.jpg,train,train,overcast,daytime,highway
9a04fcf2-030e5b67,9a04fcf2-030e5b67.jpg,images/100k/train/9a04fcf2-030e5b67.jpg,train,train,overcast,daytime,highway
9a101dc0-f591047a,9a101dc0-f591047a.jpg,images/100k/train/9a101dc0-f591047a.jpg,train,train,clear,night,city street
9a1b4cdf-c05b8aa7,9a1b4cdf-c05b8aa7.jpg,images/100k/train/9a1b4cdf-c05b8aa7.jpg,train,train,clear,daytime,city street
9a3e7112-de90da1f,9a3e7112-de90da1f.jpg,images/100k/train/9a3e7112-de90da1f.jpg,train,train,clear,night,city street
9a3e835e-a1cc02f0,9a3e835e-a1cc02f0.jpg,images/100k/train/9a3e835e-a1cc02f0.jpg,train,train,clear,night,city street
9a461fc7-e918a0ee,9a461fc7-e918a0ee.jpg,images/100k/train/9a461fc7-e918a0ee.jpg,train,train,overcast,daytime,highway
9a600880-f41dc136,9a600880-f41dc136.jpg,images/100k/train/9a600880-f41dc136.jpg,train,train,clear,night,city street
9a64d9c8-b30ae310,9a64d9c8-b30ae310.jpg,images/100k/train/9a64d9c8-b30ae310.jpg,train,train,rainy,night,city street
9a6921f5-4ecc6bdf,9a6921f5-4ecc6bdf.jpg,images/100k/train/9a6921f5-4ecc6bdf.jpg,train,train,clear,night,highway
9a6d621a-974dd489,9a6d621a-974dd489.jpg,images/100k/train/9a6d621a-974dd489.jpg,train,train,overcast,daytime,city street
9a832a0e-fe95e97f,9a832a0e-fe95e97f.jpg,images/100k/train/9a832a0e-fe95e97f.jpg,train,train,clear,night,city street
9ab1d7a2-f9d8b96d,9ab1d7a2-f9d8b96d.jpg,images/100k/train/9ab1d7a2-f9d8b96d.jpg,train,train,clear,night,highway
9ab63279-0e7c4786,9ab63279-0e7c4786.jpg,images/100k/train/9ab63279-0e7c4786.jpg,train,train,overcast,daytime,city street
9ac61917-ff32acff,9ac61917-ff32acff.jpg,images/100k/train/9ac61917-ff32acff.jpg,train,train,overcast,daytime,highway
9ac7f707-d7ea3d0d,9ac7f707-d7ea3d0d.jpg,images/100k/train/9ac7f707-d7ea3d0d.jpg,train,train,undefined,daytime,highway
9accd0fa-0c2b0ae8,9accd0fa-0c2b0ae8.jpg,images/100k/train/9accd0fa-0c2b0ae8.jpg,train,train,clear,night,city street
9acfa5be-abf6517c,9acfa5be-abf6517c.jpg,images/100k/train/9acfa5be-abf6517c.jpg,train,train,clear,night,city street
9adb6d6e-7d5cd492,9adb6d6e-7d5cd492.jpg,images/100k/train/9adb6d6e-7d5cd492.jpg,train,train,clear,daytime,city street
9aeb8067-ba6998ba,9aeb8067-ba6998ba.jpg,images/100k/train/9aeb8067-ba6998ba.jpg,train,train,clear,daytime,highway
9af9d1e6-7ebb777f,9af9d1e6-7ebb777f.jpg,images/100k/train/9af9d1e6-7ebb777f.jpg,train,train,undefined,daytime,city street
9afd7f8d-860a9fae,9afd7f8d-860a9fae.jpg,images/100k/train/9afd7f8d-860a9fae.jpg,train,train,snowy,daytime,city street
9affc986-1c9c25da,9affc986-1c9c25da.jpg,images/100k/train/9affc986-1c9c25da.jpg,train,train,snowy,daytime,residential
9b0581c4-dd55e5ac,9b0581c4-dd55e5ac.jpg,images/100k/train/9b0581c4-dd55e5ac.jpg,train,train,undefined,daytime,city street
9b0cca42-faf7aa64,9b0cca42-faf7aa64.jpg,images/100k/train/9b0cca42-faf7aa64.jpg,train,train,partly cloudy,daytime,highway
9b25dbe0-40fe7fec,9b25dbe0-40fe7fec.jpg,images/100k/train/9b25dbe0-40fe7fec.jpg,train,train,clear,night,highway
9b3b27dc-c81862a9,9b3b27dc-c81862a9.jpg,images/100k/train/9b3b27dc-c81862a9.jpg,train,train,partly cloudy,daytime,residential
9b3e025b-bdbe9d6c,9b3e025b-bdbe9d6c.jpg,images/100k/train/9b3e025b-bdbe9d6c.jpg,train,train,undefined,daytime,city street
9b4bff0d-8000bd75,9b4bff0d-8000bd75.jpg,images/100k/train/9b4bff0d-8000bd75.jpg,train,train,clear,daytime,city street
9b5cf767-3c0359fd,9b5cf767-3c0359fd.jpg,images/100k/train/9b5cf767-3c0359fd.jpg,train,train,undefined,daytime,city street
9b649b83-faee7024,9b649b83-faee7024.jpg,images/100k/train/9b649b83-faee7024.jpg,train,train,clear,daytime,highway
9b66a268-a06dc274,9b66a268-a06dc274.jpg,images/100k/train/9b66a268-a06dc274.jpg,train,train,clear,night,city street
9b68ca3b-8bdbfc8b,9b68ca3b-8bdbfc8b.jpg,images/100k/train/9b68ca3b-8bdbfc8b.jpg,train,train,clear,daytime,city street
9b970e47-69927571,9b970e47-69927571.jpg,images/100k/train/9b970e47-69927571.jpg,train,train,overcast,daytime,highway
9ba92aba-19b1d41e,9ba92aba-19b1d41e.jpg,images/100k/train/9ba92aba-19b1d41e.jpg,train,train,clear,daytime,city street
9bafab27-471773e2,9bafab27-471773e2.jpg,images/100k/train/9bafab27-471773e2.jpg,train,train,clear,daytime,highway
9bc4a6c9-0dbcd3e4,9bc4a6c9-0dbcd3e4.jpg,images/100k/train/9bc4a6c9-0dbcd3e4.jpg,train,train,overcast,daytime,city street
9bc9e745-dfca22f1,9bc9e745-dfca22f1.jpg,images/100k/train/9bc9e745-dfca22f1.jpg,train,train,clear,daytime,city street
9be5fb53-4349e2ba,9be5fb53-4349e2ba.jpg,images/100k/train/9be5fb53-4349e2ba.jpg,train,train,clear,night,highway
9be5fb53-6105178f,9be5fb53-6105178f.jpg,images/100k/train/9be5fb53-6105178f.jpg,train,train,clear,night,city street
9be8cd6e-22c7b1cb,9be8cd6e-22c7b1cb.jpg,images/100k/train/9be8cd6e-22c7b1cb.jpg,train,train,clear,night,highway
9bf408f2-5260f6cc,9bf408f2-5260f6cc.jpg,images/100k/train/9bf408f2-5260f6cc.jpg,train,train,clear,night,city street
9bfaf24e-dbb80e21,9bfaf24e-dbb80e21.jpg,images/100k/train/9bfaf24e-dbb80e21.jpg,train,train,snowy,daytime,city street
9c019941-7c84762b,9c019941-7c84762b.jpg,images/100k/train/9c019941-7c84762b.jpg,train,train,undefined,daytime,highway
9c0d8d0d-24d864cf,9c0d8d0d-24d864cf.jpg,images/100k/train/9c0d8d0d-24d864cf.jpg,train,train,clear,night,city street
9c1b4928-c7239ded,9c1b4928-c7239ded.jpg,images/100k/train/9c1b4928-c7239ded.jpg,train,train,undefined,daytime,residential
9c1ca9f9-a857d052,9c1ca9f9-a857d052.jpg,images/100k/train/9c1ca9f9-a857d052.jpg,train,train,clear,night,highway
9c1ca9f9-bd60f1e7,9c1ca9f9-bd60f1e7.jpg,images/100k/train/9c1ca9f9-bd60f1e7.jpg,train,train,clear,night,city street
9c2a17dc-864bedad,9c2a17dc-864bedad.jpg,images/100k/train/9c2a17dc-864bedad.jpg,train,train,clear,daytime,residential
9c2ced51-98b86dd2,9c2ced51-98b86dd2.jpg,images/100k/train/9c2ced51-98b86dd2.jpg,train,train,clear,night,highway
9c2ced51-fd1992fe,9c2ced51-fd1992fe.jpg,images/100k/train/9c2ced51-fd1992fe.jpg,train,train,clear,night,city street
9c34c10c-ba8bca38,9c34c10c-ba8bca38.jpg,images/100k/train/9c34c10c-ba8bca38.jpg,train,train,clear,night,city street
9c5164df-f6b7c72d,9c5164df-f6b7c72d.jpg,images/100k/train/9c5164df-f6b7c72d.jpg,train,train,clear,night,city street
9c5733fd-7a3e9d3b,9c5733fd-7a3e9d3b.jpg,images/100k/train/9c5733fd-7a3e9d3b.jpg,train,train,clear,night,city street
9c6194a9-e4f0486b,9c6194a9-e4f0486b.jpg,images/100k/train/9c6194a9-e4f0486b.jpg,train,train,partly cloudy,daytime,residential
9c6834f9-5fed4854,9c6834f9-5fed4854.jpg,images/100k/train/9c6834f9-5fed4854.jpg,train,train,clear,night,residential
9c68d3e6-5314a05c,9c68d3e6-5314a05c.jpg,images/100k/train/9c68d3e6-5314a05c.jpg,train,train,clear,night,highway
9c84f94c-b88df989,9c84f94c-b88df989.jpg,images/100k/train/9c84f94c-b88df989.jpg,train,train,clear,night,city street
9c850444-082e3442,9c850444-082e3442.jpg,images/100k/train/9c850444-082e3442.jpg,train,train,partly cloudy,daytime,highway
9c856a30-0c9b3891,9c856a30-0c9b3891.jpg,images/100k/train/9c856a30-0c9b3891.jpg,train,train,clear,night,city street
9c921d51-bb598729,9c921d51-bb598729.jpg,images/100k/train/9c921d51-bb598729.jpg,train,train,rainy,night,city street
9ca4b957-0eac3e5e,9ca4b957-0eac3e5e.jpg,images/100k/train/9ca4b957-0eac3e5e.jpg,train,train,clear,dawn/dusk,city street
9ca6ca62-3665adb5,9ca6ca62-3665adb5.jpg,images/100k/train/9ca6ca62-3665adb5.jpg,train,train,snowy,daytime,city street
9cb0b9d4-2735adae,9cb0b9d4-2735adae.jpg,images/100k/train/9cb0b9d4-2735adae.jpg,train,train,undefined,daytime,city street
9cbc3c3c-cbce2a9a,9cbc3c3c-cbce2a9a.jpg,images/100k/train/9cbc3c3c-cbce2a9a.jpg,train,train,clear,night,city street
9cd1895d-826fc64f,9cd1895d-826fc64f.jpg,images/100k/train/9cd1895d-826fc64f.jpg,train,train,clear,night,city street
9cd83b5a-a624fee0,9cd83b5a-a624fee0.jpg,images/100k/train/9cd83b5a-a624fee0.jpg,train,train,clear,night,city street
9cec041b-e58fcd44,9cec041b-e58fcd44.jpg,images/100k/train/9cec041b-e58fcd44.jpg,train,train,clear,night,highway
9cf29eae-ac429396,9cf29eae-ac429396.jpg,images/100k/train/9cf29eae-ac429396.jpg,train,train,undefined,daytime,city street
9cfa12f5-adfcd5ee,9cfa12f5-adfcd5ee.jpg,images/100k/train/9cfa12f5-adfcd5ee.jpg,train,train,undefined,daytime,city street
9d03fc6a-ec76b11c,9d03fc6a-ec76b11c.jpg,images/100k/train/9d03fc6a-ec76b11c.jpg,train,train,clear,night,highway
9d19196f-41efec1a,9d19196f-41efec1a.jpg,images/100k/train/9d19196f-41efec1a.jpg,train,train,partly cloudy,daytime,residential
9d5c34b1-3d3964b8,9d5c34b1-3d3964b8.jpg,images/100k/train/9d5c34b1-3d3964b8.jpg,train,train,rainy,daytime,highway
9d604164-94310f87,9d604164-94310f87.jpg,images/100k/train/9d604164-94310f87.jpg,train,train,undefined,daytime,city street
9d6126d8-ba4c916b,9d6126d8-ba4c916b.jpg,images/100k/train/9d6126d8-ba4c916b.jpg,train,train,snowy,daytime,residential
9d63ed0d-ae2f9946,9d63ed0d-ae2f9946.jpg,images/100k/train/9d63ed0d-ae2f9946.jpg,train,train,clear,night,city street
9d6502a7-9801b437,9d6502a7-9801b437.jpg,images/100k/train/9d6502a7-9801b437.jpg,train,train,overcast,daytime,city street
9d6823f8-1b24889e,9d6823f8-1b24889e.jpg,images/100k/train/9d6823f8-1b24889e.jpg,train,train,undefined,undefined,tunnel
9d711bfb-046db73a,9d711bfb-046db73a.jpg,images/100k/train/9d711bfb-046db73a.jpg,train,train,clear,night,highway
9d84d43c-d9f54be9,9d84d43c-d9f54be9.jpg,images/100k/train/9d84d43c-d9f54be9.jpg,train,train,clear,night,city street
9d8e0647-636e8144,9d8e0647-636e8144.jpg,images/100k/train/9d8e0647-636e8144.jpg,train,train,rainy,daytime,city street
9d9abd24-5f22ba7c,9d9abd24-5f22ba7c.jpg,images/100k/train/9d9abd24-5f22ba7c.jpg,train,train,rainy,daytime,city street
9da1aebb-595f7e85,9da1aebb-595f7e85.jpg,images/100k/train/9da1aebb-595f7e85.jpg,train,train,rainy,night,city street
9db344c0-ba0237ec,9db344c0-ba0237ec.jpg,images/100k/train/9db344c0-ba0237ec.jpg,train,train,rainy,night,city street
9dbbc830-fdb713d7,9dbbc830-fdb713d7.jpg,images/100k/train/9dbbc830-fdb713d7.jpg,train,train,clear,dawn/dusk,city street
9dbd32ed-37fb35eb,9dbd32ed-37fb35eb.jpg,images/100k/train/9dbd32ed-37fb35eb.jpg,train,train,clear,daytime,city street
9dcae177-269ffe2a,9dcae177-269ffe2a.jpg,images/100k/train/9dcae177-269ffe2a.jpg,train,train,clear,daytime,city street
9de5f5be-83248dae,9de5f5be-83248dae.jpg,images/100k/train/9de5f5be-83248dae.jpg,train,train,overcast,daytime,highway
9dee0232-5ac55e81,9dee0232-5ac55e81.jpg,images/100k/train/9dee0232-5ac55e81.jpg,train,train,clear,daytime,highway
9df3d257-91d3a462,9df3d257-91d3a462.jpg,images/100k/train/9df3d257-91d3a462.jpg,train,train,partly cloudy,dawn/dusk,residential
9dfcaca7-10f592d0,9dfcaca7-10f592d0.jpg,images/100k/train/9dfcaca7-10f592d0.jpg,train,train,overcast,daytime,city street
9e2cdbaa-0e10d3fd,9e2cdbaa-0e10d3fd.jpg,images/100k/train/9e2cdbaa-0e10d3fd.jpg,train,train,clear,night,undefined
9e2cdbaa-8380ea3a,9e2cdbaa-8380ea3a.jpg,images/100k/train/9e2cdbaa-8380ea3a.jpg,train,train,undefined,night,residential
9e2f454b-29708a40,9e2f454b-29708a40.jpg,images/100k/train/9e2f454b-29708a40.jpg,train,train,snowy,night,city street
9e3100ff-b6cf1eaa,9e3100ff-b6cf1eaa.jpg,images/100k/train/9e3100ff-b6cf1eaa.jpg,train,train,clear,night,city street
9e37887f-d938cfd4,9e37887f-d938cfd4.jpg,images/100k/train/9e37887f-d938cfd4.jpg,train,train,overcast,daytime,city street
9e3a9e2a-9985e8ac,9e3a9e2a-9985e8ac.jpg,images/100k/train/9e3a9e2a-9985e8ac.jpg,train,train,clear,dawn/dusk,highway
9e47bdb2-61962074,9e47bdb2-61962074.jpg,images/100k/train/9e47bdb2-61962074.jpg,train,train,clear,daytime,highway
9e48ebe7-554766da,9e48ebe7-554766da.jpg,images/100k/train/9e48ebe7-554766da.jpg,train,train,clear,daytime,residential
9e4acc2f-6c0b2890,9e4acc2f-6c0b2890.jpg,images/100k/train/9e4acc2f-6c0b2890.jpg,train,train,snowy,night,city street
9e4bd0c0-41f66b04,9e4bd0c0-41f66b04.jpg,images/100k/train/9e4bd0c0-41f66b04.jpg,train,train,clear,dawn/dusk,city street
9e5c9c86-7992c1ec,9e5c9c86-7992c1ec.jpg,images/100k/train/9e5c9c86-7992c1ec.jpg,train,train,rainy,night,city street
9e63770c-1fc8f831,9e63770c-1fc8f831.jpg,images/100k/train/9e63770c-1fc8f831.jpg,train,train,undefined,daytime,highway
9e6eb115-7b492969,9e6eb115-7b492969.jpg,images/100k/train/9e6eb115-7b492969.jpg,train,train,clear,night,city street
9e7ff3bb-24afb7b4,9e7ff3bb-24afb7b4.jpg,images/100k/train/9e7ff3bb-24afb7b4.jpg,train,train,overcast,daytime,highway
9e80bd96-b5c3918f,9e80bd96-b5c3918f.jpg,images/100k/train/9e80bd96-b5c3918f.jpg,train,train,clear,daytime,city street
9e8cea22-98c158ad,9e8cea22-98c158ad.jpg,images/100k/train/9e8cea22-98c158ad.jpg,train,train,rainy,night,city street
9e8d3b8b-78cc08b6,9e8d3b8b-78cc08b6.jpg,images/100k/train/9e8d3b8b-78cc08b6.jpg,train,train,clear,daytime,highway
9e95990d-4c5025c2,9e95990d-4c5025c2.jpg,images/100k/train/9e95990d-4c5025c2.jpg,train,train,clear,night,highway
9eba28ff-d8fc5005,9eba28ff-d8fc5005.jpg,images/100k/train/9eba28ff-d8fc5005.jpg,train,train,clear,daytime,residential
9ec8d547-2a9f42c7,9ec8d547-2a9f42c7.jpg,images/100k/train/9ec8d547-2a9f42c7.jpg,train,train,clear,night,highway
9ed7d903-c397e9b2,9ed7d903-c397e9b2.jpg,images/100k/train/9ed7d903-c397e9b2.jpg,train,train,clear,daytime,highway
9ed986a4-d663c921,9ed986a4-d663c921.jpg,images/100k/train/9ed986a4-d663c921.jpg,train,train,clear,night,city street
9ee22132-1b373531,9ee22132-1b373531.jpg,images/100k/train/9ee22132-1b373531.jpg,train,train,clear,daytime,city street
9ef8e327-1aed1c6d,9ef8e327-1aed1c6d.jpg,images/100k/train/9ef8e327-1aed1c6d.jpg,train,train,clear,dawn/dusk,city street
9ef9bc6b-87c733d4,9ef9bc6b-87c733d4.jpg,images/100k/train/9ef9bc6b-87c733d4.jpg,train,train,clear,daytime,residential
9f0b18b9-0142af6e,9f0b18b9-0142af6e.jpg,images/100k/train/9f0b18b9-0142af6e.jpg,train,train,clear,night,highway
9f0bb091-e04d47db,9f0bb091-e04d47db.jpg,images/100k/train/9f0bb091-e04d47db.jpg,train,train,clear,night,city street
9f10dfc2-e27a4427,9f10dfc2-e27a4427.jpg,images/100k/train/9f10dfc2-e27a4427.jpg,train,train,clear,night,city street
9f14af4f-fdc179b8,9f14af4f-fdc179b8.jpg,images/100k/train/9f14af4f-fdc179b8.jpg,train,train,clear,daytime,city street
9f1958a1-7d4d41ee,9f1958a1-7d4d41ee.jpg,images/100k/train/9f1958a1-7d4d41ee.jpg,train,train,clear,night,highway
9f1a1159-7f22b485,9f1a1159-7f22b485.jpg,images/100k/train/9f1a1159-7f22b485.jpg,train,train,foggy,night,residential
9f22e256-eb7a2489,9f22e256-eb7a2489.jpg,images/100k/train/9f22e256-eb7a2489.jpg,train,train,clear,night,residential
9f37316c-36b42648,9f37316c-36b42648.jpg,images/100k/train/9f37316c-36b42648.jpg,train,train,clear,night,city street
9f410d74-c48bb0a6,9f410d74-c48bb0a6.jpg,images/100k/train/9f410d74-c48bb0a6.jpg,train,train,overcast,daytime,city street
9f4c8354-6273aaf0,9f4c8354-6273aaf0.jpg,images/100k/train/9f4c8354-6273aaf0.jpg,train,train,clear,night,highway
9f505414-4c429d03,9f505414-4c429d03.jpg,images/100k/train/9f505414-4c429d03.jpg,train,train,clear,night,highway
9f528029-ef2e1e94,9f528029-ef2e1e94.jpg,images/100k/train/9f528029-ef2e1e94.jpg,train,train,clear,daytime,city street
9f55b652-a6f46a36,9f55b652-a6f46a36.jpg,images/100k/train/9f55b652-a6f46a36.jpg,train,train,overcast,daytime,residential
9f630651-2c942df1,9f630651-2c942df1.jpg,images/100k/train/9f630651-2c942df1.jpg,train,train,overcast,daytime,city street
9f708835-42ee0af5,9f708835-42ee0af5.jpg,images/100k/train/9f708835-42ee0af5.jpg,train,train,clear,daytime,city street
9f85cb4d-73d8cd5f,9f85cb4d-73d8cd5f.jpg,images/100k/train/9f85cb4d-73d8cd5f.jpg,train,train,clear,night,city street
9f86f51c-abafd9b2,9f86f51c-abafd9b2.jpg,images/100k/train/9f86f51c-abafd9b2.jpg,train,train,clear,daytime,city street
9f87db6e-84894147,9f87db6e-84894147.jpg,images/100k/train/9f87db6e-84894147.jpg,train,train,clear,night,highway
9f9f2c2b-36032e14,9f9f2c2b-36032e14.jpg,images/100k/train/9f9f2c2b-36032e14.jpg,train,train,clear,night,city street
9f9f4c3d-612de155,9f9f4c3d-612de155.jpg,images/100k/train/9f9f4c3d-612de155.jpg,train,train,clear,night,city street
9fa7e629-ef470d2b,9fa7e629-ef470d2b.jpg,images/100k/train/9fa7e629-ef470d2b.jpg,train,train,overcast,daytime,highway
9fabb561-3ca93cc2,9fabb561-3ca93cc2.jpg,images/100k/train/9fabb561-3ca93cc2.jpg,train,train,undefined,daytime,city street
9fb55d2c-2bf47cf7,9fb55d2c-2bf47cf7.jpg,images/100k/train/9fb55d2c-2bf47cf7.jpg,train,train,overcast,daytime,city street
9fb9e023-bbfb8082,9fb9e023-bbfb8082.jpg,images/100k/train/9fb9e023-bbfb8082.jpg,train,train,partly cloudy,daytime,city street
9fc137cd-7781b316,9fc137cd-7781b316.jpg,images/100k/train/9fc137cd-7781b316.jpg,train,train,snowy,night,city street
9fc3ee96-95e28d13,9fc3ee96-95e28d13.jpg,images/100k/train/9fc3ee96-95e28d13.jpg,train,train,clear,night,highway
9fc64e15-30846e45,9fc64e15-30846e45.jpg,images/100k/train/9fc64e15-30846e45.jpg,train,train,clear,daytime,city street
9fd82c31-a3c686d7,9fd82c31-a3c686d7.jpg,images/100k/train/9fd82c31-a3c686d7.jpg,train,train,snowy,daytime,city street
9fdb4c90-7efa06c9,9fdb4c90-7efa06c9.jpg,images/100k/train/9fdb4c90-7efa06c9.jpg,train,train,clear,night,city street
9fdccb41-2f351321,9fdccb41-2f351321.jpg,images/100k/train/9fdccb41-2f351321.jpg,train,train,clear,night,highway
9feb388a-0256b69c,9feb388a-0256b69c.jpg,images/100k/train/9feb388a-0256b69c.jpg,train,train,undefined,daytime,city street
9feec5f5-43315d7a,9feec5f5-43315d7a.jpg,images/100k/train/9feec5f5-43315d7a.jpg,train,train,clear,daytime,city street
9ffa2057-494b649c,9ffa2057-494b649c.jpg,images/100k/train/9ffa2057-494b649c.jpg,train,train,overcast,daytime,residential
a01ff535-4a9ea854,a01ff535-4a9ea854.jpg,images/100k/train/a01ff535-4a9ea854.jpg,train,train,clear,night,city street
a0216e8c-a79c02c0,a0216e8c-a79c02c0.jpg,images/100k/train/a0216e8c-a79c02c0.jpg,train,train,clear,night,city street
a0216e8c-dc617e45,a0216e8c-dc617e45.jpg,images/100k/train/a0216e8c-dc617e45.jpg,train,train,rainy,night,city street
a038c3cb-033df299,a038c3cb-033df299.jpg,images/100k/train/a038c3cb-033df299.jpg,train,train,snowy,dawn/dusk,residential
a03b470f-e735acdd,a03b470f-e735acdd.jpg,images/100k/train/a03b470f-e735acdd.jpg,train,train,clear,daytime,city street
a0499432-0fbb8dd1,a0499432-0fbb8dd1.jpg,images/100k/train/a0499432-0fbb8dd1.jpg,train,train,clear,night,city street
a04a9f59-3bf804ec,a04a9f59-3bf804ec.jpg,images/100k/train/a04a9f59-3bf804ec.jpg,train,train,undefined,daytime,city street
a04ac524-7b9f5191,a04ac524-7b9f5191.jpg,images/100k/train/a04ac524-7b9f5191.jpg,train,train,clear,daytime,residential
a05ff9e2-972d3d4b,a05ff9e2-972d3d4b.jpg,images/100k/train/a05ff9e2-972d3d4b.jpg,train,train,clear,night,city street
a0642326-1b3204e8,a0642326-1b3204e8.jpg,images/100k/train/a0642326-1b3204e8.jpg,train,train,clear,daytime,highway
a0845de9-8dbf0eed,a0845de9-8dbf0eed.jpg,images/100k/train/a0845de9-8dbf0eed.jpg,train,train,undefined,dawn/dusk,city street
a0865e82-5bc70afc,a0865e82-5bc70afc.jpg,images/100k/train/a0865e82-5bc70afc.jpg,train,train,clear,daytime,city street
a08b3b4c-90cebb1f,a08b3b4c-90cebb1f.jpg,images/100k/train/a08b3b4c-90cebb1f.jpg,train,train,clear,daytime,city street
a08fab7c-bd35cf63,a08fab7c-bd35cf63.jpg,images/100k/train/a08fab7c-bd35cf63.jpg,train,train,clear,daytime,highway
a097d5c2-167add9f,a097d5c2-167add9f.jpg,images/100k/train/a097d5c2-167add9f.jpg,train,train,undefined,daytime,residential
a098af74-9b3a13ac,a098af74-9b3a13ac.jpg,images/100k/train/a098af74-9b3a13ac.jpg,train,train,partly cloudy,daytime,city street
a0a4830d-05f9345d,a0a4830d-05f9345d.jpg,images/100k/train/a0a4830d-05f9345d.jpg,train,train,clear,daytime,highway
a0b5d314-b6de2897,a0b5d314-b6de2897.jpg,images/100k/train/a0b5d314-b6de2897.jpg,train,train,undefined,daytime,city street
a0b721b6-3aae1e4f,a0b721b6-3aae1e4f.jpg,images/100k/train/a0b721b6-3aae1e4f.jpg,train,train,clear,night,city street
a0bdf21a-4922618e,a0bdf21a-4922618e.jpg,images/100k/train/a0bdf21a-4922618e.jpg,train,train,snowy,daytime,city street
a0cdb8f5-a4e8bbe0,a0cdb8f5-a4e8bbe0.jpg,images/100k/train/a0cdb8f5-a4e8bbe0.jpg,train,train,rainy,daytime,highway
a0cf4ad0-177f48a7,a0cf4ad0-177f48a7.jpg,images/100k/train/a0cf4ad0-177f48a7.jpg,train,train,overcast,daytime,highway
a0cfd963-4747fc46,a0cfd963-4747fc46.jpg,images/100k/train/a0cfd963-4747fc46.jpg,train,train,clear,night,city street
a0e710fa-4d08eb1e,a0e710fa-4d08eb1e.jpg,images/100k/train/a0e710fa-4d08eb1e.jpg,train,train,clear,daytime,city street
a0efe722-6e17c761,a0efe722-6e17c761.jpg,images/100k/train/a0efe722-6e17c761.jpg,train,train,clear,night,city street
a0f01329-045a11c3,a0f01329-045a11c3.jpg,images/100k/train/a0f01329-045a11c3.jpg,train,train,partly cloudy,daytime,residential
a0f7de25-a5b1ff4e,a0f7de25-a5b1ff4e.jpg,images/100k/train/a0f7de25-a5b1ff4e.jpg,train,train,clear,night,undefined
a0fbee42-4b4a197b,a0fbee42-4b4a197b.jpg,images/100k/train/a0fbee42-4b4a197b.jpg,train,train,rainy,daytime,city street
a0fd0237-4ca56bbe,a0fd0237-4ca56bbe.jpg,images/100k/train/a0fd0237-4ca56bbe.jpg,train,train,clear,night,city street
a0fec173-6033dbd7,a0fec173-6033dbd7.jpg,images/100k/train/a0fec173-6033dbd7.jpg,train,train,clear,night,city street
a110e9ed-8182e2f6,a110e9ed-8182e2f6.jpg,images/100k/train/a110e9ed-8182e2f6.jpg,train,train,snowy,daytime,highway
a1186e90-43fce3d7,a1186e90-43fce3d7.jpg,images/100k/train/a1186e90-43fce3d7.jpg,train,train,clear,daytime,residential
a118fb8c-efaea076,a118fb8c-efaea076.jpg,images/100k/train/a118fb8c-efaea076.jpg,train,train,clear,daytime,city street
a1224f71-e619c30c,a1224f71-e619c30c.jpg,images/100k/train/a1224f71-e619c30c.jpg,train,train,clear,night,city street
a1224f71-e7fd1aad,a1224f71-e7fd1aad.jpg,images/100k/train/a1224f71-e7fd1aad.jpg,train,train,clear,night,city street
a1243629-3c55d6e2,a1243629-3c55d6e2.jpg,images/100k/train/a1243629-3c55d6e2.jpg,train,train,clear,daytime,highway
a12f0f7f-59f5920f,a12f0f7f-59f5920f.jpg,images/100k/train/a12f0f7f-59f5920f.jpg,train,train,clear,daytime,city street
a173abe3-50fcccd6,a173abe3-50fcccd6.jpg,images/100k/train/a173abe3-50fcccd6.jpg,train,train,clear,dawn/dusk,city street
a17759bf-e2964a62,a17759bf-e2964a62.jpg,images/100k/train/a17759bf-e2964a62.jpg,train,train,clear,daytime,city street
a19ba1f1-517b138f,a19ba1f1-517b138f.jpg,images/100k/train/a19ba1f1-517b138f.jpg,train,train,undefined,daytime,highway
a1acd9c2-c3108487,a1acd9c2-c3108487.jpg,images/100k/train/a1acd9c2-c3108487.jpg,train,train,clear,daytime,city street
a1b7d976-827815ed,a1b7d976-827815ed.jpg,images/100k/train/a1b7d976-827815ed.jpg,train,train,overcast,daytime,highway
a1b895b8-a5adc753,a1b895b8-a5adc753.jpg,images/100k/train/a1b895b8-a5adc753.jpg,train,train,overcast,daytime,city street
a1b929da-326fb099,a1b929da-326fb099.jpg,images/100k/train/a1b929da-326fb099.jpg,train,train,clear,daytime,highway
a1c31e7f-148b2fca,a1c31e7f-148b2fca.jpg,images/100k/train/a1c31e7f-148b2fca.jpg,train,train,clear,night,residential
a1df0b5c-037eaf6f,a1df0b5c-037eaf6f.jpg,images/100k/train/a1df0b5c-037eaf6f.jpg,train,train,clear,daytime,highway
a1e1ea5a-f283288a,a1e1ea5a-f283288a.jpg,images/100k/train/a1e1ea5a-f283288a.jpg,train,train,clear,night,residential
a1f981a6-a47b41a0,a1f981a6-a47b41a0.jpg,images/100k/train/a1f981a6-a47b41a0.jpg,train,train,snowy,night,city street
a208b953-e1661882,a208b953-e1661882.jpg,images/100k/train/a208b953-e1661882.jpg,train,train,undefined,daytime,city street
a2125192-dd394020,a2125192-dd394020.jpg,images/100k/train/a2125192-dd394020.jpg,train,train,clear,night,city street
a216e390-be6e7039,a216e390-be6e7039.jpg,images/100k/train/a216e390-be6e7039.jpg,train,train,clear,daytime,residential
a21725c4-8a452e5a,a21725c4-8a452e5a.jpg,images/100k/train/a21725c4-8a452e5a.jpg,train,train,rainy,night,city street
a22430a1-d07293e5,a22430a1-d07293e5.jpg,images/100k/train/a22430a1-d07293e5.jpg,train,train,overcast,daytime,city street
a230d7b0-b379f362,a230d7b0-b379f362.jpg,images/100k/train/a230d7b0-b379f362.jpg,train,train,clear,night,city street
a2319d0e-23681f65,a2319d0e-23681f65.jpg,images/100k/train/a2319d0e-23681f65.jpg,train,train,clear,daytime,residential
a232832a-c9e556b5,a232832a-c9e556b5.jpg,images/100k/train/a232832a-c9e556b5.jpg,train,train,undefined,daytime,city street
a2381659-5398b8cd,a2381659-5398b8cd.jpg,images/100k/train/a2381659-5398b8cd.jpg,train,train,snowy,night,city street
a23b5318-17df313e,a23b5318-17df313e.jpg,images/100k/train/a23b5318-17df313e.jpg,train,train,undefined,daytime,highway
a243fa0f-01214def,a243fa0f-01214def.jpg,images/100k/train/a243fa0f-01214def.jpg,train,train,clear,dawn/dusk,highway
a24dfff5-b0adf8bb,a24dfff5-b0adf8bb.jpg,images/100k/train/a24dfff5-b0adf8bb.jpg,train,train,clear,night,city street
a251688d-f97c672e,a251688d-f97c672e.jpg,images/100k/train/a251688d-f97c672e.jpg,train,train,clear,night,city street
a2679bbb-66b8c3d8,a2679bbb-66b8c3d8.jpg,images/100k/train/a2679bbb-66b8c3d8.jpg,train,train,overcast,dawn/dusk,city street
a26b8766-29e7f372,a26b8766-29e7f372.jpg,images/100k/train/a26b8766-29e7f372.jpg,train,train,partly cloudy,daytime,city street
a26effb9-127b6ea1,a26effb9-127b6ea1.jpg,images/100k/train/a26effb9-127b6ea1.jpg,train,train,snowy,night,city street
a2772a6b-50e7a1bf,a2772a6b-50e7a1bf.jpg,images/100k/train/a2772a6b-50e7a1bf.jpg,train,train,undefined,daytime,city street
a283cdcd-32bd0301,a283cdcd-32bd0301.jpg,images/100k/train/a283cdcd-32bd0301.jpg,train,train,clear,night,city street
a284eb0e-006fa89d,a284eb0e-006fa89d.jpg,images/100k/train/a284eb0e-006fa89d.jpg,train,train,undefined,daytime,city street
a284eb0e-92126a2a,a284eb0e-92126a2a.jpg,images/100k/train/a284eb0e-92126a2a.jpg,train,train,overcast,daytime,city street
a2999f45-78ce72d9,a2999f45-78ce72d9.jpg,images/100k/train/a2999f45-78ce72d9.jpg,train,train,clear,night,city street
a2999f45-bf8012e3,a2999f45-bf8012e3.jpg,images/100k/train/a2999f45-bf8012e3.jpg,train,train,clear,night,city street
a2a1b141-ae309124,a2a1b141-ae309124.jpg,images/100k/train/a2a1b141-ae309124.jpg,train,train,foggy,night,city street
a2a93868-9cc910ea,a2a93868-9cc910ea.jpg,images/100k/train/a2a93868-9cc910ea.jpg,train,train,clear,daytime,city street
a2aa6cd5-28552a38,a2aa6cd5-28552a38.jpg,images/100k/train/a2aa6cd5-28552a38.jpg,train,train,undefined,daytime,city street
a2acc356-526b2500,a2acc356-526b2500.jpg,images/100k/train/a2acc356-526b2500.jpg,train,train,clear,night,city street
a2b1ab28-8b96ce80,a2b1ab28-8b96ce80.jpg,images/100k/train/a2b1ab28-8b96ce80.jpg,train,train,clear,night,city street
a2b2605f-79c8b8d2,a2b2605f-79c8b8d2.jpg,images/100k/train/a2b2605f-79c8b8d2.jpg,train,train,undefined,daytime,city street
a2b306ec-cbd53bd7,a2b306ec-cbd53bd7.jpg,images/100k/train/a2b306ec-cbd53bd7.jpg,train,train,clear,daytime,residential
a2bbbd83-293528a6,a2bbbd83-293528a6.jpg,images/100k/train/a2bbbd83-293528a6.jpg,train,train,partly cloudy,daytime,city street
a2cd5847-2d3ca425,a2cd5847-2d3ca425.jpg,images/100k/train/a2cd5847-2d3ca425.jpg,train,train,clear,daytime,highway
a2d4f386-c15180a9,a2d4f386-c15180a9.jpg,images/100k/train/a2d4f386-c15180a9.jpg,train,train,rainy,night,city street
a2e2512b-28d0c980,a2e2512b-28d0c980.jpg,images/100k/train/a2e2512b-28d0c980.jpg,train,train,clear,night,city street
a2e43964-c8b532d6,a2e43964-c8b532d6.jpg,images/100k/train/a2e43964-c8b532d6.jpg,train,train,snowy,daytime,residential
a2ef22b8-18cb5efa,a2ef22b8-18cb5efa.jpg,images/100k/train/a2ef22b8-18cb5efa.jpg,train,train,undefined,daytime,city street
a2ef22b8-25a6cad3,a2ef22b8-25a6cad3.jpg,images/100k/train/a2ef22b8-25a6cad3.jpg,train,train,clear,night,city street
a2f92c5e-d7fb01ad,a2f92c5e-d7fb01ad.jpg,images/100k/train/a2f92c5e-d7fb01ad.jpg,train,train,clear,daytime,city street
a2fbafba-7c5513e3,a2fbafba-7c5513e3.jpg,images/100k/train/a2fbafba-7c5513e3.jpg,train,train,clear,night,city street
a2fd1cce-8a2123f0,a2fd1cce-8a2123f0.jpg,images/100k/train/a2fd1cce-8a2123f0.jpg,train,train,clear,daytime,city street
a30741bf-da9a0636,a30741bf-da9a0636.jpg,images/100k/train/a30741bf-da9a0636.jpg,train,train,clear,night,city street
a30878cc-9a2e1e35,a30878cc-9a2e1e35.jpg,images/100k/train/a30878cc-9a2e1e35.jpg,train,train,clear,night,city street
a32543af-d1305f88,a32543af-d1305f88.jpg,images/100k/train/a32543af-d1305f88.jpg,train,train,clear,night,city street
a32543af-de618d0a,a32543af-de618d0a.jpg,images/100k/train/a32543af-de618d0a.jpg,train,train,clear,night,city street
a3404744-eecbd42b,a3404744-eecbd42b.jpg,images/100k/train/a3404744-eecbd42b.jpg,train,train,snowy,daytime,city street
a343d6a1-bc2da224,a343d6a1-bc2da224.jpg,images/100k/train/a343d6a1-bc2da224.jpg,train,train,partly cloudy,daytime,highway
a350db26-cffe69ae,a350db26-cffe69ae.jpg,images/100k/train/a350db26-cffe69ae.jpg,train,train,undefined,daytime,residential
a36267a8-2f2746b4,a36267a8-2f2746b4.jpg,images/100k/train/a36267a8-2f2746b4.jpg,train,train,clear,night,city street
a36267a8-deac7954,a36267a8-deac7954.jpg,images/100k/train/a36267a8-deac7954.jpg,train,train,clear,night,city street
a36686d2-e14ac90f,a36686d2-e14ac90f.jpg,images/100k/train/a36686d2-e14ac90f.jpg,train,train,undefined,daytime,highway
a374cc51-a582c161,a374cc51-a582c161.jpg,images/100k/train/a374cc51-a582c161.jpg,train,train,clear,daytime,residential
a377c607-e3c11690,a377c607-e3c11690.jpg,images/100k/train/a377c607-e3c11690.jpg,train,train,overcast,daytime,city street
a37ca645-dc5e50ef,a37ca645-dc5e50ef.jpg,images/100k/train/a37ca645-dc5e50ef.jpg,train,train,rainy,night,undefined
a37fcd33-665371bd,a37fcd33-665371bd.jpg,images/100k/train/a37fcd33-665371bd.jpg,train,train,partly cloudy,daytime,city street
a387de49-72ee9cdc,a387de49-72ee9cdc.jpg,images/100k/train/a387de49-72ee9cdc.jpg,train,train,overcast,daytime,city street
a389f631-04813c98,a389f631-04813c98.jpg,images/100k/train/a389f631-04813c98.jpg,train,train,overcast,dawn/dusk,city street
a389f631-ec631071,a389f631-ec631071.jpg,images/100k/train/a389f631-ec631071.jpg,train,train,clear,daytime,highway
a38b97d7-2c048e37,a38b97d7-2c048e37.jpg,images/100k/train/a38b97d7-2c048e37.jpg,train,train,partly cloudy,daytime,highway
a3a0f34f-fda04270,a3a0f34f-fda04270.jpg,images/100k/train/a3a0f34f-fda04270.jpg,train,train,undefined,daytime,city street
a3b5931a-e57cc074,a3b5931a-e57cc074.jpg,images/100k/train/a3b5931a-e57cc074.jpg,train,train,rainy,daytime,highway
a3b8e6df-c24fa6f6,a3b8e6df-c24fa6f6.jpg,images/100k/train/a3b8e6df-c24fa6f6.jpg,train,train,overcast,daytime,city street
a3bed343-235e94f1,a3bed343-235e94f1.jpg,images/100k/train/a3bed343-235e94f1.jpg,train,train,clear,daytime,highway
a3c14001-ff322e2d,a3c14001-ff322e2d.jpg,images/100k/train/a3c14001-ff322e2d.jpg,train,train,clear,daytime,highway
a3d81283-9e95601e,a3d81283-9e95601e.jpg,images/100k/train/a3d81283-9e95601e.jpg,train,train,undefined,daytime,city street
a3f1ed2e-84525304,a3f1ed2e-84525304.jpg,images/100k/train/a3f1ed2e-84525304.jpg,train,train,clear,night,residential
a3f93a7c-daffd85e,a3f93a7c-daffd85e.jpg,images/100k/train/a3f93a7c-daffd85e.jpg,train,train,clear,night,city street
a4144c4b-18224066,a4144c4b-18224066.jpg,images/100k/train/a4144c4b-18224066.jpg,train,train,clear,night,city street
a417003d-53bcfae1,a417003d-53bcfae1.jpg,images/100k/train/a417003d-53bcfae1.jpg,train,train,overcast,dawn/dusk,residential
a4249c2e-3aaa76e2,a4249c2e-3aaa76e2.jpg,images/100k/train/a4249c2e-3aaa76e2.jpg,train,train,clear,daytime,residential
a43234f1-f3e1d125,a43234f1-f3e1d125.jpg,images/100k/train/a43234f1-f3e1d125.jpg,train,train,snowy,daytime,city street
a433a697-32222718,a433a697-32222718.jpg,images/100k/train/a433a697-32222718.jpg,train,train,clear,night,city street
a436fcd1-33142540,a436fcd1-33142540.jpg,images/100k/train/a436fcd1-33142540.jpg,train,train,clear,night,city street
a44648e1-739851f4,a44648e1-739851f4.jpg,images/100k/train/a44648e1-739851f4.jpg,train,train,clear,daytime,highway
a449648a-1de36367,a449648a-1de36367.jpg,images/100k/train/a449648a-1de36367.jpg,train,train,clear,night,city street
a452a339-8909fd50,a452a339-8909fd50.jpg,images/100k/train/a452a339-8909fd50.jpg,train,train,clear,night,city street
a452a339-f2843352,a452a339-f2843352.jpg,images/100k/train/a452a339-f2843352.jpg,train,train,clear,night,residential
a452ca3e-243337be,a452ca3e-243337be.jpg,images/100k/train/a452ca3e-243337be.jpg,train,train,clear,night,highway
a4530905-709c3be9,a4530905-709c3be9.jpg,images/100k/train/a4530905-709c3be9.jpg,train,train,clear,night,city street
a45dc0a9-4b73b418,a45dc0a9-4b73b418.jpg,images/100k/train/a45dc0a9-4b73b418.jpg,train,train,clear,night,city street
a46ced8c-83e16cc5,a46ced8c-83e16cc5.jpg,images/100k/train/a46ced8c-83e16cc5.jpg,train,train,clear,night,city street
a472766c-3d52975a,a472766c-3d52975a.jpg,images/100k/train/a472766c-3d52975a.jpg,train,train,rainy,night,city street
a47a78c6-1db37754,a47a78c6-1db37754.jpg,images/100k/train/a47a78c6-1db37754.jpg,train,train,clear,night,city street
a47bdf3d-4eff1b65,a47bdf3d-4eff1b65.jpg,images/100k/train/a47bdf3d-4eff1b65.jpg,train,train,clear,night,city street
a480fc56-d579eb33,a480fc56-d579eb33.jpg,images/100k/train/a480fc56-d579eb33.jpg,train,train,snowy,night,city street
a482d132-68f334d4,a482d132-68f334d4.jpg,images/100k/train/a482d132-68f334d4.jpg,train,train,clear,night,city street
a48909f7-69897b63,a48909f7-69897b63.jpg,images/100k/train/a48909f7-69897b63.jpg,train,train,overcast,daytime,residential
a48909f7-b80e73de,a48909f7-b80e73de.jpg,images/100k/train/a48909f7-b80e73de.jpg,train,train,overcast,daytime,city street
a48fd21c-f9c165b7,a48fd21c-f9c165b7.jpg,images/100k/train/a48fd21c-f9c165b7.jpg,train,train,clear,night,highway
a496b27c-adae6457,a496b27c-adae6457.jpg,images/100k/train/a496b27c-adae6457.jpg,train,train,partly cloudy,dawn/dusk,highway
a49ea4c5-02ce58a0,a49ea4c5-02ce58a0.jpg,images/100k/train/a49ea4c5-02ce58a0.jpg,train,train,clear,night,city street
a4a9768c-0641c4b6,a4a9768c-0641c4b6.jpg,images/100k/train/a4a9768c-0641c4b6.jpg,train,train,clear,night,parking lot
a4ad61e9-4d218ba5,a4ad61e9-4d218ba5.jpg,images/100k/train/a4ad61e9-4d218ba5.jpg,train,train,overcast,daytime,city street
a4ad61e9-77f6dfb2,a4ad61e9-77f6dfb2.jpg,images/100k/train/a4ad61e9-77f6dfb2.jpg,train,train,partly cloudy,daytime,city street
a4b10b08-81de5b5f,a4b10b08-81de5b5f.jpg,images/100k/train/a4b10b08-81de5b5f.jpg,train,train,partly cloudy,daytime,city street
a4bcd9f0-d150d9a2,a4bcd9f0-d150d9a2.jpg,images/100k/train/a4bcd9f0-d150d9a2.jpg,train,train,clear,daytime,city street
a4c2949b-4342b17f,a4c2949b-4342b17f.jpg,images/100k/train/a4c2949b-4342b17f.jpg,train,train,clear,night,city street
a4c2949b-c1221faf,a4c2949b-c1221faf.jpg,images/100k/train/a4c2949b-c1221faf.jpg,train,train,undefined,night,highway
a4c933d3-d2f0ba36,a4c933d3-d2f0ba36.jpg,images/100k/train/a4c933d3-d2f0ba36.jpg,train,train,clear,night,city street
a4ce8afe-d962c20a,a4ce8afe-d962c20a.jpg,images/100k/train/a4ce8afe-d962c20a.jpg,train,train,clear,dawn/dusk,residential
a4d1537b-c38d36ef,a4d1537b-c38d36ef.jpg,images/100k/train/a4d1537b-c38d36ef.jpg,train,train,clear,night,city street
a4d566fd-4f01b1ff,a4d566fd-4f01b1ff.jpg,images/100k/train/a4d566fd-4f01b1ff.jpg,train,train,clear,night,city street
a4de04cf-f593cb00,a4de04cf-f593cb00.jpg,images/100k/train/a4de04cf-f593cb00.jpg,train,train,partly cloudy,daytime,residential
a4ffac5d-fbb29f9d,a4ffac5d-fbb29f9d.jpg,images/100k/train/a4ffac5d-fbb29f9d.jpg,train,train,clear,night,city street
a51141bf-748f265e,a51141bf-748f265e.jpg,images/100k/train/a51141bf-748f265e.jpg,train,train,clear,night,city street
a51a039e-1dd6e515,a51a039e-1dd6e515.jpg,images/100k/train/a51a039e-1dd6e515.jpg,train,train,clear,daytime,parking lot
a52352ac-5b78ba8b,a52352ac-5b78ba8b.jpg,images/100k/train/a52352ac-5b78ba8b.jpg,train,train,clear,night,highway
a540f9aa-9c33dc8a,a540f9aa-9c33dc8a.jpg,images/100k/train/a540f9aa-9c33dc8a.jpg,train,train,overcast,daytime,highway
a544d53f-28b922e9,a544d53f-28b922e9.jpg,images/100k/train/a544d53f-28b922e9.jpg,train,train,undefined,daytime,city street
a544d53f-67e56c83,a544d53f-67e56c83.jpg,images/100k/train/a544d53f-67e56c83.jpg,train,train,clear,daytime,city street
a55073e1-2f316238,a55073e1-2f316238.jpg,images/100k/train/a55073e1-2f316238.jpg,train,train,clear,night,city street
a55ed938-78166f30,a55ed938-78166f30.jpg,images/100k/train/a55ed938-78166f30.jpg,train,train,overcast,daytime,city street
a5627b20-4089bd74,a5627b20-4089bd74.jpg,images/100k/train/a5627b20-4089bd74.jpg,train,train,undefined,daytime,city street
a5753e44-35c532d6,a5753e44-35c532d6.jpg,images/100k/train/a5753e44-35c532d6.jpg,train,train,rainy,dawn/dusk,city street
a57caf7c-1f61e1f0,a57caf7c-1f61e1f0.jpg,images/100k/train/a57caf7c-1f61e1f0.jpg,train,train,rainy,night,city street
a59deda6-5873681b,a59deda6-5873681b.jpg,images/100k/train/a59deda6-5873681b.jpg,train,train,clear,daytime,city street
a59e0931-5cd0e452,a59e0931-5cd0e452.jpg,images/100k/train/a59e0931-5cd0e452.jpg,train,train,clear,night,city street
a59e0931-8f140cad,a59e0931-8f140cad.jpg,images/100k/train/a59e0931-8f140cad.jpg,train,train,clear,night,highway
a5a31acc-5454f06a,a5a31acc-5454f06a.jpg,images/100k/train/a5a31acc-5454f06a.jpg,train,train,undefined,dawn/dusk,city street
a5a340f9-6cc4da84,a5a340f9-6cc4da84.jpg,images/100k/train/a5a340f9-6cc4da84.jpg,train,train,clear,daytime,highway
a5b819b0-5e8b21e6,a5b819b0-5e8b21e6.jpg,images/100k/train/a5b819b0-5e8b21e6.jpg,train,train,clear,night,residential
a5c75731-9b118b20,a5c75731-9b118b20.jpg,images/100k/train/a5c75731-9b118b20.jpg,train,train,clear,night,city street
a5cd924e-046e3bd7,a5cd924e-046e3bd7.jpg,images/100k/train/a5cd924e-046e3bd7.jpg,train,train,clear,daytime,residential
a5dd241e-40dad11d,a5dd241e-40dad11d.jpg,images/100k/train/a5dd241e-40dad11d.jpg,train,train,rainy,dawn/dusk,city street
a5e2e494-a6644896,a5e2e494-a6644896.jpg,images/100k/train/a5e2e494-a6644896.jpg,train,train,clear,night,city street
a5e87b5a-cfef725d,a5e87b5a-cfef725d.jpg,images/100k/train/a5e87b5a-cfef725d.jpg,train,train,rainy,dawn/dusk,highway
a5eca2f3-0c8dad3f,a5eca2f3-0c8dad3f.jpg,images/100k/train/a5eca2f3-0c8dad3f.jpg,train,train,clear,night,city street
a5f49541-41ac4d96,a5f49541-41ac4d96.jpg,images/100k/train/a5f49541-41ac4d96.jpg,train,train,snowy,night,city street
a5f6a8c9-bd8d48f5,a5f6a8c9-bd8d48f5.jpg,images/100k/train/a5f6a8c9-bd8d48f5.jpg,train,train,clear,night,city street
a5ffb322-aac4f8ad,a5ffb322-aac4f8ad.jpg,images/100k/train/a5ffb322-aac4f8ad.jpg,train,train,partly cloudy,dawn/dusk,highway
a60018eb-3e5c92a4,a60018eb-3e5c92a4.jpg,images/100k/train/a60018eb-3e5c92a4.jpg,train,train,clear,night,city street
a6007cd7-48c21101,a6007cd7-48c21101.jpg,images/100k/train/a6007cd7-48c21101.jpg,train,train,clear,night,city street
a60f201a-ca28d820,a60f201a-ca28d820.jpg,images/100k/train/a60f201a-ca28d820.jpg,train,train,overcast,daytime,city street
a6117d79-e55d3f23,a6117d79-e55d3f23.jpg,images/100k/train/a6117d79-e55d3f23.jpg,train,train,clear,night,city street
a61393cf-06d81ef4,a61393cf-06d81ef4.jpg,images/100k/train/a61393cf-06d81ef4.jpg,train,train,overcast,daytime,highway
a61da1ec-c8e842b0,a61da1ec-c8e842b0.jpg,images/100k/train/a61da1ec-c8e842b0.jpg,train,train,undefined,daytime,residential
a61f6ec4-3fc126c4,a61f6ec4-3fc126c4.jpg,images/100k/train/a61f6ec4-3fc126c4.jpg,train,train,undefined,daytime,city street
a62e3e25-de42db96,a62e3e25-de42db96.jpg,images/100k/train/a62e3e25-de42db96.jpg,train,train,clear,daytime,highway
a62fe707-4825eda4,a62fe707-4825eda4.jpg,images/100k/train/a62fe707-4825eda4.jpg,train,train,snowy,daytime,residential
a6324163-de6a51f9,a6324163-de6a51f9.jpg,images/100k/train/a6324163-de6a51f9.jpg,train,train,rainy,daytime,highway
a6327011-2e1b9021,a6327011-2e1b9021.jpg,images/100k/train/a6327011-2e1b9021.jpg,train,train,overcast,daytime,city street
a6369e08-b401174d,a6369e08-b401174d.jpg,images/100k/train/a6369e08-b401174d.jpg,train,train,clear,night,highway
a63a39a1-7561a3ab,a63a39a1-7561a3ab.jpg,images/100k/train/a63a39a1-7561a3ab.jpg,train,train,clear,night,highway
a64e6f97-be0063a8,a64e6f97-be0063a8.jpg,images/100k/train/a64e6f97-be0063a8.jpg,train,train,clear,dawn/dusk,highway
a64ebff1-d0d010fd,a64ebff1-d0d010fd.jpg,images/100k/train/a64ebff1-d0d010fd.jpg,train,train,clear,daytime,residential
a65a85d4-4aa68160,a65a85d4-4aa68160.jpg,images/100k/train/a65a85d4-4aa68160.jpg,train,train,clear,night,residential
a668c09f-b09835f7,a668c09f-b09835f7.jpg,images/100k/train/a668c09f-b09835f7.jpg,train,train,clear,night,highway
a6882d99-040b38c9,a6882d99-040b38c9.jpg,images/100k/train/a6882d99-040b38c9.jpg,train,train,clear,night,city street
a68dcdec-eeaf2954,a68dcdec-eeaf2954.jpg,images/100k/train/a68dcdec-eeaf2954.jpg,train,train,clear,night,highway
a68eea3a-883ef4af,a68eea3a-883ef4af.jpg,images/100k/train/a68eea3a-883ef4af.jpg,train,train,rainy,daytime,city street
a68ff45c-bee814e5,a68ff45c-bee814e5.jpg,images/100k/train/a68ff45c-bee814e5.jpg,train,train,undefined,daytime,city street
a6958306-f8d2ae5d,a6958306-f8d2ae5d.jpg,images/100k/train/a6958306-f8d2ae5d.jpg,train,train,clear,daytime,city street
a6a21e82-1a632a03,a6a21e82-1a632a03.jpg,images/100k/train/a6a21e82-1a632a03.jpg,train,train,clear,night,highway
a6b73c03-2f4765c6,a6b73c03-2f4765c6.jpg,images/100k/train/a6b73c03-2f4765c6.jpg,train,train,snowy,night,city street
a6d7a68d-6bcffdc6,a6d7a68d-6bcffdc6.jpg,images/100k/train/a6d7a68d-6bcffdc6.jpg,train,train,clear,night,city street
a6f35fcb-bbeb135c,a6f35fcb-bbeb135c.jpg,images/100k/train/a6f35fcb-bbeb135c.jpg,train,train,snowy,daytime,city street
a7166e11-50ff0b22,a7166e11-50ff0b22.jpg,images/100k/train/a7166e11-50ff0b22.jpg,train,train,snowy,daytime,city street
a71ddba0-913ffd5d,a71ddba0-913ffd5d.jpg,images/100k/train/a71ddba0-913ffd5d.jpg,train,train,undefined,daytime,highway
a71e0a8f-9fd8cb7e,a71e0a8f-9fd8cb7e.jpg,images/100k/train/a71e0a8f-9fd8cb7e.jpg,train,train,snowy,night,city street
a724d149-0e2f4b95,a724d149-0e2f4b95.jpg,images/100k/train/a724d149-0e2f4b95.jpg,train,train,overcast,daytime,city street
a738f1be-dcd34844,a738f1be-dcd34844.jpg,images/100k/train/a738f1be-dcd34844.jpg,train,train,clear,daytime,residential
a73cf5b9-96735ec8,a73cf5b9-96735ec8.jpg,images/100k/train/a73cf5b9-96735ec8.jpg,train,train,clear,night,city street
a740e4e5-2b38f421,a740e4e5-2b38f421.jpg,images/100k/train/a740e4e5-2b38f421.jpg,train,train,clear,night,city street
a75a0d1b-e02cbdaa,a75a0d1b-e02cbdaa.jpg,images/100k/train/a75a0d1b-e02cbdaa.jpg,train,train,clear,daytime,city street
a75cacaf-fcb3b314,a75cacaf-fcb3b314.jpg,images/100k/train/a75cacaf-fcb3b314.jpg,train,train,overcast,dawn/dusk,highway
a764b580-370905fc,a764b580-370905fc.jpg,images/100k/train/a764b580-370905fc.jpg,train,train,clear,night,city street
a76544ff-99a8d068,a76544ff-99a8d068.jpg,images/100k/train/a76544ff-99a8d068.jpg,train,train,undefined,dawn/dusk,city street
a76ac730-e63a979c,a76ac730-e63a979c.jpg,images/100k/train/a76ac730-e63a979c.jpg,train,train,overcast,dawn/dusk,city street
a76cacf7-953d6359,a76cacf7-953d6359.jpg,images/100k/train/a76cacf7-953d6359.jpg,train,train,overcast,daytime,highway
a76f4331-ce5121f8,a76f4331-ce5121f8.jpg,images/100k/train/a76f4331-ce5121f8.jpg,train,train,clear,night,city street
a7811d8b-cdd7b88d,a7811d8b-cdd7b88d.jpg,images/100k/train/a7811d8b-cdd7b88d.jpg,train,train,partly cloudy,daytime,highway
a799ec24-803e9375,a799ec24-803e9375.jpg,images/100k/train/a799ec24-803e9375.jpg,train,train,overcast,daytime,highway
a799ec24-dad6d950,a799ec24-dad6d950.jpg,images/100k/train/a799ec24-dad6d950.jpg,train,train,snowy,daytime,residential
a7a00f01-9d5b5da3,a7a00f01-9d5b5da3.jpg,images/100k/train/a7a00f01-9d5b5da3.jpg,train,train,clear,daytime,city street
a7c53f0c-0b39ae6e,a7c53f0c-0b39ae6e.jpg,images/100k/train/a7c53f0c-0b39ae6e.jpg,train,train,clear,night,city street
a7c53f0c-53efc573,a7c53f0c-53efc573.jpg,images/100k/train/a7c53f0c-53efc573.jpg,train,train,clear,night,city street
a7ce121c-e1c0acd8,a7ce121c-e1c0acd8.jpg,images/100k/train/a7ce121c-e1c0acd8.jpg,train,train,partly cloudy,daytime,highway
a7d937c6-5e6668e2,a7d937c6-5e6668e2.jpg,images/100k/train/a7d937c6-5e6668e2.jpg,train,train,clear,night,city street
a7db1327-52be71ae,a7db1327-52be71ae.jpg,images/100k/train/a7db1327-52be71ae.jpg,train,train,overcast,daytime,city street
a7e215fc-ad4261c1,a7e215fc-ad4261c1.jpg,images/100k/train/a7e215fc-ad4261c1.jpg,train,train,undefined,daytime,city street
a7e8be68-102d00c2,a7e8be68-102d00c2.jpg,images/100k/train/a7e8be68-102d00c2.jpg,train,train,partly cloudy,daytime,city street
a7ea900f-ffeb9a00,a7ea900f-ffeb9a00.jpg,images/100k/train/a7ea900f-ffeb9a00.jpg,train,train,clear,daytime,city street
a7ecf098-88112208,a7ecf098-88112208.jpg,images/100k/train/a7ecf098-88112208.jpg,train,train,clear,night,city street
a7efc4cf-e29cb124,a7efc4cf-e29cb124.jpg,images/100k/train/a7efc4cf-e29cb124.jpg,train,train,snowy,night,city street
a7fbcc0d-d8d4f852,a7fbcc0d-d8d4f852.jpg,images/100k/train/a7fbcc0d-d8d4f852.jpg,train,train,undefined,daytime,highway
a803be49-3438f452,a803be49-3438f452.jpg,images/100k/train/a803be49-3438f452.jpg,train,train,rainy,daytime,residential
a8252277-0bd5c412,a8252277-0bd5c412.jpg,images/100k/train/a8252277-0bd5c412.jpg,train,train,rainy,night,city street
a82d32d0-79788533,a82d32d0-79788533.jpg,images/100k/train/a82d32d0-79788533.jpg,train,train,clear,night,highway
a83d7e13-5adf0b42,a83d7e13-5adf0b42.jpg,images/100k/train/a83d7e13-5adf0b42.jpg,train,train,snowy,daytime,city street
a8428170-d7f93091,a8428170-d7f93091.jpg,images/100k/train/a8428170-d7f93091.jpg,train,train,clear,night,city street
a847b622-fdda3618,a847b622-fdda3618.jpg,images/100k/train/a847b622-fdda3618.jpg,train,train,overcast,daytime,city street
a84a47c0-58285c04,a84a47c0-58285c04.jpg,images/100k/train/a84a47c0-58285c04.jpg,train,train,clear,night,highway
a853b580-76818c40,a853b580-76818c40.jpg,images/100k/train/a853b580-76818c40.jpg,train,train,partly cloudy,daytime,highway
a853f8b2-19163811,a853f8b2-19163811.jpg,images/100k/train/a853f8b2-19163811.jpg,train,train,clear,daytime,highway
a859a091-00950e1b,a859a091-00950e1b.jpg,images/100k/train/a859a091-00950e1b.jpg,train,train,partly cloudy,daytime,highway
a85df27e-279759d6,a85df27e-279759d6.jpg,images/100k/train/a85df27e-279759d6.jpg,train,train,clear,daytime,highway
a86192e1-429fe3bd,a86192e1-429fe3bd.jpg,images/100k/train/a86192e1-429fe3bd.jpg,train,train,clear,night,city street
a86913e1-28d24491,a86913e1-28d24491.jpg,images/100k/train/a86913e1-28d24491.jpg,train,train,clear,night,city street
a872c917-a31b2901,a872c917-a31b2901.jpg,images/100k/train/a872c917-a31b2901.jpg,train,train,overcast,daytime,highway
a87438b2-bf00b741,a87438b2-bf00b741.jpg,images/100k/train/a87438b2-bf00b741.jpg,train,train,overcast,daytime,city street
a87504d3-8ba01624,a87504d3-8ba01624.jpg,images/100k/train/a87504d3-8ba01624.jpg,train,train,clear,night,city street
a877ce52-a7f1896b,a877ce52-a7f1896b.jpg,images/100k/train/a877ce52-a7f1896b.jpg,train,train,clear,daytime,city street
a880e49c-357065e7,a880e49c-357065e7.jpg,images/100k/train/a880e49c-357065e7.jpg,train,train,clear,night,city street
a88ef966-a62104ed,a88ef966-a62104ed.jpg,images/100k/train/a88ef966-a62104ed.jpg,train,train,clear,night,city street
a8960a86-3551b9fa,a8960a86-3551b9fa.jpg,images/100k/train/a8960a86-3551b9fa.jpg,train,train,clear,night,city street
a8960a86-747a5290,a8960a86-747a5290.jpg,images/100k/train/a8960a86-747a5290.jpg,train,train,snowy,dawn/dusk,city street
a8b57d25-673447d3,a8b57d25-673447d3.jpg,images/100k/train/a8b57d25-673447d3.jpg,train,train,clear,night,city street
a8d417c6-1bfe4b1e,a8d417c6-1bfe4b1e.jpg,images/100k/train/a8d417c6-1bfe4b1e.jpg,train,train,clear,night,city street
a8dbe900-17197b2e,a8dbe900-17197b2e.jpg,images/100k/train/a8dbe900-17197b2e.jpg,train,train,clear,night,city street
a8df8001-66dfef4b,a8df8001-66dfef4b.jpg,images/100k/train/a8df8001-66dfef4b.jpg,train,train,partly cloudy,daytime,city street
a8e13657-d12e24e4,a8e13657-d12e24e4.jpg,images/100k/train/a8e13657-d12e24e4.jpg,train,train,snowy,dawn/dusk,residential
a8e1f908-0cd22ad8,a8e1f908-0cd22ad8.jpg,images/100k/train/a8e1f908-0cd22ad8.jpg,train,train,undefined,daytime,city street
a8eb4ba3-ad738534,a8eb4ba3-ad738534.jpg,images/100k/train/a8eb4ba3-ad738534.jpg,train,train,clear,daytime,residential
a8f271e5-ba5d3c92,a8f271e5-ba5d3c92.jpg,images/100k/train/a8f271e5-ba5d3c92.jpg,train,train,clear,dawn/dusk,city street
a8f71e05-5c26f398,a8f71e05-5c26f398.jpg,images/100k/train/a8f71e05-5c26f398.jpg,train,train,overcast,daytime,city street
a8fbab83-7718fc8c,a8fbab83-7718fc8c.jpg,images/100k/train/a8fbab83-7718fc8c.jpg,train,train,overcast,daytime,residential
a8ff598e-cf186f1e,a8ff598e-cf186f1e.jpg,images/100k/train/a8ff598e-cf186f1e.jpg,train,train,clear,night,city street
a90bed26-5c4f3d2b,a90bed26-5c4f3d2b.jpg,images/100k/train/a90bed26-5c4f3d2b.jpg,train,train,partly cloudy,daytime,highway
a91225cf-dbf65f8f,a91225cf-dbf65f8f.jpg,images/100k/train/a91225cf-dbf65f8f.jpg,train,train,undefined,daytime,residential
a914aa16-b580b2a2,a914aa16-b580b2a2.jpg,images/100k/train/a914aa16-b580b2a2.jpg,train,train,partly cloudy,daytime,highway
a91cf797-bce2713b,a91cf797-bce2713b.jpg,images/100k/train/a91cf797-bce2713b.jpg,train,train,clear,night,highway
a92b522c-8a394099,a92b522c-8a394099.jpg,images/100k/train/a92b522c-8a394099.jpg,train,train,partly cloudy,daytime,highway
a92c3c13-a3878a49,a92c3c13-a3878a49.jpg,images/100k/train/a92c3c13-a3878a49.jpg,train,train,undefined,daytime,city street
a9320954-56125cdd,a9320954-56125cdd.jpg,images/100k/train/a9320954-56125cdd.jpg,train,train,clear,night,city street
a93aa94e-6f9ceb54,a93aa94e-6f9ceb54.jpg,images/100k/train/a93aa94e-6f9ceb54.jpg,train,train,clear,night,city street
a93da18b-faed5780,a93da18b-faed5780.jpg,images/100k/train/a93da18b-faed5780.jpg,train,train,clear,dawn/dusk,highway
a941facf-8dc42992,a941facf-8dc42992.jpg,images/100k/train/a941facf-8dc42992.jpg,train,train,overcast,daytime,city street
a953420e-c28b8cab,a953420e-c28b8cab.jpg,images/100k/train/a953420e-c28b8cab.jpg,train,train,clear,night,highway
a95e4793-23fb62c9,a95e4793-23fb62c9.jpg,images/100k/train/a95e4793-23fb62c9.jpg,train,train,undefined,daytime,city street
a962da31-7d6ad387,a962da31-7d6ad387.jpg,images/100k/train/a962da31-7d6ad387.jpg,train,train,clear,night,city street
a96c4f6c-fd6ddc55,a96c4f6c-fd6ddc55.jpg,images/100k/train/a96c4f6c-fd6ddc55.jpg,train,train,overcast,daytime,city street
a96c6a5a-e9d9af47,a96c6a5a-e9d9af47.jpg,images/100k/train/a96c6a5a-e9d9af47.jpg,train,train,clear,night,city street
a96d737a-82983dbe,a96d737a-82983dbe.jpg,images/100k/train/a96d737a-82983dbe.jpg,train,train,undefined,daytime,city street
a972ef0f-ce0abe54,a972ef0f-ce0abe54.jpg,images/100k/train/a972ef0f-ce0abe54.jpg,train,train,clear,night,highway
a97888fc-614c86c7,a97888fc-614c86c7.jpg,images/100k/train/a97888fc-614c86c7.jpg,train,train,clear,night,highway
a982b90c-736bb73f,a982b90c-736bb73f.jpg,images/100k/train/a982b90c-736bb73f.jpg,train,train,overcast,daytime,city street
a9860c27-5c7f1ecf,a9860c27-5c7f1ecf.jpg,images/100k/train/a9860c27-5c7f1ecf.jpg,train,train,rainy,daytime,city street
a9860c27-bd80bed1,a9860c27-bd80bed1.jpg,images/100k/train/a9860c27-bd80bed1.jpg,train,train,snowy,daytime,city street
a9867a17-2fbcac85,a9867a17-2fbcac85.jpg,images/100k/train/a9867a17-2fbcac85.jpg,train,train,clear,daytime,city street
a987efac-da801e95,a987efac-da801e95.jpg,images/100k/train/a987efac-da801e95.jpg,train,train,clear,daytime,city street
a98ace27-789b83df,a98ace27-789b83df.jpg,images/100k/train/a98ace27-789b83df.jpg,train,train,clear,daytime,highway
a98faa16-ade1e642,a98faa16-ade1e642.jpg,images/100k/train/a98faa16-ade1e642.jpg,train,train,clear,night,highway
a999ddc2-1531378d,a999ddc2-1531378d.jpg,images/100k/train/a999ddc2-1531378d.jpg,train,train,partly cloudy,daytime,city street
a99f97a5-9a16e5c8,a99f97a5-9a16e5c8.jpg,images/100k/train/a99f97a5-9a16e5c8.jpg,train,train,clear,night,city street
a9a3c44e-e3125d21,a9a3c44e-e3125d21.jpg,images/100k/train/a9a3c44e-e3125d21.jpg,train,train,clear,night,city street
a9a8468e-beed8ab2,a9a8468e-beed8ab2.jpg,images/100k/train/a9a8468e-beed8ab2.jpg,train,train,clear,night,city street
a9acd883-49835763,a9acd883-49835763.jpg,images/100k/train/a9acd883-49835763.jpg,train,train,overcast,daytime,residential
a9bb5c36-24d63a3e,a9bb5c36-24d63a3e.jpg,images/100k/train/a9bb5c36-24d63a3e.jpg,train,train,clear,night,city street
a9c8091c-55170794,a9c8091c-55170794.jpg,images/100k/train/a9c8091c-55170794.jpg,train,train,clear,daytime,city street
a9d88883-a7c80885,a9d88883-a7c80885.jpg,images/100k/train/a9d88883-a7c80885.jpg,train,train,partly cloudy,daytime,city street
a9f25614-a431acfc,a9f25614-a431acfc.jpg,images/100k/train/a9f25614-a431acfc.jpg,train,train,clear,night,highway
a9f5028f-bd8f2fb4,a9f5028f-bd8f2fb4.jpg,images/100k/train/a9f5028f-bd8f2fb4.jpg,train,train,clear,daytime,city street
a9fc335c-b7e734b8,a9fc335c-b7e734b8.jpg,images/100k/train/a9fc335c-b7e734b8.jpg,train,train,overcast,daytime,highway
a9fcd533-aff95e11,a9fcd533-aff95e11.jpg,images/100k/train/a9fcd533-aff95e11.jpg,train,train,undefined,daytime,residential
aa16d322-f9c853f0,aa16d322-f9c853f0.jpg,images/100k/train/aa16d322-f9c853f0.jpg,train,train,rainy,night,city street
aa190499-2b5c7d64,aa190499-2b5c7d64.jpg,images/100k/train/aa190499-2b5c7d64.jpg,train,train,snowy,daytime,city street
aa192869-757e0a4c,aa192869-757e0a4c.jpg,images/100k/train/aa192869-757e0a4c.jpg,train,train,overcast,daytime,highway
aa1e7eb8-29c56808,aa1e7eb8-29c56808.jpg,images/100k/train/aa1e7eb8-29c56808.jpg,train,train,clear,night,city street
aa2ce511-e3ae388f,aa2ce511-e3ae388f.jpg,images/100k/train/aa2ce511-e3ae388f.jpg,train,train,rainy,daytime,highway
aa36a2e2-2757e55a,aa36a2e2-2757e55a.jpg,images/100k/train/aa36a2e2-2757e55a.jpg,train,train,clear,daytime,city street
aa61505b-dc216308,aa61505b-dc216308.jpg,images/100k/train/aa61505b-dc216308.jpg,train,train,clear,daytime,residential
aa7be0cc-7c1c63d0,aa7be0cc-7c1c63d0.jpg,images/100k/train/aa7be0cc-7c1c63d0.jpg,train,train,clear,night,city street
aa7be0cc-b653a3f6,aa7be0cc-b653a3f6.jpg,images/100k/train/aa7be0cc-b653a3f6.jpg,train,train,clear,night,highway
aa83f77c-455d5aa2,aa83f77c-455d5aa2.jpg,images/100k/train/aa83f77c-455d5aa2.jpg,train,train,clear,night,city street
aa88fa0c-5cce2d41,aa88fa0c-5cce2d41.jpg,images/100k/train/aa88fa0c-5cce2d41.jpg,train,train,clear,daytime,highway
aa94c316-cd03350d,aa94c316-cd03350d.jpg,images/100k/train/aa94c316-cd03350d.jpg,train,train,clear,daytime,residential
aa9af0a8-c48c50fb,aa9af0a8-c48c50fb.jpg,images/100k/train/aa9af0a8-c48c50fb.jpg,train,train,clear,daytime,highway
aa9d84a1-6055119e,aa9d84a1-6055119e.jpg,images/100k/train/aa9d84a1-6055119e.jpg,train,train,clear,night,city street
aa9d84a1-eadd44e5,aa9d84a1-eadd44e5.jpg,images/100k/train/aa9d84a1-eadd44e5.jpg,train,train,rainy,night,city street
aacb2d8e-19480975,aacb2d8e-19480975.jpg,images/100k/train/aacb2d8e-19480975.jpg,train,train,clear,night,highway
aaceeaf2-34d42bd0,aaceeaf2-34d42bd0.jpg,images/100k/train/aaceeaf2-34d42bd0.jpg,train,train,overcast,daytime,city street
aad05e3b-a51dd7fb,aad05e3b-a51dd7fb.jpg,images/100k/train/aad05e3b-a51dd7fb.jpg,train,train,snowy,night,city street
aad2d75f-a834f8d7,aad2d75f-a834f8d7.jpg,images/100k/train/aad2d75f-a834f8d7.jpg,train,train,clear,daytime,residential
aad3597b-61eea1da,aad3597b-61eea1da.jpg,images/100k/train/aad3597b-61eea1da.jpg,train,train,clear,night,city street
aad75eb8-94893464,aad75eb8-94893464.jpg,images/100k/train/aad75eb8-94893464.jpg,train,train,clear,night,city street
aadef3dc-e0064aef,aadef3dc-e0064aef.jpg,images/100k/train/aadef3dc-e0064aef.jpg,train,train,undefined,daytime,city street
aaec0f2e-88dbb89c,aaec0f2e-88dbb89c.jpg,images/100k/train/aaec0f2e-88dbb89c.jpg,train,train,clear,night,city street
aaf01276-2e28db75,aaf01276-2e28db75.jpg,images/100k/train/aaf01276-2e28db75.jpg,train,train,clear,night,highway
aaf06fed-d58f266d,aaf06fed-d58f266d.jpg,images/100k/train/aaf06fed-d58f266d.jpg,train,train,overcast,daytime,city street
aafe19f7-8994ad50,aafe19f7-8994ad50.jpg,images/100k/train/aafe19f7-8994ad50.jpg,train,train,snowy,night,city street
ab0735fb-f491ca69,ab0735fb-f491ca69.jpg,images/100k/train/ab0735fb-f491ca69.jpg,train,train,overcast,daytime,residential
ab17f15e-bf3e1aa2,ab17f15e-bf3e1aa2.jpg,images/100k/train/ab17f15e-bf3e1aa2.jpg,train,train,clear,night,city street
ab1f77c4-95d96436,ab1f77c4-95d96436.jpg,images/100k/train/ab1f77c4-95d96436.jpg,train,train,clear,daytime,highway
ab25f06f-4bf3e699,ab25f06f-4bf3e699.jpg,images/100k/train/ab25f06f-4bf3e699.jpg,train,train,undefined,daytime,city street
ab48a1a7-408212d4,ab48a1a7-408212d4.jpg,images/100k/train/ab48a1a7-408212d4.jpg,train,train,clear,daytime,city street
ab5986b9-1dd93af5,ab5986b9-1dd93af5.jpg,images/100k/train/ab5986b9-1dd93af5.jpg,train,train,clear,night,city street
ab5df019-f9205bb1,ab5df019-f9205bb1.jpg,images/100k/train/ab5df019-f9205bb1.jpg,train,train,undefined,daytime,city street
ab7217b3-e81cedf1,ab7217b3-e81cedf1.jpg,images/100k/train/ab7217b3-e81cedf1.jpg,train,train,clear,daytime,city street
ab8095e6-2353f648,ab8095e6-2353f648.jpg,images/100k/train/ab8095e6-2353f648.jpg,train,train,partly cloudy,daytime,city street
ab82af06-265491cb,ab82af06-265491cb.jpg,images/100k/train/ab82af06-265491cb.jpg,train,train,undefined,undefined,highway
ab82fb93-1cc17a12,ab82fb93-1cc17a12.jpg,images/100k/train/ab82fb93-1cc17a12.jpg,train,train,overcast,daytime,city street
abb4dba9-27f1e413,abb4dba9-27f1e413.jpg,images/100k/train/abb4dba9-27f1e413.jpg,train,train,clear,daytime,city street
abb4dba9-34c545d1,abb4dba9-34c545d1.jpg,images/100k/train/abb4dba9-34c545d1.jpg,train,train,clear,daytime,city street
abb4dba9-e3f252db,abb4dba9-e3f252db.jpg,images/100k/train/abb4dba9-e3f252db.jpg,train,train,clear,daytime,city street
abba1b7d-f3df2dd6,abba1b7d-f3df2dd6.jpg,images/100k/train/abba1b7d-f3df2dd6.jpg,train,train,clear,daytime,city street
abc10178-23523aaf,abc10178-23523aaf.jpg,images/100k/train/abc10178-23523aaf.jpg,train,train,clear,daytime,highway
abdf2db1-92d06e32,abdf2db1-92d06e32.jpg,images/100k/train/abdf2db1-92d06e32.jpg,train,train,clear,night,city street
abfc562d-811b069a,abfc562d-811b069a.jpg,images/100k/train/abfc562d-811b069a.jpg,train,train,clear,daytime,highway
ac127234-d1486b99,ac127234-d1486b99.jpg,images/100k/train/ac127234-d1486b99.jpg,train,train,clear,daytime,city street
ac22264f-71a3dc59,ac22264f-71a3dc59.jpg,images/100k/train/ac22264f-71a3dc59.jpg,train,train,clear,night,residential
ac260eb6-3f5fb948,ac260eb6-3f5fb948.jpg,images/100k/train/ac260eb6-3f5fb948.jpg,train,train,clear,night,city street
ac260eb6-b43c9487,ac260eb6-b43c9487.jpg,images/100k/train/ac260eb6-b43c9487.jpg,train,train,clear,night,city street
ac2655c7-460eea0f,ac2655c7-460eea0f.jpg,images/100k/train/ac2655c7-460eea0f.jpg,train,train,clear,dawn/dusk,highway
ac284c2c-b5c1160e,ac284c2c-b5c1160e.jpg,images/100k/train/ac284c2c-b5c1160e.jpg,train,train,rainy,night,highway
ac3af2fd-9d8b461f,ac3af2fd-9d8b461f.jpg,images/100k/train/ac3af2fd-9d8b461f.jpg,train,train,overcast,daytime,highway
ac47d791-78aa7750,ac47d791-78aa7750.jpg,images/100k/train/ac47d791-78aa7750.jpg,train,train,clear,night,highway
ac4debbc-2acdc364,ac4debbc-2acdc364.jpg,images/100k/train/ac4debbc-2acdc364.jpg,train,train,partly cloudy,dawn/dusk,highway
ac63801e-b875bec7,ac63801e-b875bec7.jpg,images/100k/train/ac63801e-b875bec7.jpg,train,train,rainy,dawn/dusk,residential
ac67abe8-af328fe2,ac67abe8-af328fe2.jpg,images/100k/train/ac67abe8-af328fe2.jpg,train,train,clear,night,residential
ac7b804f-948fc6b8,ac7b804f-948fc6b8.jpg,images/100k/train/ac7b804f-948fc6b8.jpg,train,train,undefined,daytime,highway
ac7d427c-a2ddb89d,ac7d427c-a2ddb89d.jpg,images/100k/train/ac7d427c-a2ddb89d.jpg,train,train,clear,night,city street
ac856679-8e84f0fa,ac856679-8e84f0fa.jpg,images/100k/train/ac856679-8e84f0fa.jpg,train,train,clear,daytime,city street
ac863eb0-f514d1b5,ac863eb0-f514d1b5.jpg,images/100k/train/ac863eb0-f514d1b5.jpg,train,train,undefined,daytime,residential
ac866fe0-21bda62e,ac866fe0-21bda62e.jpg,images/100k/train/ac866fe0-21bda62e.jpg,train,train,snowy,daytime,city street
ac88685d-e6b3374b,ac88685d-e6b3374b.jpg,images/100k/train/ac88685d-e6b3374b.jpg,train,train,clear,night,city street
ac8fbda7-4c7a4db7,ac8fbda7-4c7a4db7.jpg,images/100k/train/ac8fbda7-4c7a4db7.jpg,train,train,clear,daytime,city street
ac9490af-be45bb71,ac9490af-be45bb71.jpg,images/100k/train/ac9490af-be45bb71.jpg,train,train,rainy,daytime,city street
ac94dc1f-3aee93ea,ac94dc1f-3aee93ea.jpg,images/100k/train/ac94dc1f-3aee93ea.jpg,train,train,clear,night,highway
ac9859b0-4ccfdeb9,ac9859b0-4ccfdeb9.jpg,images/100k/train/ac9859b0-4ccfdeb9.jpg,train,train,clear,night,city street
ac986974-117b154e,ac986974-117b154e.jpg,images/100k/train/ac986974-117b154e.jpg,train,train,clear,night,highway
ac9be774-547c9d3c,ac9be774-547c9d3c.jpg,images/100k/train/ac9be774-547c9d3c.jpg,train,train,rainy,daytime,city street
acaa0ac6-81e21720,acaa0ac6-81e21720.jpg,images/100k/train/acaa0ac6-81e21720.jpg,train,train,overcast,daytime,city street
acaabc52-00052736,acaabc52-00052736.jpg,images/100k/train/acaabc52-00052736.jpg,train,train,snowy,night,highway
acab11ed-98df4d32,acab11ed-98df4d32.jpg,images/100k/train/acab11ed-98df4d32.jpg,train,train,rainy,daytime,city street
acaf8ada-4dddbdab,acaf8ada-4dddbdab.jpg,images/100k/train/acaf8ada-4dddbdab.jpg,train,train,overcast,daytime,city street
acb564f6-4b665c3d,acb564f6-4b665c3d.jpg,images/100k/train/acb564f6-4b665c3d.jpg,train,train,clear,daytime,city street
acb59e79-718e7a70,acb59e79-718e7a70.jpg,images/100k/train/acb59e79-718e7a70.jpg,train,train,partly cloudy,daytime,residential
acb8409a-6e0ec00f,acb8409a-6e0ec00f.jpg,images/100k/train/acb8409a-6e0ec00f.jpg,train,train,clear,night,city street
acb8409a-8e764649,acb8409a-8e764649.jpg,images/100k/train/acb8409a-8e764649.jpg,train,train,clear,night,highway
acb8409a-bfe20726,acb8409a-bfe20726.jpg,images/100k/train/acb8409a-bfe20726.jpg,train,train,clear,night,city street
acba507b-02516640,acba507b-02516640.jpg,images/100k/train/acba507b-02516640.jpg,train,train,overcast,daytime,highway
acc1de50-9df08c66,acc1de50-9df08c66.jpg,images/100k/train/acc1de50-9df08c66.jpg,train,train,overcast,daytime,city street
acc62e0a-36fb219e,acc62e0a-36fb219e.jpg,images/100k/train/acc62e0a-36fb219e.jpg,train,train,partly cloudy,daytime,city street
acd2ea60-0138a18d,acd2ea60-0138a18d.jpg,images/100k/train/acd2ea60-0138a18d.jpg,train,train,clear,night,highway
acd2ea60-76692b68,acd2ea60-76692b68.jpg,images/100k/train/acd2ea60-76692b68.jpg,train,train,clear,night,city street
ace9bf57-66913449,ace9bf57-66913449.jpg,images/100k/train/ace9bf57-66913449.jpg,train,train,snowy,daytime,city street
acefeacf-2e6c3147,acefeacf-2e6c3147.jpg,images/100k/train/acefeacf-2e6c3147.jpg,train,train,clear,night,city street
acf99c20-6dcf9803,acf99c20-6dcf9803.jpg,images/100k/train/acf99c20-6dcf9803.jpg,train,train,overcast,daytime,residential
acfac0d8-7903ba7e,acfac0d8-7903ba7e.jpg,images/100k/train/acfac0d8-7903ba7e.jpg,train,train,snowy,night,city street
ad01d9a8-6c7c2fe5,ad01d9a8-6c7c2fe5.jpg,images/100k/train/ad01d9a8-6c7c2fe5.jpg,train,train,clear,dawn/dusk,city street
ad080633-f9bcfc73,ad080633-f9bcfc73.jpg,images/100k/train/ad080633-f9bcfc73.jpg,train,train,clear,night,city street
ad09a5b3-81e6d6d7,ad09a5b3-81e6d6d7.jpg,images/100k/train/ad09a5b3-81e6d6d7.jpg,train,train,undefined,daytime,city street
ad09a5b3-92869cc0,ad09a5b3-92869cc0.jpg,images/100k/train/ad09a5b3-92869cc0.jpg,train,train,clear,daytime,city street
ad0a9b41-2c50cf44,ad0a9b41-2c50cf44.jpg,images/100k/train/ad0a9b41-2c50cf44.jpg,train,train,clear,night,city street
ad0a9b41-c2264041,ad0a9b41-c2264041.jpg,images/100k/train/ad0a9b41-c2264041.jpg,train,train,clear,night,city street
ad0b55ab-ed733fad,ad0b55ab-ed733fad.jpg,images/100k/train/ad0b55ab-ed733fad.jpg,train,train,clear,night,highway
ad22a2a2-6ccabeaf,ad22a2a2-6ccabeaf.jpg,images/100k/train/ad22a2a2-6ccabeaf.jpg,train,train,clear,night,city street
ad22a2a2-efdfa29d,ad22a2a2-efdfa29d.jpg,images/100k/train/ad22a2a2-efdfa29d.jpg,train,train,clear,night,city street
ad29b99d-1a1678cf,ad29b99d-1a1678cf.jpg,images/100k/train/ad29b99d-1a1678cf.jpg,train,train,clear,daytime,highway
ad2e90a8-2db1f0ca,ad2e90a8-2db1f0ca.jpg,images/100k/train/ad2e90a8-2db1f0ca.jpg,train,train,clear,night,residential
ad311117-05241216,ad311117-05241216.jpg,images/100k/train/ad311117-05241216.jpg,train,train,snowy,night,city street
ad334601-5a2290a4,ad334601-5a2290a4.jpg,images/100k/train/ad334601-5a2290a4.jpg,train,train,clear,daytime,highway
ad4048b1-8091fca0,ad4048b1-8091fca0.jpg,images/100k/train/ad4048b1-8091fca0.jpg,train,train,partly cloudy,daytime,highway
ad4aa7dd-7c46e42c,ad4aa7dd-7c46e42c.jpg,images/100k/train/ad4aa7dd-7c46e42c.jpg,train,train,partly cloudy,daytime,city street
ad5b24e7-2f34e59e,ad5b24e7-2f34e59e.jpg,images/100k/train/ad5b24e7-2f34e59e.jpg,train,train,clear,night,city street
ad5e7495-4c974b45,ad5e7495-4c974b45.jpg,images/100k/train/ad5e7495-4c974b45.jpg,train,train,overcast,dawn/dusk,city street
ad69b355-346ffaa1,ad69b355-346ffaa1.jpg,images/100k/train/ad69b355-346ffaa1.jpg,train,train,clear,night,parking lot
ad6a61e6-cf9585b1,ad6a61e6-cf9585b1.jpg,images/100k/train/ad6a61e6-cf9585b1.jpg,train,train,clear,night,city street
ad735676-7a2ee276,ad735676-7a2ee276.jpg,images/100k/train/ad735676-7a2ee276.jpg,train,train,overcast,dawn/dusk,city street
ad7bd963-c0111bc7,ad7bd963-c0111bc7.jpg,images/100k/train/ad7bd963-c0111bc7.jpg,train,train,clear,night,highway
ad8a89e6-10a7db9a,ad8a89e6-10a7db9a.jpg,images/100k/train/ad8a89e6-10a7db9a.jpg,train,train,snowy,daytime,city street
ad930b5f-81420809,ad930b5f-81420809.jpg,images/100k/train/ad930b5f-81420809.jpg,train,train,rainy,daytime,city street
ad96cc35-77c7057b,ad96cc35-77c7057b.jpg,images/100k/train/ad96cc35-77c7057b.jpg,train,train,clear,night,city street
ad9ba1e5-13c562a5,ad9ba1e5-13c562a5.jpg,images/100k/train/ad9ba1e5-13c562a5.jpg,train,train,snowy,night,highway
ad9f6825-1370b1d3,ad9f6825-1370b1d3.jpg,images/100k/train/ad9f6825-1370b1d3.jpg,train,train,overcast,dawn/dusk,highway
ad9f7908-42ec36fe,ad9f7908-42ec36fe.jpg,images/100k/train/ad9f7908-42ec36fe.jpg,train,train,clear,dawn/dusk,highway
adb3f1b9-e5ecbf84,adb3f1b9-e5ecbf84.jpg,images/100k/train/adb3f1b9-e5ecbf84.jpg,train,train,clear,daytime,city street
adb77b75-eaf30c6f,adb77b75-eaf30c6f.jpg,images/100k/train/adb77b75-eaf30c6f.jpg,train,train,clear,daytime,city street
adc24344-9bc6847f,adc24344-9bc6847f.jpg,images/100k/train/adc24344-9bc6847f.jpg,train,train,clear,daytime,city street
adca2c74-2a1cd528,adca2c74-2a1cd528.jpg,images/100k/train/adca2c74-2a1cd528.jpg,train,train,clear,night,highway
adce9a88-627528b7,adce9a88-627528b7.jpg,images/100k/train/adce9a88-627528b7.jpg,train,train,clear,night,city street
add8b337-21e04252,add8b337-21e04252.jpg,images/100k/train/add8b337-21e04252.jpg,train,train,clear,daytime,city street
ade4a5b3-9b1a1099,ade4a5b3-9b1a1099.jpg,images/100k/train/ade4a5b3-9b1a1099.jpg,train,train,clear,night,city street
ade54e33-2372776b,ade54e33-2372776b.jpg,images/100k/train/ade54e33-2372776b.jpg,train,train,clear,night,city street
adf24a1c-fa0c8793,adf24a1c-fa0c8793.jpg,images/100k/train/adf24a1c-fa0c8793.jpg,train,train,undefined,daytime,city street
adfc686b-9374abd1,adfc686b-9374abd1.jpg,images/100k/train/adfc686b-9374abd1.jpg,train,train,partly cloudy,daytime,highway
adfc686b-fdf4f784,adfc686b-fdf4f784.jpg,images/100k/train/adfc686b-fdf4f784.jpg,train,train,overcast,daytime,city street
adfc8f5c-14d0c4cd,adfc8f5c-14d0c4cd.jpg,images/100k/train/adfc8f5c-14d0c4cd.jpg,train,train,undefined,daytime,city street
adfc8f5c-7c98b780,adfc8f5c-7c98b780.jpg,images/100k/train/adfc8f5c-7c98b780.jpg,train,train,partly cloudy,night,city street
adfc8f5c-fa1375ca,adfc8f5c-fa1375ca.jpg,images/100k/train/adfc8f5c-fa1375ca.jpg,train,train,undefined,daytime,city street
ae10dc17-17f510a9,ae10dc17-17f510a9.jpg,images/100k/train/ae10dc17-17f510a9.jpg,train,train,partly cloudy,daytime,city street
ae2d52e4-5bcf2f1a,ae2d52e4-5bcf2f1a.jpg,images/100k/train/ae2d52e4-5bcf2f1a.jpg,train,train,overcast,daytime,city street
ae39f31b-1f0cc5cb,ae39f31b-1f0cc5cb.jpg,images/100k/train/ae39f31b-1f0cc5cb.jpg,train,train,clear,night,highway
ae57b479-6ef51932,ae57b479-6ef51932.jpg,images/100k/train/ae57b479-6ef51932.jpg,train,train,clear,night,highway
ae5c8bf2-e76fb1e5,ae5c8bf2-e76fb1e5.jpg,images/100k/train/ae5c8bf2-e76fb1e5.jpg,train,train,foggy,night,highway
ae644473-67b90d32,ae644473-67b90d32.jpg,images/100k/train/ae644473-67b90d32.jpg,train,train,undefined,daytime,city street
ae648681-0d6bf23a,ae648681-0d6bf23a.jpg,images/100k/train/ae648681-0d6bf23a.jpg,train,train,clear,night,highway
ae8327a0-92afe00b,ae8327a0-92afe00b.jpg,images/100k/train/ae8327a0-92afe00b.jpg,train,train,clear,night,city street
ae8327a0-9d6c0133,ae8327a0-9d6c0133.jpg,images/100k/train/ae8327a0-9d6c0133.jpg,train,train,clear,night,city street
ae8cd6f9-e9d6e01f,ae8cd6f9-e9d6e01f.jpg,images/100k/train/ae8cd6f9-e9d6e01f.jpg,train,train,clear,night,city street
aea0ba60-69937a6f,aea0ba60-69937a6f.jpg,images/100k/train/aea0ba60-69937a6f.jpg,train,train,rainy,dawn/dusk,city street
aea0d3f5-b2b91445,aea0d3f5-b2b91445.jpg,images/100k/train/aea0d3f5-b2b91445.jpg,train,train,clear,night,highway
aebcff76-2b79fa1b,aebcff76-2b79fa1b.jpg,images/100k/train/aebcff76-2b79fa1b.jpg,train,train,clear,daytime,residential
aec3de26-449db490,aec3de26-449db490.jpg,images/100k/train/aec3de26-449db490.jpg,train,train,clear,night,city street
aec6a941-e42c8ae3,aec6a941-e42c8ae3.jpg,images/100k/train/aec6a941-e42c8ae3.jpg,train,train,undefined,night,city street
aed3abaf-4626fa13,aed3abaf-4626fa13.jpg,images/100k/train/aed3abaf-4626fa13.jpg,train,train,undefined,daytime,city street
aed8325d-e1c88177,aed8325d-e1c88177.jpg,images/100k/train/aed8325d-e1c88177.jpg,train,train,overcast,daytime,highway
af0ffe11-31467fd4,af0ffe11-31467fd4.jpg,images/100k/train/af0ffe11-31467fd4.jpg,train,train,overcast,daytime,residential
af19251c-538d0b92,af19251c-538d0b92.jpg,images/100k/train/af19251c-538d0b92.jpg,train,train,snowy,daytime,city street
af19a342-37c5a550,af19a342-37c5a550.jpg,images/100k/train/af19a342-37c5a550.jpg,train,train,clear,daytime,residential
af23da31-91e684e3,af23da31-91e684e3.jpg,images/100k/train/af23da31-91e684e3.jpg,train,train,clear,night,city street
af263edb-c256ebbe,af263edb-c256ebbe.jpg,images/100k/train/af263edb-c256ebbe.jpg,train,train,clear,night,highway
af265364-91fdf6d3,af265364-91fdf6d3.jpg,images/100k/train/af265364-91fdf6d3.jpg,train,train,overcast,daytime,city street
af312334-c6739635,af312334-c6739635.jpg,images/100k/train/af312334-c6739635.jpg,train,train,clear,night,city street
af32afc9-16361024,af32afc9-16361024.jpg,images/100k/train/af32afc9-16361024.jpg,train,train,clear,daytime,residential
af3d1d6b-333c6d30,af3d1d6b-333c6d30.jpg,images/100k/train/af3d1d6b-333c6d30.jpg,train,train,undefined,daytime,highway
af46c99c-efdd959a,af46c99c-efdd959a.jpg,images/100k/train/af46c99c-efdd959a.jpg,train,train,partly cloudy,dawn/dusk,city street
af59aee0-759730e7,af59aee0-759730e7.jpg,images/100k/train/af59aee0-759730e7.jpg,train,train,overcast,daytime,city street
af646be5-e897ca9f,af646be5-e897ca9f.jpg,images/100k/train/af646be5-e897ca9f.jpg,train,train,clear,daytime,highway
af6848a2-3199a32b,af6848a2-3199a32b.jpg,images/100k/train/af6848a2-3199a32b.jpg,train,train,overcast,daytime,city street
af7dc725-8440c33b,af7dc725-8440c33b.jpg,images/100k/train/af7dc725-8440c33b.jpg,train,train,clear,daytime,highway
af82cb50-0ee7c3c6,af82cb50-0ee7c3c6.jpg,images/100k/train/af82cb50-0ee7c3c6.jpg,train,train,snowy,night,city street
af841466-ae680c69,af841466-ae680c69.jpg,images/100k/train/af841466-ae680c69.jpg,train,train,clear,night,city street
af8863c7-86a30311,af8863c7-86a30311.jpg,images/100k/train/af8863c7-86a30311.jpg,train,train,clear,night,city street
af8b2be8-ccb42fc1,af8b2be8-ccb42fc1.jpg,images/100k/train/af8b2be8-ccb42fc1.jpg,train,train,clear,daytime,city street
af8c093b-5a7e5ca1,af8c093b-5a7e5ca1.jpg,images/100k/train/af8c093b-5a7e5ca1.jpg,train,train,undefined,daytime,city street
af8c300d-0a2a406a,af8c300d-0a2a406a.jpg,images/100k/train/af8c300d-0a2a406a.jpg,train,train,clear,night,city street
af93d29b-5e8c3afe,af93d29b-5e8c3afe.jpg,images/100k/train/af93d29b-5e8c3afe.jpg,train,train,clear,dawn/dusk,city street
af9fd7dc-6e9c04c4,af9fd7dc-6e9c04c4.jpg,images/100k/train/af9fd7dc-6e9c04c4.jpg,train,train,clear,night,city street
afa48906-e68263d9,afa48906-e68263d9.jpg,images/100k/train/afa48906-e68263d9.jpg,train,train,clear,night,city street
afa56e5b-97020146,afa56e5b-97020146.jpg,images/100k/train/afa56e5b-97020146.jpg,train,train,clear,night,highway
afb45051-f5be78bc,afb45051-f5be78bc.jpg,images/100k/train/afb45051-f5be78bc.jpg,train,train,snowy,night,city street
afbcc97f-eab3d2fd,afbcc97f-eab3d2fd.jpg,images/100k/train/afbcc97f-eab3d2fd.jpg,train,train,clear,daytime,city street
afc1e23b-57a3483b,afc1e23b-57a3483b.jpg,images/100k/train/afc1e23b-57a3483b.jpg,train,train,snowy,daytime,residential
afd91ae8-f994ab98,afd91ae8-f994ab98.jpg,images/100k/train/afd91ae8-f994ab98.jpg,train,train,clear,daytime,city street
afdefbf2-fd0505fa,afdefbf2-fd0505fa.jpg,images/100k/train/afdefbf2-fd0505fa.jpg,train,train,clear,daytime,city street
afe35b87-0a9acea6,afe35b87-0a9acea6.jpg,images/100k/train/afe35b87-0a9acea6.jpg,train,train,undefined,daytime,city street
afec5c3c-e818cd75,afec5c3c-e818cd75.jpg,images/100k/train/afec5c3c-e818cd75.jpg,train,train,overcast,daytime,residential
aff7a87c-2384f2ae,aff7a87c-2384f2ae.jpg,images/100k/train/aff7a87c-2384f2ae.jpg,train,train,overcast,daytime,city street
affb2024-8dd1bebd,affb2024-8dd1bebd.jpg,images/100k/train/affb2024-8dd1bebd.jpg,train,train,clear,daytime,city street
affb45a2-ae54be82,affb45a2-ae54be82.jpg,images/100k/train/affb45a2-ae54be82.jpg,train,train,snowy,daytime,city street
b001a7ce-5cbc6e0b,b001a7ce-5cbc6e0b.jpg,images/100k/train/b001a7ce-5cbc6e0b.jpg,train,train,rainy,daytime,residential
b002b825-848cc03f,b002b825-848cc03f.jpg,images/100k/train/b002b825-848cc03f.jpg,train,train,clear,daytime,residential
b007edea-158f4588,b007edea-158f4588.jpg,images/100k/train/b007edea-158f4588.jpg,train,train,snowy,daytime,residential
b00b16aa-0c6cb201,b00b16aa-0c6cb201.jpg,images/100k/train/b00b16aa-0c6cb201.jpg,train,train,rainy,night,city street
b0142fc1-11ff8afe,b0142fc1-11ff8afe.jpg,images/100k/train/b0142fc1-11ff8afe.jpg,train,train,clear,night,city street
b01e39e0-2c38b336,b01e39e0-2c38b336.jpg,images/100k/train/b01e39e0-2c38b336.jpg,train,train,clear,daytime,highway
b026243f-cc5f5d01,b026243f-cc5f5d01.jpg,images/100k/train/b026243f-cc5f5d01.jpg,train,train,clear,night,city street
b029ca42-08e9cc7b,b029ca42-08e9cc7b.jpg,images/100k/train/b029ca42-08e9cc7b.jpg,train,train,overcast,daytime,city street
b030c388-0272f853,b030c388-0272f853.jpg,images/100k/train/b030c388-0272f853.jpg,train,train,undefined,daytime,city street
b035c891-31cc150e,b035c891-31cc150e.jpg,images/100k/train/b035c891-31cc150e.jpg,train,train,clear,night,city street
b03efb98-3e2427d3,b03efb98-3e2427d3.jpg,images/100k/train/b03efb98-3e2427d3.jpg,train,train,clear,night,city street
b04423c0-51830b54,b04423c0-51830b54.jpg,images/100k/train/b04423c0-51830b54.jpg,train,train,overcast,daytime,city street
b0674bdf-fe511adb,b0674bdf-fe511adb.jpg,images/100k/train/b0674bdf-fe511adb.jpg,train,train,clear,daytime,city street
b06e051d-99c6e445,b06e051d-99c6e445.jpg,images/100k/train/b06e051d-99c6e445.jpg,train,train,overcast,daytime,city street
b06ef369-cfdbd767,b06ef369-cfdbd767.jpg,images/100k/train/b06ef369-cfdbd767.jpg,train,train,overcast,daytime,residential
b08b7f57-d2b30def,b08b7f57-d2b30def.jpg,images/100k/train/b08b7f57-d2b30def.jpg,train,train,clear,night,city street
b08cff3e-21c6ff47,b08cff3e-21c6ff47.jpg,images/100k/train/b08cff3e-21c6ff47.jpg,train,train,partly cloudy,daytime,residential
b0a1dce9-172a4cee,b0a1dce9-172a4cee.jpg,images/100k/train/b0a1dce9-172a4cee.jpg,train,train,snowy,daytime,city street
b0a2a5d9-136b6766,b0a2a5d9-136b6766.jpg,images/100k/train/b0a2a5d9-136b6766.jpg,train,train,rainy,daytime,city street
b0a681c2-c728a579,b0a681c2-c728a579.jpg,images/100k/train/b0a681c2-c728a579.jpg,train,train,clear,night,city street
b0a79aea-3e5cfad9,b0a79aea-3e5cfad9.jpg,images/100k/train/b0a79aea-3e5cfad9.jpg,train,train,clear,dawn/dusk,city street
b0d7053d-5a1c1396,b0d7053d-5a1c1396.jpg,images/100k/train/b0d7053d-5a1c1396.jpg,train,train,clear,daytime,highway
b0d886df-e42b3458,b0d886df-e42b3458.jpg,images/100k/train/b0d886df-e42b3458.jpg,train,train,undefined,daytime,city street
b0daef2e-5fcd4ac1,b0daef2e-5fcd4ac1.jpg,images/100k/train/b0daef2e-5fcd4ac1.jpg,train,train,partly cloudy,daytime,city street
b0de73ec-e9f2b7a3,b0de73ec-e9f2b7a3.jpg,images/100k/train/b0de73ec-e9f2b7a3.jpg,train,train,clear,daytime,residential
b0e31ba3-cf8b8cab,b0e31ba3-cf8b8cab.jpg,images/100k/train/b0e31ba3-cf8b8cab.jpg,train,train,clear,daytime,city street
b100cbdc-48b60343,b100cbdc-48b60343.jpg,images/100k/train/b100cbdc-48b60343.jpg,train,train,overcast,daytime,city street
b104ea50-c763daf0,b104ea50-c763daf0.jpg,images/100k/train/b104ea50-c763daf0.jpg,train,train,clear,night,city street
b10bdf79-56e9e0b7,b10bdf79-56e9e0b7.jpg,images/100k/train/b10bdf79-56e9e0b7.jpg,train,train,clear,daytime,city street
b11496d7-20b00dbb,b11496d7-20b00dbb.jpg,images/100k/train/b11496d7-20b00dbb.jpg,train,train,clear,dawn/dusk,highway
b11496d7-b8f50091,b11496d7-b8f50091.jpg,images/100k/train/b11496d7-b8f50091.jpg,train,train,undefined,daytime,city street
b119d566-d2309c8f,b119d566-d2309c8f.jpg,images/100k/train/b119d566-d2309c8f.jpg,train,train,clear,night,city street
b12056ac-5844beff,b12056ac-5844beff.jpg,images/100k/train/b12056ac-5844beff.jpg,train,train,partly cloudy,daytime,residential
b12555b9-bcdc4b11,b12555b9-bcdc4b11.jpg,images/100k/train/b12555b9-bcdc4b11.jpg,train,train,clear,daytime,city street
b126444f-339cf91e,b126444f-339cf91e.jpg,images/100k/train/b126444f-339cf91e.jpg,train,train,partly cloudy,dawn/dusk,city street
b12992c7-905a389e,b12992c7-905a389e.jpg,images/100k/train/b12992c7-905a389e.jpg,train,train,snowy,daytime,highway
b136762d-cf240165,b136762d-cf240165.jpg,images/100k/train/b136762d-cf240165.jpg,train,train,rainy,night,residential
b142d842-170b69e2,b142d842-170b69e2.jpg,images/100k/train/b142d842-170b69e2.jpg,train,train,clear,night,highway
b1441884-f58755c9,b1441884-f58755c9.jpg,images/100k/train/b1441884-f58755c9.jpg,train,train,snowy,daytime,city street
b1441e28-2ce5325b,b1441e28-2ce5325b.jpg,images/100k/train/b1441e28-2ce5325b.jpg,train,train,clear,daytime,highway
b14bb3bf-f2ed2da7,b14bb3bf-f2ed2da7.jpg,images/100k/train/b14bb3bf-f2ed2da7.jpg,train,train,clear,night,city street
b1537934-92627113,b1537934-92627113.jpg,images/100k/train/b1537934-92627113.jpg,train,train,clear,daytime,city street
b15a1b45-de014171,b15a1b45-de014171.jpg,images/100k/train/b15a1b45-de014171.jpg,train,train,clear,night,city street
b15d8b83-44f8b1c1,b15d8b83-44f8b1c1.jpg,images/100k/train/b15d8b83-44f8b1c1.jpg,train,train,clear,night,undefined
b1892767-1782f101,b1892767-1782f101.jpg,images/100k/train/b1892767-1782f101.jpg,train,train,snowy,daytime,city street
b18ad0fa-0d3a365e,b18ad0fa-0d3a365e.jpg,images/100k/train/b18ad0fa-0d3a365e.jpg,train,train,clear,daytime,city street
b1a6893b-aa12c477,b1a6893b-aa12c477.jpg,images/100k/train/b1a6893b-aa12c477.jpg,train,train,rainy,night,city street
b1a9fe35-6f56670f,b1a9fe35-6f56670f.jpg,images/100k/train/b1a9fe35-6f56670f.jpg,train,train,overcast,daytime,residential
b1bc61a3-f56a0895,b1bc61a3-f56a0895.jpg,images/100k/train/b1bc61a3-f56a0895.jpg,train,train,overcast,daytime,city street
fdb9def6-8588121f,fdb9def6-8588121f.jpg,images/100k/train/fdb9def6-8588121f.jpg,train,train,clear,daytime,residential
fdd1152e-2c379e9c,fdd1152e-2c379e9c.jpg,images/100k/train/fdd1152e-2c379e9c.jpg,train,train,clear,dawn/dusk,city street
fdde4595-0c2e57a3,fdde4595-0c2e57a3.jpg,images/100k/train/fdde4595-0c2e57a3.jpg,train,train,clear,night,city street
fdf1e7d5-b422225c,fdf1e7d5-b422225c.jpg,images/100k/train/fdf1e7d5-b422225c.jpg,train,train,rainy,daytime,city street
fe061a05-90963731,fe061a05-90963731.jpg,images/100k/train/fe061a05-90963731.jpg,train,train,clear,night,highway
00207869-046fa443,00207869-046fa443.jpg,images/100k/train/00207869-046fa443.jpg,train,val,clear,daytime,city street
0024b742-acbed4fb,0024b742-acbed4fb.jpg,images/100k/train/0024b742-acbed4fb.jpg,train,val,rainy,daytime,city street
002827ad-8748e2fb,002827ad-8748e2fb.jpg,images/100k/train/002827ad-8748e2fb.jpg,train,val,undefined,daytime,city street
002d290d-89d1aea8,002d290d-89d1aea8.jpg,images/100k/train/002d290d-89d1aea8.jpg,train,val,partly cloudy,daytime,city street
0049e5b8-afda7206,0049e5b8-afda7206.jpg,images/100k/train/0049e5b8-afda7206.jpg,train,val,clear,daytime,highway
008d2a0a-ac995caf,008d2a0a-ac995caf.jpg,images/100k/train/008d2a0a-ac995caf.jpg,train,val,clear,night,highway
009215e2-62d79d70,009215e2-62d79d70.jpg,images/100k/train/009215e2-62d79d70.jpg,train,val,clear,night,city street
00dc5030-237e7f71,00dc5030-237e7f71.jpg,images/100k/train/00dc5030-237e7f71.jpg,train,val,snowy,dawn/dusk,city street
01118704-e91b1b1c,01118704-e91b1b1c.jpg,images/100k/train/01118704-e91b1b1c.jpg,train,val,clear,daytime,highway
013ae324-9d336f91,013ae324-9d336f91.jpg,images/100k/train/013ae324-9d336f91.jpg,train,val,overcast,daytime,city street
01818f85-6397dd75,01818f85-6397dd75.jpg,images/100k/train/01818f85-6397dd75.jpg,train,val,overcast,daytime,city street
01d3a4d7-c76b7e73,01d3a4d7-c76b7e73.jpg,images/100k/train/01d3a4d7-c76b7e73.jpg,train,val,overcast,daytime,city street
0234afb5-874e7f20,0234afb5-874e7f20.jpg,images/100k/train/0234afb5-874e7f20.jpg,train,val,clear,night,city street
0245bba2-d34755ef,0245bba2-d34755ef.jpg,images/100k/train/0245bba2-d34755ef.jpg,train,val,clear,dawn/dusk,residential
02621ea2-399eaeb2,02621ea2-399eaeb2.jpg,images/100k/train/02621ea2-399eaeb2.jpg,train,val,rainy,night,city street
028258e3-88d36a7b,028258e3-88d36a7b.jpg,images/100k/train/028258e3-88d36a7b.jpg,train,val,clear,night,city street
0289eba3-1c552656,0289eba3-1c552656.jpg,images/100k/train/0289eba3-1c552656.jpg,train,val,undefined,dawn/dusk,city street
02d478d1-9ce5120d,02d478d1-9ce5120d.jpg,images/100k/train/02d478d1-9ce5120d.jpg,train,val,rainy,night,city street
03112119-a36f2a78,03112119-a36f2a78.jpg,images/100k/train/03112119-a36f2a78.jpg,train,val,rainy,daytime,city street
0337fd00-e231ff51,0337fd00-e231ff51.jpg,images/100k/train/0337fd00-e231ff51.jpg,train,val,partly cloudy,daytime,city street
034fbacd-2017ee15,034fbacd-2017ee15.jpg,images/100k/train/034fbacd-2017ee15.jpg,train,val,overcast,daytime,city street
036f3b5f-ee1521de,036f3b5f-ee1521de.jpg,images/100k/train/036f3b5f-ee1521de.jpg,train,val,clear,night,city street
03799690-eb48b0b7,03799690-eb48b0b7.jpg,images/100k/train/03799690-eb48b0b7.jpg,train,val,clear,night,city street
039f729b-9f86828d,039f729b-9f86828d.jpg,images/100k/train/039f729b-9f86828d.jpg,train,val,undefined,night,highway
03a2c043-647da9c7,03a2c043-647da9c7.jpg,images/100k/train/03a2c043-647da9c7.jpg,train,val,clear,night,city street
03c28a8d-19a0e7ec,03c28a8d-19a0e7ec.jpg,images/100k/train/03c28a8d-19a0e7ec.jpg,train,val,clear,night,highway
03d767c8-1012d4f8,03d767c8-1012d4f8.jpg,images/100k/train/03d767c8-1012d4f8.jpg,train,val,clear,daytime,highway
03da60f5-4495144e,03da60f5-4495144e.jpg,images/100k/train/03da60f5-4495144e.jpg,train,val,clear,daytime,city street
04076a65-052f6027,04076a65-052f6027.jpg,images/100k/train/04076a65-052f6027.jpg,train,val,overcast,daytime,residential
04299f0f-826f428b,04299f0f-826f428b.jpg,images/100k/train/04299f0f-826f428b.jpg,train,val,clear,night,highway
0429dca3-034fed57,0429dca3-034fed57.jpg,images/100k/train/0429dca3-034fed57.jpg,train,val,partly cloudy,dawn/dusk,city street
043270e9-1722314e,043270e9-1722314e.jpg,images/100k/train/043270e9-1722314e.jpg,train,val,partly cloudy,daytime,city street
044798d1-89915d03,044798d1-89915d03.jpg,images/100k/train/044798d1-89915d03.jpg,train,val,clear,night,city street
04a56cad-6e80e89e,04a56cad-6e80e89e.jpg,images/100k/train/04a56cad-6e80e89e.jpg,train,val,clear,night,residential
051da193-a0328cfd,051da193-a0328cfd.jpg,images/100k/train/051da193-a0328cfd.jpg,train,val,undefined,daytime,city street
05476b39-9d783f66,05476b39-9d783f66.jpg,images/100k/train/05476b39-9d783f66.jpg,train,val,rainy,dawn/dusk,city street
0549f27d-a2302b48,0549f27d-a2302b48.jpg,images/100k/train/0549f27d-a2302b48.jpg,train,val,clear,night,city street
055e339a-1c6cb352,055e339a-1c6cb352.jpg,images/100k/train/055e339a-1c6cb352.jpg,train,val,clear,night,residential
0568da9f-a9e68991,0568da9f-a9e68991.jpg,images/100k/train/0568da9f-a9e68991.jpg,train,val,clear,night,city street
056db1a0-b6a1bb41,056db1a0-b6a1bb41.jpg,images/100k/train/056db1a0-b6a1bb41.jpg,train,val,clear,daytime,parking lot
0594b1a4-235a835a,0594b1a4-235a835a.jpg,images/100k/train/0594b1a4-235a835a.jpg,train,val,overcast,daytime,city street
0594b389-b9dc31c1,0594b389-b9dc31c1.jpg,images/100k/train/0594b389-b9dc31c1.jpg,train,val,clear,daytime,city street
05ac9eed-66967885,05ac9eed-66967885.jpg,images/100k/train/05ac9eed-66967885.jpg,train,val,overcast,dawn/dusk,city street
05b2c6da-e1425d1d,05b2c6da-e1425d1d.jpg,images/100k/train/05b2c6da-e1425d1d.jpg,train,val,clear,daytime,city street
05e61937-2a153bb7,05e61937-2a153bb7.jpg,images/100k/train/05e61937-2a153bb7.jpg,train,val,clear,night,city street
05f57917-064b95b6,05f57917-064b95b6.jpg,images/100k/train/05f57917-064b95b6.jpg,train,val,clear,daytime,highway
06218dd8-085f4f5c,06218dd8-085f4f5c.jpg,images/100k/train/06218dd8-085f4f5c.jpg,train,val,overcast,daytime,city street
0672c229-4d6e08a2,0672c229-4d6e08a2.jpg,images/100k/train/0672c229-4d6e08a2.jpg,train,val,snowy,daytime,city street
06791257-b0e1ab7c,06791257-b0e1ab7c.jpg,images/100k/train/06791257-b0e1ab7c.jpg,train,val,undefined,daytime,highway
0689412f-023a7cb5,0689412f-023a7cb5.jpg,images/100k/train/0689412f-023a7cb5.jpg,train,val,clear,daytime,city street
06a93a2c-64127de3,06a93a2c-64127de3.jpg,images/100k/train/06a93a2c-64127de3.jpg,train,val,clear,daytime,highway
06cefa8d-bc1fd9ab,06cefa8d-bc1fd9ab.jpg,images/100k/train/06cefa8d-bc1fd9ab.jpg,train,val,clear,dawn/dusk,residential
06f03de8-68743b21,06f03de8-68743b21.jpg,images/100k/train/06f03de8-68743b21.jpg,train,val,undefined,daytime,city street
06f21218-aeea7a8e,06f21218-aeea7a8e.jpg,images/100k/train/06f21218-aeea7a8e.jpg,train,val,clear,dawn/dusk,city street
06f9786e-16c538fd,06f9786e-16c538fd.jpg,images/100k/train/06f9786e-16c538fd.jpg,train,val,clear,night,city street
06ff7d61-e2930879,06ff7d61-e2930879.jpg,images/100k/train/06ff7d61-e2930879.jpg,train,val,rainy,night,city street
07454314-345ae74a,07454314-345ae74a.jpg,images/100k/train/07454314-345ae74a.jpg,train,val,undefined,daytime,city street
0770cd2d-58c39df2,0770cd2d-58c39df2.jpg,images/100k/train/0770cd2d-58c39df2.jpg,train,val,partly cloudy,daytime,city street
07ac61f0-ff9a1f3f,07ac61f0-ff9a1f3f.jpg,images/100k/train/07ac61f0-ff9a1f3f.jpg,train,val,clear,night,city street
07bb2855-745edab3,07bb2855-745edab3.jpg,images/100k/train/07bb2855-745edab3.jpg,train,val,clear,night,city street
07db090a-3abe99ae,07db090a-3abe99ae.jpg,images/100k/train/07db090a-3abe99ae.jpg,train,val,clear,night,city street
083bc808-b649e045,083bc808-b649e045.jpg,images/100k/train/083bc808-b649e045.jpg,train,val,clear,night,city street
084e4b32-b15dad06,084e4b32-b15dad06.jpg,images/100k/train/084e4b32-b15dad06.jpg,train,val,undefined,daytime,city street
08ad7534-57392f9d,08ad7534-57392f9d.jpg,images/100k/train/08ad7534-57392f9d.jpg,train,val,rainy,dawn/dusk,highway
08dd4b3a-99f45543,08dd4b3a-99f45543.jpg,images/100k/train/08dd4b3a-99f45543.jpg,train,val,clear,daytime,residential
08ffb626-6a845e7a,08ffb626-6a845e7a.jpg,images/100k/train/08ffb626-6a845e7a.jpg,train,val,partly cloudy,daytime,city street
094f8e7d-6ce79636,094f8e7d-6ce79636.jpg,images/100k/train/094f8e7d-6ce79636.jpg,train,val,clear,night,city street
097450c5-3e2b46e6,097450c5-3e2b46e6.jpg,images/100k/train/097450c5-3e2b46e6.jpg,train,val,snowy,night,city street
097e9d4a-1c00366e,097e9d4a-1c00366e.jpg,images/100k/train/097e9d4a-1c00366e.jpg,train,val,clear,night,highway
0989aa44-922b38b2,0989aa44-922b38b2.jpg,images/100k/train/0989aa44-922b38b2.jpg,train,val,clear,night,highway
09ac7416-a3f1d634,09ac7416-a3f1d634.jpg,images/100k/train/09ac7416-a3f1d634.jpg,train,val,clear,night,city street
09d9403c-acd80000,09d9403c-acd80000.jpg,images/100k/train/09d9403c-acd80000.jpg,train,val,clear,night,residential
09edad8a-aac9a434,09edad8a-aac9a434.jpg,images/100k/train/09edad8a-aac9a434.jpg,train,val,clear,night,city street
09fc7779-a40fa3c6,09fc7779-a40fa3c6.jpg,images/100k/train/09fc7779-a40fa3c6.jpg,train,val,clear,night,city street
0a649d81-cbee318e,0a649d81-cbee318e.jpg,images/100k/train/0a649d81-cbee318e.jpg,train,val,undefined,daytime,city street
0a800f65-b2f82256,0a800f65-b2f82256.jpg,images/100k/train/0a800f65-b2f82256.jpg,train,val,clear,daytime,highway
0a987fbc-b9a867df,0a987fbc-b9a867df.jpg,images/100k/train/0a987fbc-b9a867df.jpg,train,val,clear,night,city street
0ac0714b-952bcf85,0ac0714b-952bcf85.jpg,images/100k/train/0ac0714b-952bcf85.jpg,train,val,clear,daytime,city street
0ac58985-18c19f17,0ac58985-18c19f17.jpg,images/100k/train/0ac58985-18c19f17.jpg,train,val,clear,daytime,highway
0b3912a8-ac966f70,0b3912a8-ac966f70.jpg,images/100k/train/0b3912a8-ac966f70.jpg,train,val,snowy,night,city street
0b53476e-9d258f61,0b53476e-9d258f61.jpg,images/100k/train/0b53476e-9d258f61.jpg,train,val,clear,daytime,city street
0b669851-11a95d4f,0b669851-11a95d4f.jpg,images/100k/train/0b669851-11a95d4f.jpg,train,val,clear,dawn/dusk,highway
0b833acc-7d592423,0b833acc-7d592423.jpg,images/100k/train/0b833acc-7d592423.jpg,train,val,rainy,night,city street
0bc866ed-65b95343,0bc866ed-65b95343.jpg,images/100k/train/0bc866ed-65b95343.jpg,train,val,rainy,daytime,highway
0bd82719-c2549b10,0bd82719-c2549b10.jpg,images/100k/train/0bd82719-c2549b10.jpg,train,val,clear,night,city street
0bf2ee26-bcfb308c,0bf2ee26-bcfb308c.jpg,images/100k/train/0bf2ee26-bcfb308c.jpg,train,val,snowy,night,city street
0c3eee84-79b49aaa,0c3eee84-79b49aaa.jpg,images/100k/train/0c3eee84-79b49aaa.jpg,train,val,overcast,daytime,city street
0c4ede7c-cb4ef24f,0c4ede7c-cb4ef24f.jpg,images/100k/train/0c4ede7c-cb4ef24f.jpg,train,val,overcast,daytime,city street
0c91c363-9e274ad1,0c91c363-9e274ad1.jpg,images/100k/train/0c91c363-9e274ad1.jpg,train,val,clear,daytime,highway
0c963de2-245121a7,0c963de2-245121a7.jpg,images/100k/train/0c963de2-245121a7.jpg,train,val,clear,night,city street
0c984e6d-2b5d7ee4,0c984e6d-2b5d7ee4.jpg,images/100k/train/0c984e6d-2b5d7ee4.jpg,train,val,clear,daytime,highway
0cc675b1-ebf1b337,0cc675b1-ebf1b337.jpg,images/100k/train/0cc675b1-ebf1b337.jpg,train,val,undefined,daytime,city street
0cebed8e-453506d6,0cebed8e-453506d6.jpg,images/100k/train/0cebed8e-453506d6.jpg,train,val,clear,night,highway
0d03369b-084a5107,0d03369b-084a5107.jpg,images/100k/train/0d03369b-084a5107.jpg,train,val,overcast,daytime,city street
0d4d66bf-2d327e43,0d4d66bf-2d327e43.jpg,images/100k/train/0d4d66bf-2d327e43.jpg,train,val,clear,dawn/dusk,city street
0d62200b-85aeaa3d,0d62200b-85aeaa3d.jpg,images/100k/train/0d62200b-85aeaa3d.jpg,train,val,clear,daytime,city street
0d921414-80c793a4,0d921414-80c793a4.jpg,images/100k/train/0d921414-80c793a4.jpg,train,val,undefined,daytime,city street
0d94657d-c7a9680b,0d94657d-c7a9680b.jpg,images/100k/train/0d94657d-c7a9680b.jpg,train,val,overcast,daytime,highway
0d9b0c00-bfc2ff1b,0d9b0c00-bfc2ff1b.jpg,images/100k/train/0d9b0c00-bfc2ff1b.jpg,train,val,clear,night,city street
0db8e555-8cb8f220,0db8e555-8cb8f220.jpg,images/100k/train/0db8e555-8cb8f220.jpg,train,val,snowy,night,city street
0dd60c33-657759b7,0dd60c33-657759b7.jpg,images/100k/train/0dd60c33-657759b7.jpg,train,val,clear,night,city street
0dd61039-a1a18769,0dd61039-a1a18769.jpg,images/100k/train/0dd61039-a1a18769.jpg,train,val,clear,night,highway
0e0158e0-41f5e67f,0e0158e0-41f5e67f.jpg,images/100k/train/0e0158e0-41f5e67f.jpg,train,val,undefined,daytime,city street
0e363dc5-c52ce1b9,0e363dc5-c52ce1b9.jpg,images/100k/train/0e363dc5-c52ce1b9.jpg,train,val,clear,night,residential
0e3df9ca-25411b5d,0e3df9ca-25411b5d.jpg,images/100k/train/0e3df9ca-25411b5d.jpg,train,val,clear,daytime,residential
0e510b74-c2f5310d,0e510b74-c2f5310d.jpg,images/100k/train/0e510b74-c2f5310d.jpg,train,val,clear,night,highway
0e5ec65d-9a9fe035,0e5ec65d-9a9fe035.jpg,images/100k/train/0e5ec65d-9a9fe035.jpg,train,val,clear,daytime,city street
0ea2cab3-e5d8177a,0ea2cab3-e5d8177a.jpg,images/100k/train/0ea2cab3-e5d8177a.jpg,train,val,snowy,night,city street
0ecc89ce-a5dc232e,0ecc89ce-a5dc232e.jpg,images/100k/train/0ecc89ce-a5dc232e.jpg,train,val,clear,dawn/dusk,city street
0f38363c-96b28b7c,0f38363c-96b28b7c.jpg,images/100k/train/0f38363c-96b28b7c.jpg,train,val,overcast,daytime,residential
0f8fd55d-a77de0d3,0f8fd55d-a77de0d3.jpg,images/100k/train/0f8fd55d-a77de0d3.jpg,train,val,clear,daytime,highway
0fb1f818-f554c41d,0fb1f818-f554c41d.jpg,images/100k/train/0fb1f818-f554c41d.jpg,train,val,clear,night,highway
1002a4f6-995b822a,1002a4f6-995b822a.jpg,images/100k/train/1002a4f6-995b822a.jpg,train,val,clear,night,city street
1011965d-fe6da6ab,1011965d-fe6da6ab.jpg,images/100k/train/1011965d-fe6da6ab.jpg,train,val,clear,daytime,highway
103b71c6-4d687751,103b71c6-4d687751.jpg,images/100k/train/103b71c6-4d687751.jpg,train,val,partly cloudy,daytime,residential
10739276-9131b28a,10739276-9131b28a.jpg,images/100k/train/10739276-9131b28a.jpg,train,val,snowy,dawn/dusk,city street
10d36198-146d0ca2,10d36198-146d0ca2.jpg,images/100k/train/10d36198-146d0ca2.jpg,train,val,overcast,daytime,city street
1103db68-8d22b5db,1103db68-8d22b5db.jpg,images/100k/train/1103db68-8d22b5db.jpg,train,val,clear,daytime,city street
11318dba-42c73737,11318dba-42c73737.jpg,images/100k/train/11318dba-42c73737.jpg,train,val,clear,daytime,city street
113b84e3-bdeb4b16,113b84e3-bdeb4b16.jpg,images/100k/train/113b84e3-bdeb4b16.jpg,train,val,clear,night,residential
115e8e35-a68332ad,115e8e35-a68332ad.jpg,images/100k/train/115e8e35-a68332ad.jpg,train,val,clear,daytime,residential
117a25ea-e50ce840,117a25ea-e50ce840.jpg,images/100k/train/117a25ea-e50ce840.jpg,train,val,clear,night,city street
1189ae68-1a8ad3c6,1189ae68-1a8ad3c6.jpg,images/100k/train/1189ae68-1a8ad3c6.jpg,train,val,clear,daytime,highway
11a2b8ec-a6d21e9b,11a2b8ec-a6d21e9b.jpg,images/100k/train/11a2b8ec-a6d21e9b.jpg,train,val,overcast,daytime,city street
11aa2576-4ce9a733,11aa2576-4ce9a733.jpg,images/100k/train/11aa2576-4ce9a733.jpg,train,val,overcast,daytime,city street
11bfabe9-406c6b5b,11bfabe9-406c6b5b.jpg,images/100k/train/11bfabe9-406c6b5b.jpg,train,val,clear,night,highway
11c87d0f-830be325,11c87d0f-830be325.jpg,images/100k/train/11c87d0f-830be325.jpg,train,val,partly cloudy,daytime,city street
11fcd29b-8fb063bc,11fcd29b-8fb063bc.jpg,images/100k/train/11fcd29b-8fb063bc.jpg,train,val,clear,night,highway
12682475-b76c58cb,12682475-b76c58cb.jpg,images/100k/train/12682475-b76c58cb.jpg,train,val,partly cloudy,daytime,parking lot
1345ffca-376354a5,1345ffca-376354a5.jpg,images/100k/train/1345ffca-376354a5.jpg,train,val,rainy,night,city street
134fb00b-a66f76d4,134fb00b-a66f76d4.jpg,images/100k/train/134fb00b-a66f76d4.jpg,train,val,clear,night,city street
136f3a1f-86e695b8,136f3a1f-86e695b8.jpg,images/100k/train/136f3a1f-86e695b8.jpg,train,val,snowy,daytime,city street
1373663f-b5d225d6,1373663f-b5d225d6.jpg,images/100k/train/1373663f-b5d225d6.jpg,train,val,clear,daytime,residential
137537d3-bd17d82d,137537d3-bd17d82d.jpg,images/100k/train/137537d3-bd17d82d.jpg,train,val,undefined,daytime,residential
137a0efc-fdaad513,137a0efc-fdaad513.jpg,images/100k/train/137a0efc-fdaad513.jpg,train,val,snowy,daytime,residential
139035b2-8ab0f175,139035b2-8ab0f175.jpg,images/100k/train/139035b2-8ab0f175.jpg,train,val,clear,night,city street
13dcc2ca-b289b76f,13dcc2ca-b289b76f.jpg,images/100k/train/13dcc2ca-b289b76f.jpg,train,val,clear,daytime,city street
14383804-173cb416,14383804-173cb416.jpg,images/100k/train/14383804-173cb416.jpg,train,val,clear,daytime,residential
143d1af5-59c3e720,143d1af5-59c3e720.jpg,images/100k/train/143d1af5-59c3e720.jpg,train,val,rainy,daytime,city street
1480d3a6-baad66d8,1480d3a6-baad66d8.jpg,images/100k/train/1480d3a6-baad66d8.jpg,train,val,clear,night,city street
1481f91e-62cfd020,1481f91e-62cfd020.jpg,images/100k/train/1481f91e-62cfd020.jpg,train,val,clear,night,city street
148b9b8a-7d0771aa,148b9b8a-7d0771aa.jpg,images/100k/train/148b9b8a-7d0771aa.jpg,train,val,undefined,daytime,city street
14bac533-8ff89cb3,14bac533-8ff89cb3.jpg,images/100k/train/14bac533-8ff89cb3.jpg,train,val,clear,night,city street
15084f1f-d109119f,15084f1f-d109119f.jpg,images/100k/train/15084f1f-d109119f.jpg,train,val,overcast,daytime,city street
1514c0db-c80cc056,1514c0db-c80cc056.jpg,images/100k/train/1514c0db-c80cc056.jpg,train,val,undefined,daytime,highway
1526fcea-99bd29b3,1526fcea-99bd29b3.jpg,images/100k/train/1526fcea-99bd29b3.jpg,train,val,clear,night,city street
1544026f-dffe91fb,1544026f-dffe91fb.jpg,images/100k/train/1544026f-dffe91fb.jpg,train,val,clear,daytime,city street
1564ef78-bfeaa3b9,1564ef78-bfeaa3b9.jpg,images/100k/train/1564ef78-bfeaa3b9.jpg,train,val,clear,daytime,city street
15862620-f44c2642,15862620-f44c2642.jpg,images/100k/train/15862620-f44c2642.jpg,train,val,overcast,dawn/dusk,highway
15ae2ec6-8d6ac547,15ae2ec6-8d6ac547.jpg,images/100k/train/15ae2ec6-8d6ac547.jpg,train,val,overcast,daytime,city street
15d53368-ce166342,15d53368-ce166342.jpg,images/100k/train/15d53368-ce166342.jpg,train,val,overcast,daytime,city street
15e7be3e-00017b62,15e7be3e-00017b62.jpg,images/100k/train/15e7be3e-00017b62.jpg,train,val,clear,night,city street
15e7be3e-6bad38ac,15e7be3e-6bad38ac.jpg,images/100k/train/15e7be3e-6bad38ac.jpg,train,val,undefined,night,highway
161a176b-f766d2d8,161a176b-f766d2d8.jpg,images/100k/train/161a176b-f766d2d8.jpg,train,val,overcast,daytime,highway
16298d00-cdb66702,16298d00-cdb66702.jpg,images/100k/train/16298d00-cdb66702.jpg,train,val,overcast,daytime,city street
16431c67-1101b7f9,16431c67-1101b7f9.jpg,images/100k/train/16431c67-1101b7f9.jpg,train,val,partly cloudy,daytime,city street
1659f092-84218f24,1659f092-84218f24.jpg,images/100k/train/1659f092-84218f24.jpg,train,val,clear,night,city street
165d578c-1008a193,165d578c-1008a193.jpg,images/100k/train/165d578c-1008a193.jpg,train,val,rainy,daytime,city street
166cfee3-4c276df6,166cfee3-4c276df6.jpg,images/100k/train/166cfee3-4c276df6.jpg,train,val,clear,night,city street
16845e37-b2fc30a7,16845e37-b2fc30a7.jpg,images/100k/train/16845e37-b2fc30a7.jpg,train,val,rainy,daytime,residential
1684da77-7794c5d9,1684da77-7794c5d9.jpg,images/100k/train/1684da77-7794c5d9.jpg,train,val,rainy,night,city street
16a4ac1c-bcfbdf08,16a4ac1c-bcfbdf08.jpg,images/100k/train/16a4ac1c-bcfbdf08.jpg,train,val,undefined,daytime,city street
170fed2e-97c13911,170fed2e-97c13911.jpg,images/100k/train/170fed2e-97c13911.jpg,train,val,clear,night,city street
1726919b-7ce108b4,1726919b-7ce108b4.jpg,images/100k/train/1726919b-7ce108b4.jpg,train,val,overcast,daytime,city street
17728848-17498c26,17728848-17498c26.jpg,images/100k/train/17728848-17498c26.jpg,train,val,clear,night,city street
179cf9dc-4213efd1,179cf9dc-4213efd1.jpg,images/100k/train/179cf9dc-4213efd1.jpg,train,val,clear,night,city street
17aeb497-b9bf781c,17aeb497-b9bf781c.jpg,images/100k/train/17aeb497-b9bf781c.jpg,train,val,clear,night,highway
17fb67eb-ec0ce6f2,17fb67eb-ec0ce6f2.jpg,images/100k/train/17fb67eb-ec0ce6f2.jpg,train,val,rainy,daytime,residential
18511dc8-de0e0396,18511dc8-de0e0396.jpg,images/100k/train/18511dc8-de0e0396.jpg,train,val,clear,night,residential
1945d080-2afab013,1945d080-2afab013.jpg,images/100k/train/1945d080-2afab013.jpg,train,val,clear,night,city street
1959860b-a636927c,1959860b-a636927c.jpg,images/100k/train/1959860b-a636927c.jpg,train,val,snowy,night,city street
19679c1b-80ffcc50,19679c1b-80ffcc50.jpg,images/100k/train/19679c1b-80ffcc50.jpg,train,val,clear,daytime,highway
1987c0d9-38de7ec0,1987c0d9-38de7ec0.jpg,images/100k/train/1987c0d9-38de7ec0.jpg,train,val,snowy,night,city street
19a6bb42-bd1b2048,19a6bb42-bd1b2048.jpg,images/100k/train/19a6bb42-bd1b2048.jpg,train,val,overcast,dawn/dusk,residential
19a966c6-c6cbba59,19a966c6-c6cbba59.jpg,images/100k/train/19a966c6-c6cbba59.jpg,train,val,clear,daytime,city street
19c84c85-16c38c0f,19c84c85-16c38c0f.jpg,images/100k/train/19c84c85-16c38c0f.jpg,train,val,clear,daytime,city street
19ca7914-ade9272e,19ca7914-ade9272e.jpg,images/100k/train/19ca7914-ade9272e.jpg,train,val,overcast,daytime,city street
19ca7914-cef03921,19ca7914-cef03921.jpg,images/100k/train/19ca7914-cef03921.jpg,train,val,clear,daytime,highway
1a02dda3-a8074b35,1a02dda3-a8074b35.jpg,images/100k/train/1a02dda3-a8074b35.jpg,train,val,undefined,daytime,city street
1a07eecb-e9af5096,1a07eecb-e9af5096.jpg,images/100k/train/1a07eecb-e9af5096.jpg,train,val,rainy,daytime,highway
1a38611b-55c217fe,1a38611b-55c217fe.jpg,images/100k/train/1a38611b-55c217fe.jpg,train,val,overcast,daytime,residential
1a4f33bf-ff2386c8,1a4f33bf-ff2386c8.jpg,images/100k/train/1a4f33bf-ff2386c8.jpg,train,val,partly cloudy,dawn/dusk,city street
1a5f5006-5af25d52,1a5f5006-5af25d52.jpg,images/100k/train/1a5f5006-5af25d52.jpg,train,val,clear,night,city street
1a970cea-549d5821,1a970cea-549d5821.jpg,images/100k/train/1a970cea-549d5821.jpg,train,val,undefined,daytime,city street
1aa7aac1-54262984,1aa7aac1-54262984.jpg,images/100k/train/1aa7aac1-54262984.jpg,train,val,clear,daytime,city street
1ac9de41-bcbc4db4,1ac9de41-bcbc4db4.jpg,images/100k/train/1ac9de41-bcbc4db4.jpg,train,val,overcast,dawn/dusk,city street
1ae8e362-c0a0953c,1ae8e362-c0a0953c.jpg,images/100k/train/1ae8e362-c0a0953c.jpg,train,val,clear,night,city street
1af83674-00b2809b,1af83674-00b2809b.jpg,images/100k/train/1af83674-00b2809b.jpg,train,val,clear,night,highway
1b2317b5-353f797e,1b2317b5-353f797e.jpg,images/100k/train/1b2317b5-353f797e.jpg,train,val,clear,night,city street
1b72216a-a5dfce6f,1b72216a-a5dfce6f.jpg,images/100k/train/1b72216a-a5dfce6f.jpg,train,val,undefined,daytime,highway
1b72216a-b3020f66,1b72216a-b3020f66.jpg,images/100k/train/1b72216a-b3020f66.jpg,train,val,clear,dawn/dusk,highway
1b7f130c-f5b78906,1b7f130c-f5b78906.jpg,images/100k/train/1b7f130c-f5b78906.jpg,train,val,snowy,daytime,city street
1bb2df55-52b38d56,1bb2df55-52b38d56.jpg,images/100k/train/1bb2df55-52b38d56.jpg,train,val,clear,night,city street
1bd4cae9-0d1dfd40,1bd4cae9-0d1dfd40.jpg,images/100k/train/1bd4cae9-0d1dfd40.jpg,train,val,clear,night,city street
1c522a69-00786fea,1c522a69-00786fea.jpg,images/100k/train/1c522a69-00786fea.jpg,train,val,rainy,daytime,highway
1c596227-fe250214,1c596227-fe250214.jpg,images/100k/train/1c596227-fe250214.jpg,train,val,clear,night,residential
1c5b0e10-572a130f,1c5b0e10-572a130f.jpg,images/100k/train/1c5b0e10-572a130f.jpg,train,val,clear,daytime,city street
1d220859-99f33176,1d220859-99f33176.jpg,images/100k/train/1d220859-99f33176.jpg,train,val,overcast,daytime,city street
1d4c2467-b3826487,1d4c2467-b3826487.jpg,images/100k/train/1d4c2467-b3826487.jpg,train,val,partly cloudy,daytime,highway
1d8bd5ff-390116fb,1d8bd5ff-390116fb.jpg,images/100k/train/1d8bd5ff-390116fb.jpg,train,val,clear,night,city street
1d97c075-e850faa9,1d97c075-e850faa9.jpg,images/100k/train/1d97c075-e850faa9.jpg,train,val,overcast,daytime,residential
1ddfceee-9db6d873,1ddfceee-9db6d873.jpg,images/100k/train/1ddfceee-9db6d873.jpg,train,val,clear,night,residential
1de407b6-eaa5d7f5,1de407b6-eaa5d7f5.jpg,images/100k/train/1de407b6-eaa5d7f5.jpg,train,val,clear,night,city street
1e112eab-e6a93758,1e112eab-e6a93758.jpg,images/100k/train/1e112eab-e6a93758.jpg,train,val,clear,daytime,city street
1e29c13f-659ced0c,1e29c13f-659ced0c.jpg,images/100k/train/1e29c13f-659ced0c.jpg,train,val,clear,daytime,residential
1ea7b1d0-5625860f,1ea7b1d0-5625860f.jpg,images/100k/train/1ea7b1d0-5625860f.jpg,train,val,clear,night,city street
1ebdeb96-f0e5a740,1ebdeb96-f0e5a740.jpg,images/100k/train/1ebdeb96-f0e5a740.jpg,train,val,clear,daytime,city street
1ebff716-d0a1e759,1ebff716-d0a1e759.jpg,images/100k/train/1ebff716-d0a1e759.jpg,train,val,clear,daytime,highway
1ec4a7bc-c0ec98bb,1ec4a7bc-c0ec98bb.jpg,images/100k/train/1ec4a7bc-c0ec98bb.jpg,train,val,clear,night,city street
1ee1cefe-18ada91e,1ee1cefe-18ada91e.jpg,images/100k/train/1ee1cefe-18ada91e.jpg,train,val,clear,daytime,city street
1f13032d-ef6641fe,1f13032d-ef6641fe.jpg,images/100k/train/1f13032d-ef6641fe.jpg,train,val,partly cloudy,daytime,highway
1f30367d-35271bd5,1f30367d-35271bd5.jpg,images/100k/train/1f30367d-35271bd5.jpg,train,val,partly cloudy,dawn/dusk,highway
1f4012cc-3d42fd2a,1f4012cc-3d42fd2a.jpg,images/100k/train/1f4012cc-3d42fd2a.jpg,train,val,undefined,daytime,city street
1f487383-95bbe1a3,1f487383-95bbe1a3.jpg,images/100k/train/1f487383-95bbe1a3.jpg,train,val,rainy,daytime,city street
1f4b8e7d-b6d9cd5a,1f4b8e7d-b6d9cd5a.jpg,images/100k/train/1f4b8e7d-b6d9cd5a.jpg,train,val,snowy,daytime,city street
1f6c987d-75076c41,1f6c987d-75076c41.jpg,images/100k/train/1f6c987d-75076c41.jpg,train,val,partly cloudy,daytime,residential
1fa21ecf-d7ff90bd,1fa21ecf-d7ff90bd.jpg,images/100k/train/1fa21ecf-d7ff90bd.jpg,train,val,clear,daytime,residential
1fb3041c-77681e60,1fb3041c-77681e60.jpg,images/100k/train/1fb3041c-77681e60.jpg,train,val,partly cloudy,daytime,city street
202ca8c4-8ad0280a,202ca8c4-8ad0280a.jpg,images/100k/train/202ca8c4-8ad0280a.jpg,train,val,undefined,daytime,city street
2091adbb-bba2daad,2091adbb-bba2daad.jpg,images/100k/train/2091adbb-bba2daad.jpg,train,val,overcast,dawn/dusk,city street
209a9827-430e296b,209a9827-430e296b.jpg,images/100k/train/209a9827-430e296b.jpg,train,val,overcast,daytime,residential
20a2dbee-cf67b5a4,20a2dbee-cf67b5a4.jpg,images/100k/train/20a2dbee-cf67b5a4.jpg,train,val,overcast,daytime,city street
20cfbf5c-602f92b7,20cfbf5c-602f92b7.jpg,images/100k/train/20cfbf5c-602f92b7.jpg,train,val,clear,night,city street
20d85198-e6f0095b,20d85198-e6f0095b.jpg,images/100k/train/20d85198-e6f0095b.jpg,train,val,clear,night,highway
20e98ba5-9b26eb14,20e98ba5-9b26eb14.jpg,images/100k/train/20e98ba5-9b26eb14.jpg,train,val,clear,daytime,residential
21ade3bf-5eb3f223,21ade3bf-5eb3f223.jpg,images/100k/train/21ade3bf-5eb3f223.jpg,train,val,overcast,daytime,city street
21d16613-3cca1ae0,21d16613-3cca1ae0.jpg,images/100k/train/21d16613-3cca1ae0.jpg,train,val,clear,daytime,city street
21f56821-fd07eb9b,21f56821-fd07eb9b.jpg,images/100k/train/21f56821-fd07eb9b.jpg,train,val,clear,daytime,city street
221373ce-fa4fea3f,221373ce-fa4fea3f.jpg,images/100k/train/221373ce-fa4fea3f.jpg,train,val,partly cloudy,dawn/dusk,highway
223046e4-89f1fe00,223046e4-89f1fe00.jpg,images/100k/train/223046e4-89f1fe00.jpg,train,val,undefined,night,undefined
223c2b27-69fa1755,223c2b27-69fa1755.jpg,images/100k/train/223c2b27-69fa1755.jpg,train,val,clear,dawn/dusk,residential
224a4127-992c5d2d,224a4127-992c5d2d.jpg,images/100k/train/224a4127-992c5d2d.jpg,train,val,clear,night,city street
225b6a36-42684f83,225b6a36-42684f83.jpg,images/100k/train/225b6a36-42684f83.jpg,train,val,clear,night,city street
22a06018-0b8d2fc6,22a06018-0b8d2fc6.jpg,images/100k/train/22a06018-0b8d2fc6.jpg,train,val,clear,daytime,residential
23064942-4f6db51f,23064942-4f6db51f.jpg,images/100k/train/23064942-4f6db51f.jpg,train,val,clear,night,city street
230c0a94-accc7598,230c0a94-accc7598.jpg,images/100k/train/230c0a94-accc7598.jpg,train,val,clear,night,city street
2332ba2c-628e84e7,2332ba2c-628e84e7.jpg,images/100k/train/2332ba2c-628e84e7.jpg,train,val,snowy,night,city street
236f64ee-02ec6396,236f64ee-02ec6396.jpg,images/100k/train/236f64ee-02ec6396.jpg,train,val,clear,daytime,city street
2399af50-467313da,2399af50-467313da.jpg,images/100k/train/2399af50-467313da.jpg,train,val,snowy,daytime,city street
23addd8d-049b4bdc,23addd8d-049b4bdc.jpg,images/100k/train/23addd8d-049b4bdc.jpg,train,val,clear,night,residential
23dcca37-71a0ecd4,23dcca37-71a0ecd4.jpg,images/100k/train/23dcca37-71a0ecd4.jpg,train,val,rainy,night,city street
23ea0f4f-ebfdf6e7,23ea0f4f-ebfdf6e7.jpg,images/100k/train/23ea0f4f-ebfdf6e7.jpg,train,val,rainy,night,city street
240e19da-5b6f0696,240e19da-5b6f0696.jpg,images/100k/train/240e19da-5b6f0696.jpg,train,val,overcast,dawn/dusk,highway
24894c5f-bb572090,24894c5f-bb572090.jpg,images/100k/train/24894c5f-bb572090.jpg,train,val,clear,daytime,city street
24cef2ba-5e12e888,24cef2ba-5e12e888.jpg,images/100k/train/24cef2ba-5e12e888.jpg,train,val,partly cloudy,dawn/dusk,residential
24d241f0-16f16f97,24d241f0-16f16f97.jpg,images/100k/train/24d241f0-16f16f97.jpg,train,val,partly cloudy,daytime,highway
24d241f0-89f7d020,24d241f0-89f7d020.jpg,images/100k/train/24d241f0-89f7d020.jpg,train,val,undefined,daytime,city street
24e0b338-03f6994c,24e0b338-03f6994c.jpg,images/100k/train/24e0b338-03f6994c.jpg,train,val,snowy,dawn/dusk,city street
24f4ab6d-c2704d59,24f4ab6d-c2704d59.jpg,images/100k/train/24f4ab6d-c2704d59.jpg,train,val,rainy,daytime,city street
2532100b-e5e84370,2532100b-e5e84370.jpg,images/100k/train/2532100b-e5e84370.jpg,train,val,clear,daytime,city street
257fea9a-ba94de1c,257fea9a-ba94de1c.jpg,images/100k/train/257fea9a-ba94de1c.jpg,train,val,snowy,daytime,residential
25b6fde2-ad21a1c3,25b6fde2-ad21a1c3.jpg,images/100k/train/25b6fde2-ad21a1c3.jpg,train,val,clear,daytime,highway
25bf4d34-251c05bc,25bf4d34-251c05bc.jpg,images/100k/train/25bf4d34-251c05bc.jpg,train,val,clear,night,highway
25c289ee-d5491d3f,25c289ee-d5491d3f.jpg,images/100k/train/25c289ee-d5491d3f.jpg,train,val,clear,daytime,highway
260468dc-7c0436b7,260468dc-7c0436b7.jpg,images/100k/train/260468dc-7c0436b7.jpg,train,val,overcast,daytime,highway
261820d9-7e817990,261820d9-7e817990.jpg,images/100k/train/261820d9-7e817990.jpg,train,val,clear,daytime,city street
26190b83-39ccb412,26190b83-39ccb412.jpg,images/100k/train/26190b83-39ccb412.jpg,train,val,clear,daytime,highway
2640ea1e-d1c9cc50,2640ea1e-d1c9cc50.jpg,images/100k/train/2640ea1e-d1c9cc50.jpg,train,val,clear,night,city street
265d4495-ce3f36e0,265d4495-ce3f36e0.jpg,images/100k/train/265d4495-ce3f36e0.jpg,train,val,clear,night,city street
26a888be-17eb395d,26a888be-17eb395d.jpg,images/100k/train/26a888be-17eb395d.jpg,train,val,undefined,daytime,city street
26b1d7ee-70e59f01,26b1d7ee-70e59f01.jpg,images/100k/train/26b1d7ee-70e59f01.jpg,train,val,undefined,daytime,city street
26d0ee8b-1033d128,26d0ee8b-1033d128.jpg,images/100k/train/26d0ee8b-1033d128.jpg,train,val,clear,night,city street
2701b1e2-aef31b5e,2701b1e2-aef31b5e.jpg,images/100k/train/2701b1e2-aef31b5e.jpg,train,val,clear,daytime,city street
2726dcc0-afe2a0f6,2726dcc0-afe2a0f6.jpg,images/100k/train/2726dcc0-afe2a0f6.jpg,train,val,snowy,daytime,city street
273765fb-53173218,273765fb-53173218.jpg,images/100k/train/273765fb-53173218.jpg,train,val,clear,night,city street
2740c139-838de60f,2740c139-838de60f.jpg,images/100k/train/2740c139-838de60f.jpg,train,val,rainy,daytime,city street
2778a387-c977f0ce,2778a387-c977f0ce.jpg,images/100k/train/2778a387-c977f0ce.jpg,train,val,rainy,daytime,city street
279644af-26d5390f,279644af-26d5390f.jpg,images/100k/train/279644af-26d5390f.jpg,train,val,clear,night,city street
27a4125e-8f7758e0,27a4125e-8f7758e0.jpg,images/100k/train/27a4125e-8f7758e0.jpg,train,val,clear,night,city street
282dfc2e-5a094222,282dfc2e-5a094222.jpg,images/100k/train/282dfc2e-5a094222.jpg,train,val,overcast,daytime,highway
285678bb-1bbc63a2,285678bb-1bbc63a2.jpg,images/100k/train/285678bb-1bbc63a2.jpg,train,val,clear,daytime,highway
2871fb39-1194898a,2871fb39-1194898a.jpg,images/100k/train/2871fb39-1194898a.jpg,train,val,undefined,daytime,city street
288ef68d-208fa56d,288ef68d-208fa56d.jpg,images/100k/train/288ef68d-208fa56d.jpg,train,val,clear,night,city street
28a1f566-35959ca8,28a1f566-35959ca8.jpg,images/100k/train/28a1f566-35959ca8.jpg,train,val,clear,night,city street
28b41476-df76e823,28b41476-df76e823.jpg,images/100k/train/28b41476-df76e823.jpg,train,val,clear,night,city street
29053385-30e3138f,29053385-30e3138f.jpg,images/100k/train/29053385-30e3138f.jpg,train,val,clear,night,city street
2948bcbb-dfca5624,2948bcbb-dfca5624.jpg,images/100k/train/2948bcbb-dfca5624.jpg,train,val,clear,night,city street
294ac4df-b82176db,294ac4df-b82176db.jpg,images/100k/train/294ac4df-b82176db.jpg,train,val,clear,night,city street
298726c9-4c781f03,298726c9-4c781f03.jpg,images/100k/train/298726c9-4c781f03.jpg,train,val,undefined,daytime,residential
29981832-b90c929f,29981832-b90c929f.jpg,images/100k/train/29981832-b90c929f.jpg,train,val,clear,night,residential
29a6a14c-5a208eb3,29a6a14c-5a208eb3.jpg,images/100k/train/29a6a14c-5a208eb3.jpg,train,val,clear,night,city street
29b1f3be-b6ea4498,29b1f3be-b6ea4498.jpg,images/100k/train/29b1f3be-b6ea4498.jpg,train,val,undefined,daytime,city street
29ede712-72466ed0,29ede712-72466ed0.jpg,images/100k/train/29ede712-72466ed0.jpg,train,val,clear,daytime,city street
2a069a03-ad4a9968,2a069a03-ad4a9968.jpg,images/100k/train/2a069a03-ad4a9968.jpg,train,val,overcast,dawn/dusk,city street
2a2d6adc-b893b984,2a2d6adc-b893b984.jpg,images/100k/train/2a2d6adc-b893b984.jpg,train,val,clear,night,city street
2a3ef8e0-f367b7a5,2a3ef8e0-f367b7a5.jpg,images/100k/train/2a3ef8e0-f367b7a5.jpg,train,val,undefined,daytime,city street
2a462b9a-8e0e63c0,2a462b9a-8e0e63c0.jpg,images/100k/train/2a462b9a-8e0e63c0.jpg,train,val,overcast,daytime,city street
2a4e9b07-9b9081e8,2a4e9b07-9b9081e8.jpg,images/100k/train/2a4e9b07-9b9081e8.jpg,train,val,clear,daytime,city street
2a4ed892-0fd84bd3,2a4ed892-0fd84bd3.jpg,images/100k/train/2a4ed892-0fd84bd3.jpg,train,val,clear,night,city street
2a762aa1-f7147908,2a762aa1-f7147908.jpg,images/100k/train/2a762aa1-f7147908.jpg,train,val,clear,daytime,residential
2ae721d0-635a81e8,2ae721d0-635a81e8.jpg,images/100k/train/2ae721d0-635a81e8.jpg,train,val,clear,night,highway
2b2b8bc7-d16038b7,2b2b8bc7-d16038b7.jpg,images/100k/train/2b2b8bc7-d16038b7.jpg,train,val,clear,night,highway
2b4b9fa9-cfd8434f,2b4b9fa9-cfd8434f.jpg,images/100k/train/2b4b9fa9-cfd8434f.jpg,train,val,clear,daytime,city street
2b563809-7e2f6f8a,2b563809-7e2f6f8a.jpg,images/100k/train/2b563809-7e2f6f8a.jpg,train,val,clear,daytime,residential
2b932648-a5b8f94a,2b932648-a5b8f94a.jpg,images/100k/train/2b932648-a5b8f94a.jpg,train,val,clear,night,city street
2b9652a8-640b7108,2b9652a8-640b7108.jpg,images/100k/train/2b9652a8-640b7108.jpg,train,val,clear,night,city street
2bd75e55-973fcaa7,2bd75e55-973fcaa7.jpg,images/100k/train/2bd75e55-973fcaa7.jpg,train,val,undefined,daytime,highway
2be22011-573c9bc6,2be22011-573c9bc6.jpg,images/100k/train/2be22011-573c9bc6.jpg,train,val,overcast,daytime,highway
2beccce2-bccad95a,2beccce2-bccad95a.jpg,images/100k/train/2beccce2-bccad95a.jpg,train,val,clear,daytime,highway
2bf39287-f5bf3abc,2bf39287-f5bf3abc.jpg,images/100k/train/2bf39287-f5bf3abc.jpg,train,val,undefined,daytime,city street
2c02054a-ac6e6057,2c02054a-ac6e6057.jpg,images/100k/train/2c02054a-ac6e6057.jpg,train,val,undefined,daytime,city street
2c2c7cef-e9999898,2c2c7cef-e9999898.jpg,images/100k/train/2c2c7cef-e9999898.jpg,train,val,clear,daytime,city street
2c3c2855-467b625e,2c3c2855-467b625e.jpg,images/100k/train/2c3c2855-467b625e.jpg,train,val,clear,daytime,city street
2c474c53-810bed4c,2c474c53-810bed4c.jpg,images/100k/train/2c474c53-810bed4c.jpg,train,val,overcast,night,city street
2c730c48-10af8393,2c730c48-10af8393.jpg,images/100k/train/2c730c48-10af8393.jpg,train,val,snowy,night,city street
2c769192-6645531f,2c769192-6645531f.jpg,images/100k/train/2c769192-6645531f.jpg,train,val,clear,daytime,residential
2c86a7d0-8224359e,2c86a7d0-8224359e.jpg,images/100k/train/2c86a7d0-8224359e.jpg,train,val,rainy,night,highway
2ca35cec-f8439525,2ca35cec-f8439525.jpg,images/100k/train/2ca35cec-f8439525.jpg,train,val,overcast,daytime,city street
2ce6b94f-fc3bec35,2ce6b94f-fc3bec35.jpg,images/100k/train/2ce6b94f-fc3bec35.jpg,train,val,undefined,daytime,city street
2ce887db-f822df76,2ce887db-f822df76.jpg,images/100k/train/2ce887db-f822df76.jpg,train,val,partly cloudy,daytime,city street
2cf1f020-3e8ff825,2cf1f020-3e8ff825.jpg,images/100k/train/2cf1f020-3e8ff825.jpg,train,val,undefined,daytime,residential
2d0f11dd-8be8cbb0,2d0f11dd-8be8cbb0.jpg,images/100k/train/2d0f11dd-8be8cbb0.jpg,train,val,clear,night,highway
2d33da25-3346fcef,2d33da25-3346fcef.jpg,images/100k/train/2d33da25-3346fcef.jpg,train,val,snowy,daytime,residential
2d544cbf-d622e700,2d544cbf-d622e700.jpg,images/100k/train/2d544cbf-d622e700.jpg,train,val,snowy,daytime,city street
2da6e3ed-624c39f2,2da6e3ed-624c39f2.jpg,images/100k/train/2da6e3ed-624c39f2.jpg,train,val,clear,night,city street
2dba64bf-69b2105e,2dba64bf-69b2105e.jpg,images/100k/train/2dba64bf-69b2105e.jpg,train,val,undefined,daytime,city street
2dbd201e-496a19f3,2dbd201e-496a19f3.jpg,images/100k/train/2dbd201e-496a19f3.jpg,train,val,undefined,night,city street
2dc745eb-8c897bb9,2dc745eb-8c897bb9.jpg,images/100k/train/2dc745eb-8c897bb9.jpg,train,val,clear,daytime,residential
2dee399e-e8648623,2dee399e-e8648623.jpg,images/100k/train/2dee399e-e8648623.jpg,train,val,undefined,daytime,highway
2e28bc92-ba57cfd2,2e28bc92-ba57cfd2.jpg,images/100k/train/2e28bc92-ba57cfd2.jpg,train,val,clear,daytime,city street
2e3061c1-c3ec7a32,2e3061c1-c3ec7a32.jpg,images/100k/train/2e3061c1-c3ec7a32.jpg,train,val,clear,night,city street
2e46ccb0-dbbb7cb7,2e46ccb0-dbbb7cb7.jpg,images/100k/train/2e46ccb0-dbbb7cb7.jpg,train,val,partly cloudy,daytime,city street
2e5202f4-5e455554,2e5202f4-5e455554.jpg,images/100k/train/2e5202f4-5e455554.jpg,train,val,snowy,night,highway
2e598e8d-21a7e13f,2e598e8d-21a7e13f.jpg,images/100k/train/2e598e8d-21a7e13f.jpg,train,val,partly cloudy,daytime,city street
2e6f4793-6d933e67,2e6f4793-6d933e67.jpg,images/100k/train/2e6f4793-6d933e67.jpg,train,val,overcast,daytime,city street
2e9bf5eb-491cc494,2e9bf5eb-491cc494.jpg,images/100k/train/2e9bf5eb-491cc494.jpg,train,val,clear,night,city street
2efd46af-f60f4b18,2efd46af-f60f4b18.jpg,images/100k/train/2efd46af-f60f4b18.jpg,train,val,undefined,daytime,city street
2f18ce79-eebf284f,2f18ce79-eebf284f.jpg,images/100k/train/2f18ce79-eebf284f.jpg,train,val,clear,daytime,residential
2f1cd330-f6f7438b,2f1cd330-f6f7438b.jpg,images/100k/train/2f1cd330-f6f7438b.jpg,train,val,clear,night,city street
2f4f446d-c971ea36,2f4f446d-c971ea36.jpg,images/100k/train/2f4f446d-c971ea36.jpg,train,val,clear,night,city street
2fea7e08-43634572,2fea7e08-43634572.jpg,images/100k/train/2fea7e08-43634572.jpg,train,val,undefined,daytime,city street
3027578a-89a88e05,3027578a-89a88e05.jpg,images/100k/train/3027578a-89a88e05.jpg,train,val,overcast,daytime,city street
304be2d7-2a94d6c4,304be2d7-2a94d6c4.jpg,images/100k/train/304be2d7-2a94d6c4.jpg,train,val,clear,night,city street
307ffc5f-c97fa38b,307ffc5f-c97fa38b.jpg,images/100k/train/307ffc5f-c97fa38b.jpg,train,val,clear,night,city street
309a1e62-4225634d,309a1e62-4225634d.jpg,images/100k/train/309a1e62-4225634d.jpg,train,val,partly cloudy,daytime,city street
30c5b651-6d485a4f,30c5b651-6d485a4f.jpg,images/100k/train/30c5b651-6d485a4f.jpg,train,val,snowy,night,city street
30f47755-58d31096,30f47755-58d31096.jpg,images/100k/train/30f47755-58d31096.jpg,train,val,clear,night,highway
30f47a05-a182bd0f,30f47a05-a182bd0f.jpg,images/100k/train/30f47a05-a182bd0f.jpg,train,val,partly cloudy,daytime,highway
30f9c342-f0b5055f,30f9c342-f0b5055f.jpg,images/100k/train/30f9c342-f0b5055f.jpg,train,val,rainy,night,highway
31189da5-f69b5427,31189da5-f69b5427.jpg,images/100k/train/31189da5-f69b5427.jpg,train,val,clear,night,residential
3130d2e2-8e0cb56a,3130d2e2-8e0cb56a.jpg,images/100k/train/3130d2e2-8e0cb56a.jpg,train,val,clear,night,city street
314cc010-3eab5c90,314cc010-3eab5c90.jpg,images/100k/train/314cc010-3eab5c90.jpg,train,val,clear,daytime,highway
31d2734d-278291c7,31d2734d-278291c7.jpg,images/100k/train/31d2734d-278291c7.jpg,train,val,clear,dawn/dusk,highway
31df2524-1623f223,31df2524-1623f223.jpg,images/100k/train/31df2524-1623f223.jpg,train,val,clear,dawn/dusk,highway
31e9ed0f-8b1a0575,31e9ed0f-8b1a0575.jpg,images/100k/train/31e9ed0f-8b1a0575.jpg,train,val,clear,dawn/dusk,city street
31f9eb70-fd53373c,31f9eb70-fd53373c.jpg,images/100k/train/31f9eb70-fd53373c.jpg,train,val,clear,daytime,residential
31fdf6ad-6cfc8d86,31fdf6ad-6cfc8d86.jpg,images/100k/train/31fdf6ad-6cfc8d86.jpg,train,val,clear,night,city street
3225c61b-4cb04db5,3225c61b-4cb04db5.jpg,images/100k/train/3225c61b-4cb04db5.jpg,train,val,partly cloudy,daytime,city street
324264e6-3e88db07,324264e6-3e88db07.jpg,images/100k/train/324264e6-3e88db07.jpg,train,val,clear,night,city street
32427ac4-4a6089ee,32427ac4-4a6089ee.jpg,images/100k/train/32427ac4-4a6089ee.jpg,train,val,clear,night,city street
3278e1fa-ef2da33c,3278e1fa-ef2da33c.jpg,images/100k/train/3278e1fa-ef2da33c.jpg,train,val,clear,night,highway
3284ddb6-2f22744a,3284ddb6-2f22744a.jpg,images/100k/train/3284ddb6-2f22744a.jpg,train,val,clear,night,residential
3290e5a2-ce4af1ec,3290e5a2-ce4af1ec.jpg,images/100k/train/3290e5a2-ce4af1ec.jpg,train,val,undefined,daytime,city street
32910d5c-8ef7f008,32910d5c-8ef7f008.jpg,images/100k/train/32910d5c-8ef7f008.jpg,train,val,overcast,daytime,city street
32997a62-cf3786fd,32997a62-cf3786fd.jpg,images/100k/train/32997a62-cf3786fd.jpg,train,val,undefined,daytime,city street
3299c2a0-b1fe7eba,3299c2a0-b1fe7eba.jpg,images/100k/train/3299c2a0-b1fe7eba.jpg,train,val,overcast,dawn/dusk,highway
32bfe901-8d7d316a,32bfe901-8d7d316a.jpg,images/100k/train/32bfe901-8d7d316a.jpg,train,val,clear,night,city street
33135915-699af3b8,33135915-699af3b8.jpg,images/100k/train/33135915-699af3b8.jpg,train,val,snowy,daytime,highway
33751257-da99637b,33751257-da99637b.jpg,images/100k/train/33751257-da99637b.jpg,train,val,clear,dawn/dusk,city street
337d2eb5-0f064041,337d2eb5-0f064041.jpg,images/100k/train/337d2eb5-0f064041.jpg,train,val,clear,night,city street
338fe67a-ddab4730,338fe67a-ddab4730.jpg,images/100k/train/338fe67a-ddab4730.jpg,train,val,clear,night,city street
33f3e7c4-d179f473,33f3e7c4-d179f473.jpg,images/100k/train/33f3e7c4-d179f473.jpg,train,val,partly cloudy,daytime,highway
33fde9aa-7ade1e0a,33fde9aa-7ade1e0a.jpg,images/100k/train/33fde9aa-7ade1e0a.jpg,train,val,undefined,daytime,highway
340257de-62413142,340257de-62413142.jpg,images/100k/train/340257de-62413142.jpg,train,val,snowy,daytime,city street
340f5f82-892b6242,340f5f82-892b6242.jpg,images/100k/train/340f5f82-892b6242.jpg,train,val,overcast,daytime,residential
344edfb3-fe6926ab,344edfb3-fe6926ab.jpg,images/100k/train/344edfb3-fe6926ab.jpg,train,val,snowy,night,city street
34bfbd31-4f7c92c9,34bfbd31-4f7c92c9.jpg,images/100k/train/34bfbd31-4f7c92c9.jpg,train,val,clear,night,city street
34efb108-80582c60,34efb108-80582c60.jpg,images/100k/train/34efb108-80582c60.jpg,train,val,partly cloudy,daytime,highway
34f33e1d-8668fe49,34f33e1d-8668fe49.jpg,images/100k/train/34f33e1d-8668fe49.jpg,train,val,clear,daytime,city street
350b58a8-d455594e,350b58a8-d455594e.jpg,images/100k/train/350b58a8-d455594e.jpg,train,val,partly cloudy,daytime,city street
350d9bd7-4fc97fec,350d9bd7-4fc97fec.jpg,images/100k/train/350d9bd7-4fc97fec.jpg,train,val,rainy,night,city street
35121d75-28b3328d,35121d75-28b3328d.jpg,images/100k/train/35121d75-28b3328d.jpg,train,val,clear,night,highway
353c68ef-3d19110a,353c68ef-3d19110a.jpg,images/100k/train/353c68ef-3d19110a.jpg,train,val,undefined,daytime,city street
355b182b-61ed6abd,355b182b-61ed6abd.jpg,images/100k/train/355b182b-61ed6abd.jpg,train,val,rainy,night,highway
358a0bd1-55897251,358a0bd1-55897251.jpg,images/100k/train/358a0bd1-55897251.jpg,train,val,clear,dawn/dusk,highway
35ab916c-6ac7fbda,35ab916c-6ac7fbda.jpg,images/100k/train/35ab916c-6ac7fbda.jpg,train,val,clear,night,city street
35c4e755-33597fde,35c4e755-33597fde.jpg,images/100k/train/35c4e755-33597fde.jpg,train,val,clear,night,city street
35d048b5-6c1bc706,35d048b5-6c1bc706.jpg,images/100k/train/35d048b5-6c1bc706.jpg,train,val,partly cloudy,daytime,highway
3612de65-487a35c5,3612de65-487a35c5.jpg,images/100k/train/3612de65-487a35c5.jpg,train,val,clear,daytime,residential
361b0df5-4519996d,361b0df5-4519996d.jpg,images/100k/train/361b0df5-4519996d.jpg,train,val,clear,night,highway
36218e0d-ba2cc99c,36218e0d-ba2cc99c.jpg,images/100k/train/36218e0d-ba2cc99c.jpg,train,val,clear,daytime,highway
36299ad1-933b70ff,36299ad1-933b70ff.jpg,images/100k/train/36299ad1-933b70ff.jpg,train,val,overcast,daytime,residential
363771c2-410e81dd,363771c2-410e81dd.jpg,images/100k/train/363771c2-410e81dd.jpg,train,val,undefined,daytime,city street
3651463c-2d307898,3651463c-2d307898.jpg,images/100k/train/3651463c-2d307898.jpg,train,val,clear,night,city street
366fca59-849bd7e3,366fca59-849bd7e3.jpg,images/100k/train/366fca59-849bd7e3.jpg,train,val,rainy,night,city street
36be0013-0a86856b,36be0013-0a86856b.jpg,images/100k/train/36be0013-0a86856b.jpg,train,val,clear,daytime,residential
3713fe39-27693440,3713fe39-27693440.jpg,images/100k/train/3713fe39-27693440.jpg,train,val,clear,dawn/dusk,highway
3735c843-75376d83,3735c843-75376d83.jpg,images/100k/train/3735c843-75376d83.jpg,train,val,partly cloudy,daytime,residential
373e20c8-39ac012c,373e20c8-39ac012c.jpg,images/100k/train/373e20c8-39ac012c.jpg,train,val,clear,daytime,residential
374fe8b5-7d227ca5,374fe8b5-7d227ca5.jpg,images/100k/train/374fe8b5-7d227ca5.jpg,train,val,clear,night,city street
3787c55d-fd774070,3787c55d-fd774070.jpg,images/100k/train/3787c55d-fd774070.jpg,train,val,clear,night,city street
37b90ed9-edd3a7da,37b90ed9-edd3a7da.jpg,images/100k/train/37b90ed9-edd3a7da.jpg,train,val,snowy,night,city street
37c4ab57-7bc1914e,37c4ab57-7bc1914e.jpg,images/100k/train/37c4ab57-7bc1914e.jpg,train,val,clear,night,city street
37c4ab57-c099cca5,37c4ab57-c099cca5.jpg,images/100k/train/37c4ab57-c099cca5.jpg,train,val,clear,night,city street
37cb9f47-0abd3c61,37cb9f47-0abd3c61.jpg,images/100k/train/37cb9f47-0abd3c61.jpg,train,val,undefined,daytime,city street
37e67607-58539fc7,37e67607-58539fc7.jpg,images/100k/train/37e67607-58539fc7.jpg,train,val,undefined,daytime,city street
37ee34be-313c9b12,37ee34be-313c9b12.jpg,images/100k/train/37ee34be-313c9b12.jpg,train,val,clear,night,city street
3821e790-c4756c25,3821e790-c4756c25.jpg,images/100k/train/3821e790-c4756c25.jpg,train,val,clear,night,city street
383aa5ac-796172a5,383aa5ac-796172a5.jpg,images/100k/train/383aa5ac-796172a5.jpg,train,val,snowy,daytime,highway
3842e612-4066ac68,3842e612-4066ac68.jpg,images/100k/train/3842e612-4066ac68.jpg,train,val,overcast,daytime,city street
385c9137-3bdcab1e,385c9137-3bdcab1e.jpg,images/100k/train/385c9137-3bdcab1e.jpg,train,val,clear,night,city street
385c9137-56f99bf0,385c9137-56f99bf0.jpg,images/100k/train/385c9137-56f99bf0.jpg,train,val,clear,night,city street
38737842-101b9e43,38737842-101b9e43.jpg,images/100k/train/38737842-101b9e43.jpg,train,val,undefined,dawn/dusk,residential
38a7cc60-e07900bb,38a7cc60-e07900bb.jpg,images/100k/train/38a7cc60-e07900bb.jpg,train,val,clear,daytime,city street
38d45fa5-e4e7a056,38d45fa5-e4e7a056.jpg,images/100k/train/38d45fa5-e4e7a056.jpg,train,val,undefined,daytime,city street
39050611-ce019c03,39050611-ce019c03.jpg,images/100k/train/39050611-ce019c03.jpg,train,val,clear,night,city street
3927fe20-ea64f563,3927fe20-ea64f563.jpg,images/100k/train/3927fe20-ea64f563.jpg,train,val,clear,night,highway
394f30a6-b947a685,394f30a6-b947a685.jpg,images/100k/train/394f30a6-b947a685.jpg,train,val,overcast,daytime,city street
39738e7c-aa3258a5,39738e7c-aa3258a5.jpg,images/100k/train/39738e7c-aa3258a5.jpg,train,val,clear,night,highway
3979fced-3382d7d7,3979fced-3382d7d7.jpg,images/100k/train/3979fced-3382d7d7.jpg,train,val,clear,night,city street
3979fced-717c50aa,3979fced-717c50aa.jpg,images/100k/train/3979fced-717c50aa.jpg,train,val,clear,night,city street
399643dd-ff987b91,399643dd-ff987b91.jpg,images/100k/train/399643dd-ff987b91.jpg,train,val,overcast,daytime,residential
399b7e14-ec470597,399b7e14-ec470597.jpg,images/100k/train/399b7e14-ec470597.jpg,train,val,clear,night,city street
39b144b7-5030f091,39b144b7-5030f091.jpg,images/100k/train/39b144b7-5030f091.jpg,train,val,snowy,night,city street
39e8a8ce-161152fb,39e8a8ce-161152fb.jpg,images/100k/train/39e8a8ce-161152fb.jpg,train,val,clear,night,city street
3a024020-ae7c233e,3a024020-ae7c233e.jpg,images/100k/train/3a024020-ae7c233e.jpg,train,val,snowy,daytime,city street
3a201dcb-ed4134c3,3a201dcb-ed4134c3.jpg,images/100k/train/3a201dcb-ed4134c3.jpg,train,val,clear,night,city street
3a2593a8-f5585985,3a2593a8-f5585985.jpg,images/100k/train/3a2593a8-f5585985.jpg,train,val,clear,night,highway
3a2c9062-0cb2922f,3a2c9062-0cb2922f.jpg,images/100k/train/3a2c9062-0cb2922f.jpg,train,val,snowy,daytime,city street
3a41edca-93444a8b,3a41edca-93444a8b.jpg,images/100k/train/3a41edca-93444a8b.jpg,train,val,clear,night,city street
3a600530-f8ab31c9,3a600530-f8ab31c9.jpg,images/100k/train/3a600530-f8ab31c9.jpg,train,val,overcast,daytime,highway
3a758933-6b5abf3b,3a758933-6b5abf3b.jpg,images/100k/train/3a758933-6b5abf3b.jpg,train,val,clear,night,city street
3ab2794b-7b8845f0,3ab2794b-7b8845f0.jpg,images/100k/train/3ab2794b-7b8845f0.jpg,train,val,undefined,daytime,city street
3ac7d500-510af6c2,3ac7d500-510af6c2.jpg,images/100k/train/3ac7d500-510af6c2.jpg,train,val,clear,night,residential
3ae01d97-ce6a3b42,3ae01d97-ce6a3b42.jpg,images/100k/train/3ae01d97-ce6a3b42.jpg,train,val,clear,night,highway
3aed4a89-05a4a181,3aed4a89-05a4a181.jpg,images/100k/train/3aed4a89-05a4a181.jpg,train,val,partly cloudy,dawn/dusk,city street
3b544cd8-67a5a911,3b544cd8-67a5a911.jpg,images/100k/train/3b544cd8-67a5a911.jpg,train,val,rainy,night,highway
3ba7dfbb-38d08d1c,3ba7dfbb-38d08d1c.jpg,images/100k/train/3ba7dfbb-38d08d1c.jpg,train,val,snowy,daytime,city street
3be55027-2e8a696a,3be55027-2e8a696a.jpg,images/100k/train/3be55027-2e8a696a.jpg,train,val,clear,night,city street
3bfca38b-ee4a5e14,3bfca38b-ee4a5e14.jpg,images/100k/train/3bfca38b-ee4a5e14.jpg,train,val,undefined,daytime,residential
3c4403cc-15a4d350,3c4403cc-15a4d350.jpg,images/100k/train/3c4403cc-15a4d350.jpg,train,val,snowy,daytime,city street
3c610203-e63faa48,3c610203-e63faa48.jpg,images/100k/train/3c610203-e63faa48.jpg,train,val,overcast,daytime,city street
3c7b1656-ea6baa3d,3c7b1656-ea6baa3d.jpg,images/100k/train/3c7b1656-ea6baa3d.jpg,train,val,undefined,daytime,residential
3c7f3981-97bbe0b2,3c7f3981-97bbe0b2.jpg,images/100k/train/3c7f3981-97bbe0b2.jpg,train,val,snowy,daytime,city street
3c8656f1-b3965593,3c8656f1-b3965593.jpg,images/100k/train/3c8656f1-b3965593.jpg,train,val,clear,daytime,highway
3cd35738-49e1fe5b,3cd35738-49e1fe5b.jpg,images/100k/train/3cd35738-49e1fe5b.jpg,train,val,clear,daytime,city street
3cdbef52-89664f08,3cdbef52-89664f08.jpg,images/100k/train/3cdbef52-89664f08.jpg,train,val,rainy,night,city street
3cecba0b-a1e742ee,3cecba0b-a1e742ee.jpg,images/100k/train/3cecba0b-a1e742ee.jpg,train,val,partly cloudy,daytime,city street
3da24eff-19e78052,3da24eff-19e78052.jpg,images/100k/train/3da24eff-19e78052.jpg,train,val,clear,night,highway
3dd99f90-c402c39d,3dd99f90-c402c39d.jpg,images/100k/train/3dd99f90-c402c39d.jpg,train,val,clear,night,highway
3de9984e-86d34567,3de9984e-86d34567.jpg,images/100k/train/3de9984e-86d34567.jpg,train,val,rainy,daytime,city street
3e00bab2-28e1800b,3e00bab2-28e1800b.jpg,images/100k/train/3e00bab2-28e1800b.jpg,train,val,undefined,daytime,city street
3e4c613d-682fc3fb,3e4c613d-682fc3fb.jpg,images/100k/train/3e4c613d-682fc3fb.jpg,train,val,clear,daytime,city street
3e5f8c31-426750be,3e5f8c31-426750be.jpg,images/100k/train/3e5f8c31-426750be.jpg,train,val,clear,night,highway
3e824138-f532d080,3e824138-f532d080.jpg,images/100k/train/3e824138-f532d080.jpg,train,val,clear,daytime,highway
3e9df656-934a53a3,3e9df656-934a53a3.jpg,images/100k/train/3e9df656-934a53a3.jpg,train,val,undefined,daytime,city street
3ebd2676-0b83e471,3ebd2676-0b83e471.jpg,images/100k/train/3ebd2676-0b83e471.jpg,train,val,clear,night,city street
3eca676d-9bd7d54d,3eca676d-9bd7d54d.jpg,images/100k/train/3eca676d-9bd7d54d.jpg,train,val,undefined,daytime,city street
3ee6752c-376494ac,3ee6752c-376494ac.jpg,images/100k/train/3ee6752c-376494ac.jpg,train,val,clear,night,city street
3f225bea-adfb6fa3,3f225bea-adfb6fa3.jpg,images/100k/train/3f225bea-adfb6fa3.jpg,train,val,undefined,daytime,parking lot
3f568b53-fa3c3b74,3f568b53-fa3c3b74.jpg,images/100k/train/3f568b53-fa3c3b74.jpg,train,val,snowy,daytime,residential
3fa42699-b10f3c74,3fa42699-b10f3c74.jpg,images/100k/train/3fa42699-b10f3c74.jpg,train,val,overcast,daytime,residential
3fb4d0f8-f7d4ffea,3fb4d0f8-f7d4ffea.jpg,images/100k/train/3fb4d0f8-f7d4ffea.jpg,train,val,clear,night,undefined
3fbbc2b7-a119a689,3fbbc2b7-a119a689.jpg,images/100k/train/3fbbc2b7-a119a689.jpg,train,val,clear,night,residential
3fc26539-0fb4ab65,3fc26539-0fb4ab65.jpg,images/100k/train/3fc26539-0fb4ab65.jpg,train,val,clear,night,city street
4012cfdc-e6d5e1f4,4012cfdc-e6d5e1f4.jpg,images/100k/train/4012cfdc-e6d5e1f4.jpg,train,val,clear,night,undefined
4047c5fc-694c4171,4047c5fc-694c4171.jpg,images/100k/train/4047c5fc-694c4171.jpg,train,val,rainy,night,city street
406cf3a1-b50b58ab,406cf3a1-b50b58ab.jpg,images/100k/train/406cf3a1-b50b58ab.jpg,train,val,clear,daytime,highway
40732c55-20f456fa,40732c55-20f456fa.jpg,images/100k/train/40732c55-20f456fa.jpg,train,val,clear,night,city street
40aaa80e-12b7da52,40aaa80e-12b7da52.jpg,images/100k/train/40aaa80e-12b7da52.jpg,train,val,clear,night,city street
40b1b93d-e7b7cf5b,40b1b93d-e7b7cf5b.jpg,images/100k/train/40b1b93d-e7b7cf5b.jpg,train,val,clear,night,residential
40e4b9b8-171927b2,40e4b9b8-171927b2.jpg,images/100k/train/40e4b9b8-171927b2.jpg,train,val,clear,daytime,city street
40eb896b-b8e6228f,40eb896b-b8e6228f.jpg,images/100k/train/40eb896b-b8e6228f.jpg,train,val,overcast,daytime,city street
4123a174-6d7a1093,4123a174-6d7a1093.jpg,images/100k/train/4123a174-6d7a1093.jpg,train,val,overcast,daytime,residential
413166b2-a5307d98,413166b2-a5307d98.jpg,images/100k/train/413166b2-a5307d98.jpg,train,val,rainy,daytime,city street
4147ffb6-fca63463,4147ffb6-fca63463.jpg,images/100k/train/4147ffb6-fca63463.jpg,train,val,rainy,night,city street
414e7b44-dbf7b496,414e7b44-dbf7b496.jpg,images/100k/train/414e7b44-dbf7b496.jpg,train,val,clear,daytime,highway
417ed654-47112701,417ed654-47112701.jpg,images/100k/train/417ed654-47112701.jpg,train,val,clear,night,city street
41aac73c-56e907e3,41aac73c-56e907e3.jpg,images/100k/train/41aac73c-56e907e3.jpg,train,val,clear,night,city street
41b176a3-08999b10,41b176a3-08999b10.jpg,images/100k/train/41b176a3-08999b10.jpg,train,val,clear,daytime,city street
41eacba2-eaea6394,41eacba2-eaea6394.jpg,images/100k/train/41eacba2-eaea6394.jpg,train,val,clear,night,highway
4204566d-8e713049,4204566d-8e713049.jpg,images/100k/train/4204566d-8e713049.jpg,train,val,clear,daytime,residential
420fb34a-27328a7f,420fb34a-27328a7f.jpg,images/100k/train/420fb34a-27328a7f.jpg,train,val,clear,daytime,city street
4228f4d4-35be6af4,4228f4d4-35be6af4.jpg,images/100k/train/4228f4d4-35be6af4.jpg,train,val,undefined,daytime,city street
423f7032-604df2df,423f7032-604df2df.jpg,images/100k/train/423f7032-604df2df.jpg,train,val,snowy,night,highway
424dabea-cfe8fe8f,424dabea-cfe8fe8f.jpg,images/100k/train/424dabea-cfe8fe8f.jpg,train,val,clear,night,highway
42711b6a-2bfab69f,42711b6a-2bfab69f.jpg,images/100k/train/42711b6a-2bfab69f.jpg,train,val,clear,night,city street
427aa10e-f4c59326,427aa10e-f4c59326.jpg,images/100k/train/427aa10e-f4c59326.jpg,train,val,snowy,daytime,city street
42884a4c-0b1c3874,42884a4c-0b1c3874.jpg,images/100k/train/42884a4c-0b1c3874.jpg,train,val,clear,daytime,highway
428a8232-0989f1da,428a8232-0989f1da.jpg,images/100k/train/428a8232-0989f1da.jpg,train,val,clear,night,residential
429a9cb8-efc4b04b,429a9cb8-efc4b04b.jpg,images/100k/train/429a9cb8-efc4b04b.jpg,train,val,clear,night,city street
42cd0a94-02486d74,42cd0a94-02486d74.jpg,images/100k/train/42cd0a94-02486d74.jpg,train,val,rainy,daytime,highway
42d8d443-e0a7b315,42d8d443-e0a7b315.jpg,images/100k/train/42d8d443-e0a7b315.jpg,train,val,clear,daytime,city street
42e99ff0-c3cb7e0d,42e99ff0-c3cb7e0d.jpg,images/100k/train/42e99ff0-c3cb7e0d.jpg,train,val,partly cloudy,dawn/dusk,city street
42f83662-aaeee7f8,42f83662-aaeee7f8.jpg,images/100k/train/42f83662-aaeee7f8.jpg,train,val,rainy,daytime,city street
432f9e20-83a0d96c,432f9e20-83a0d96c.jpg,images/100k/train/432f9e20-83a0d96c.jpg,train,val,clear,daytime,highway
4347dcb5-0d948a8b,4347dcb5-0d948a8b.jpg,images/100k/train/4347dcb5-0d948a8b.jpg,train,val,undefined,daytime,city street
43ad614f-78993029,43ad614f-78993029.jpg,images/100k/train/43ad614f-78993029.jpg,train,val,clear,night,highway
43af93b8-8aaa05e5,43af93b8-8aaa05e5.jpg,images/100k/train/43af93b8-8aaa05e5.jpg,train,val,clear,dawn/dusk,city street
43c7ed5c-356c671f,43c7ed5c-356c671f.jpg,images/100k/train/43c7ed5c-356c671f.jpg,train,val,clear,night,highway
44100dcc-01246df2,44100dcc-01246df2.jpg,images/100k/train/44100dcc-01246df2.jpg,train,val,overcast,daytime,highway
441e0bd4-dba5886a,441e0bd4-dba5886a.jpg,images/100k/train/441e0bd4-dba5886a.jpg,train,val,clear,night,city street
443c160b-fbe34277,443c160b-fbe34277.jpg,images/100k/train/443c160b-fbe34277.jpg,train,val,undefined,daytime,city street
4440cde4-6fcb5a45,4440cde4-6fcb5a45.jpg,images/100k/train/4440cde4-6fcb5a45.jpg,train,val,clear,night,city street
4448af89-161e62e8,4448af89-161e62e8.jpg,images/100k/train/4448af89-161e62e8.jpg,train,val,undefined,daytime,city street
4450b27b-19843fc3,4450b27b-19843fc3.jpg,images/100k/train/4450b27b-19843fc3.jpg,train,val,clear,daytime,city street
447cffc0-160b9e19,447cffc0-160b9e19.jpg,images/100k/train/447cffc0-160b9e19.jpg,train,val,undefined,daytime,highway
44a6a7cc-7f78e7f7,44a6a7cc-7f78e7f7.jpg,images/100k/train/44a6a7cc-7f78e7f7.jpg,train,val,clear,daytime,city street
44ef3a83-4c9452e6,44ef3a83-4c9452e6.jpg,images/100k/train/44ef3a83-4c9452e6.jpg,train,val,clear,night,highway
45a00149-7646a9b8,45a00149-7646a9b8.jpg,images/100k/train/45a00149-7646a9b8.jpg,train,val,partly cloudy,daytime,highway
45b26408-388752db,45b26408-388752db.jpg,images/100k/train/45b26408-388752db.jpg,train,val,clear,daytime,city street
45bdcee5-3f9256b0,45bdcee5-3f9256b0.jpg,images/100k/train/45bdcee5-3f9256b0.jpg,train,val,partly cloudy,daytime,city street
45f290df-fd22f17c,45f290df-fd22f17c.jpg,images/100k/train/45f290df-fd22f17c.jpg,train,val,snowy,night,city street
461e450f-8def9f7e,461e450f-8def9f7e.jpg,images/100k/train/461e450f-8def9f7e.jpg,train,val,clear,night,city street
4630ce46-e3fed484,4630ce46-e3fed484.jpg,images/100k/train/4630ce46-e3fed484.jpg,train,val,overcast,daytime,highway
46679f16-7658629c,46679f16-7658629c.jpg,images/100k/train/46679f16-7658629c.jpg,train,val,undefined,daytime,residential
46a1c9b9-72f695e7,46a1c9b9-72f695e7.jpg,images/100k/train/46a1c9b9-72f695e7.jpg,train,val,clear,night,city street
46a8c5cc-c15f83cc,46a8c5cc-c15f83cc.jpg,images/100k/train/46a8c5cc-c15f83cc.jpg,train,val,clear,night,city street
46c17423-e2cce824,46c17423-e2cce824.jpg,images/100k/train/46c17423-e2cce824.jpg,train,val,clear,night,highway
4702797f-b16dda8c,4702797f-b16dda8c.jpg,images/100k/train/4702797f-b16dda8c.jpg,train,val,clear,daytime,city street
471cd309-2b7924cb,471cd309-2b7924cb.jpg,images/100k/train/471cd309-2b7924cb.jpg,train,val,undefined,daytime,highway
474d4e3a-ea7c256c,474d4e3a-ea7c256c.jpg,images/100k/train/474d4e3a-ea7c256c.jpg,train,val,snowy,daytime,city street
47572038-ac255b6f,47572038-ac255b6f.jpg,images/100k/train/47572038-ac255b6f.jpg,train,val,foggy,night,city street
4757289f-799582f9,4757289f-799582f9.jpg,images/100k/train/4757289f-799582f9.jpg,train,val,rainy,night,highway
475a4732-7fd6ed1d,475a4732-7fd6ed1d.jpg,images/100k/train/475a4732-7fd6ed1d.jpg,train,val,rainy,daytime,city street
47a9d211-ef0e265d,47a9d211-ef0e265d.jpg,images/100k/train/47a9d211-ef0e265d.jpg,train,val,snowy,night,city street
47b4c52c-48e9a494,47b4c52c-48e9a494.jpg,images/100k/train/47b4c52c-48e9a494.jpg,train,val,overcast,daytime,city street
47e383b2-a5f25d3c,47e383b2-a5f25d3c.jpg,images/100k/train/47e383b2-a5f25d3c.jpg,train,val,snowy,night,highway
481a2466-4b0a5a8a,481a2466-4b0a5a8a.jpg,images/100k/train/481a2466-4b0a5a8a.jpg,train,val,snowy,night,city street
482c59c0-afadea87,482c59c0-afadea87.jpg,images/100k/train/482c59c0-afadea87.jpg,train,val,overcast,daytime,city street
483566bd-3d9d8878,483566bd-3d9d8878.jpg,images/100k/train/483566bd-3d9d8878.jpg,train,val,clear,night,city street
4835ad8b-2502615d,4835ad8b-2502615d.jpg,images/100k/train/4835ad8b-2502615d.jpg,train,val,clear,night,highway
4840bbf9-dfcda64f,4840bbf9-dfcda64f.jpg,images/100k/train/4840bbf9-dfcda64f.jpg,train,val,rainy,daytime,city street
48a24471-708ab0f7,48a24471-708ab0f7.jpg,images/100k/train/48a24471-708ab0f7.jpg,train,val,snowy,daytime,city street
48a63423-ffcf13f8,48a63423-ffcf13f8.jpg,images/100k/train/48a63423-ffcf13f8.jpg,train,val,overcast,daytime,city street
48f00dd9-6836a902,48f00dd9-6836a902.jpg,images/100k/train/48f00dd9-6836a902.jpg,train,val,clear,daytime,residential
49069e94-4484c539,49069e94-4484c539.jpg,images/100k/train/49069e94-4484c539.jpg,train,val,snowy,daytime,city street
493aab6f-5e4a52aa,493aab6f-5e4a52aa.jpg,images/100k/train/493aab6f-5e4a52aa.jpg,train,val,partly cloudy,daytime,city street
498ec6a2-01e5fc36,498ec6a2-01e5fc36.jpg,images/100k/train/498ec6a2-01e5fc36.jpg,train,val,partly cloudy,daytime,highway
4996ebe4-9c216dc4,4996ebe4-9c216dc4.jpg,images/100k/train/4996ebe4-9c216dc4.jpg,train,val,undefined,daytime,residential
49c6923b-5b494322,49c6923b-5b494322.jpg,images/100k/train/49c6923b-5b494322.jpg,train,val,rainy,daytime,city street
49c9fb1f-43ed5be9,49c9fb1f-43ed5be9.jpg,images/100k/train/49c9fb1f-43ed5be9.jpg,train,val,clear,night,highway
49fe1b44-0b286a20,49fe1b44-0b286a20.jpg,images/100k/train/49fe1b44-0b286a20.jpg,train,val,foggy,night,highway
4a626a06-b4533eb0,4a626a06-b4533eb0.jpg,images/100k/train/4a626a06-b4533eb0.jpg,train,val,clear,night,city street
4a8e9f6d-ca4197da,4a8e9f6d-ca4197da.jpg,images/100k/train/4a8e9f6d-ca4197da.jpg,train,val,clear,night,highway
4ac55520-bf6d84f9,4ac55520-bf6d84f9.jpg,images/100k/train/4ac55520-bf6d84f9.jpg,train,val,snowy,daytime,city street
4b3fbcc7-4ea6fa48,4b3fbcc7-4ea6fa48.jpg,images/100k/train/4b3fbcc7-4ea6fa48.jpg,train,val,clear,night,city street
4b7ee075-10530226,4b7ee075-10530226.jpg,images/100k/train/4b7ee075-10530226.jpg,train,val,overcast,daytime,highway
4b81df76-f1ed52a9,4b81df76-f1ed52a9.jpg,images/100k/train/4b81df76-f1ed52a9.jpg,train,val,snowy,daytime,residential
4be1ec02-d4b06114,4be1ec02-d4b06114.jpg,images/100k/train/4be1ec02-d4b06114.jpg,train,val,clear,dawn/dusk,city street
4bee32fa-5fcc2a45,4bee32fa-5fcc2a45.jpg,images/100k/train/4bee32fa-5fcc2a45.jpg,train,val,clear,night,city street
4befa8c2-4a9f3363,4befa8c2-4a9f3363.jpg,images/100k/train/4befa8c2-4a9f3363.jpg,train,val,clear,night,city street
4c45e4fb-42427a67,4c45e4fb-42427a67.jpg,images/100k/train/4c45e4fb-42427a67.jpg,train,val,rainy,daytime,city street
4c4b3b2b-dd9661b8,4c4b3b2b-dd9661b8.jpg,images/100k/train/4c4b3b2b-dd9661b8.jpg,train,val,undefined,daytime,city street
4c7c4eb3-a44dee11,4c7c4eb3-a44dee11.jpg,images/100k/train/4c7c4eb3-a44dee11.jpg,train,val,clear,night,city street
4c871573-cd66e945,4c871573-cd66e945.jpg,images/100k/train/4c871573-cd66e945.jpg,train,val,clear,night,highway
4c888797-a6013ac9,4c888797-a6013ac9.jpg,images/100k/train/4c888797-a6013ac9.jpg,train,val,clear,night,city street
4caa446f-c28c2e4e,4caa446f-c28c2e4e.jpg,images/100k/train/4caa446f-c28c2e4e.jpg,train,val,overcast,dawn/dusk,city street
4cb947f5-0fd657bb,4cb947f5-0fd657bb.jpg,images/100k/train/4cb947f5-0fd657bb.jpg,train,val,clear,daytime,city street
4cc32c08-ab5c5412,4cc32c08-ab5c5412.jpg,images/100k/train/4cc32c08-ab5c5412.jpg,train,val,undefined,daytime,city street
4cca28c2-f7dd09dc,4cca28c2-f7dd09dc.jpg,images/100k/train/4cca28c2-f7dd09dc.jpg,train,val,snowy,daytime,city street
4cdef661-7e33020f,4cdef661-7e33020f.jpg,images/100k/train/4cdef661-7e33020f.jpg,train,val,snowy,night,residential
4ce66f8e-658591f2,4ce66f8e-658591f2.jpg,images/100k/train/4ce66f8e-658591f2.jpg,train,val,clear,night,city street
4d001d0c-2806a84a,4d001d0c-2806a84a.jpg,images/100k/train/4d001d0c-2806a84a.jpg,train,val,clear,night,city street
4d1fc461-dc47ca19,4d1fc461-dc47ca19.jpg,images/100k/train/4d1fc461-dc47ca19.jpg,train,val,overcast,daytime,city street
4d3a2021-c1b7e084,4d3a2021-c1b7e084.jpg,images/100k/train/4d3a2021-c1b7e084.jpg,train,val,undefined,daytime,city street
4d6377d1-e3782b54,4d6377d1-e3782b54.jpg,images/100k/train/4d6377d1-e3782b54.jpg,train,val,partly cloudy,daytime,city street
4d6d5087-dadf972c,4d6d5087-dadf972c.jpg,images/100k/train/4d6d5087-dadf972c.jpg,train,val,rainy,night,city street
4dc7a02c-f47cfe58,4dc7a02c-f47cfe58.jpg,images/100k/train/4dc7a02c-f47cfe58.jpg,train,val,snowy,daytime,residential
4e4b009d-9d7701ea,4e4b009d-9d7701ea.jpg,images/100k/train/4e4b009d-9d7701ea.jpg,train,val,overcast,daytime,city street
4e78ecb1-ed07e06a,4e78ecb1-ed07e06a.jpg,images/100k/train/4e78ecb1-ed07e06a.jpg,train,val,undefined,daytime,city street
4ead46a0-e03102ac,4ead46a0-e03102ac.jpg,images/100k/train/4ead46a0-e03102ac.jpg,train,val,rainy,dawn/dusk,city street
4ec3c98d-649b014d,4ec3c98d-649b014d.jpg,images/100k/train/4ec3c98d-649b014d.jpg,train,val,overcast,daytime,highway
4f117b24-eea1c407,4f117b24-eea1c407.jpg,images/100k/train/4f117b24-eea1c407.jpg,train,val,clear,daytime,city street
4f1263bc-f87d49bc,4f1263bc-f87d49bc.jpg,images/100k/train/4f1263bc-f87d49bc.jpg,train,val,partly cloudy,daytime,city street
4f7462a5-ae314112,4f7462a5-ae314112.jpg,images/100k/train/4f7462a5-ae314112.jpg,train,val,clear,night,city street
4f99a343-af8d2d68,4f99a343-af8d2d68.jpg,images/100k/train/4f99a343-af8d2d68.jpg,train,val,overcast,daytime,city street
4f9b45d6-93651617,4f9b45d6-93651617.jpg,images/100k/train/4f9b45d6-93651617.jpg,train,val,undefined,daytime,city street
4ff13f5f-c115945f,4ff13f5f-c115945f.jpg,images/100k/train/4ff13f5f-c115945f.jpg,train,val,rainy,night,residential
4ffa35d0-619bf8b6,4ffa35d0-619bf8b6.jpg,images/100k/train/4ffa35d0-619bf8b6.jpg,train,val,clear,night,residential
502f4aa2-9dc3b976,502f4aa2-9dc3b976.jpg,images/100k/train/502f4aa2-9dc3b976.jpg,train,val,undefined,daytime,highway
5057e1b7-9e9061c9,5057e1b7-9e9061c9.jpg,images/100k/train/5057e1b7-9e9061c9.jpg,train,val,rainy,daytime,city street
50a95d7e-d8beebf9,50a95d7e-d8beebf9.jpg,images/100k/train/50a95d7e-d8beebf9.jpg,train,val,clear,daytime,city street
50c11f3a-16606cc7,50c11f3a-16606cc7.jpg,images/100k/train/50c11f3a-16606cc7.jpg,train,val,snowy,daytime,highway
50c88756-1eaa8985,50c88756-1eaa8985.jpg,images/100k/train/50c88756-1eaa8985.jpg,train,val,clear,daytime,city street
50cf98dd-ce038e60,50cf98dd-ce038e60.jpg,images/100k/train/50cf98dd-ce038e60.jpg,train,val,clear,night,city street
50e81516-3783ec8c,50e81516-3783ec8c.jpg,images/100k/train/50e81516-3783ec8c.jpg,train,val,clear,night,highway
51d7b93b-ede668d4,51d7b93b-ede668d4.jpg,images/100k/train/51d7b93b-ede668d4.jpg,train,val,clear,night,city street
5208a516-23123fd3,5208a516-23123fd3.jpg,images/100k/train/5208a516-23123fd3.jpg,train,val,clear,daytime,city street
523055b0-c2bb4b3c,523055b0-c2bb4b3c.jpg,images/100k/train/523055b0-c2bb4b3c.jpg,train,val,partly cloudy,daytime,highway
524a494e-d5eaaa81,524a494e-d5eaaa81.jpg,images/100k/train/524a494e-d5eaaa81.jpg,train,val,clear,night,city street
526c1058-3bdb3815,526c1058-3bdb3815.jpg,images/100k/train/526c1058-3bdb3815.jpg,train,val,clear,daytime,city street
529762d9-24d38428,529762d9-24d38428.jpg,images/100k/train/529762d9-24d38428.jpg,train,val,clear,daytime,highway
52a3c936-00832e7f,52a3c936-00832e7f.jpg,images/100k/train/52a3c936-00832e7f.jpg,train,val,rainy,daytime,city street
52a51caa-b570d45d,52a51caa-b570d45d.jpg,images/100k/train/52a51caa-b570d45d.jpg,train,val,clear,daytime,city street
5319f6b5-730a22b5,5319f6b5-730a22b5.jpg,images/100k/train/5319f6b5-730a22b5.jpg,train,val,clear,daytime,city street
53373c51-01710aff,53373c51-01710aff.jpg,images/100k/train/53373c51-01710aff.jpg,train,val,undefined,dawn/dusk,city street
53a82779-7ee857ec,53a82779-7ee857ec.jpg,images/100k/train/53a82779-7ee857ec.jpg,train,val,snowy,daytime,city street
53be3c4d-d5c8b128,53be3c4d-d5c8b128.jpg,images/100k/train/53be3c4d-d5c8b128.jpg,train,val,clear,daytime,highway
53c597df-c26c8f53,53c597df-c26c8f53.jpg,images/100k/train/53c597df-c26c8f53.jpg,train,val,clear,night,highway
53d82b1f-2c2bfff8,53d82b1f-2c2bfff8.jpg,images/100k/train/53d82b1f-2c2bfff8.jpg,train,val,rainy,daytime,city street
53dcd611-bfa7a092,53dcd611-bfa7a092.jpg,images/100k/train/53dcd611-bfa7a092.jpg,train,val,overcast,daytime,residential
53ebbdbd-81660635,53ebbdbd-81660635.jpg,images/100k/train/53ebbdbd-81660635.jpg,train,val,clear,night,city street
53f2b065-408eff3e,53f2b065-408eff3e.jpg,images/100k/train/53f2b065-408eff3e.jpg,train,val,clear,night,city street
542957f8-35b4e689,542957f8-35b4e689.jpg,images/100k/train/542957f8-35b4e689.jpg,train,val,undefined,daytime,city street
543b8874-fff0fe91,543b8874-fff0fe91.jpg,images/100k/train/543b8874-fff0fe91.jpg,train,val,clear,night,highway
543e0902-eab54d4c,543e0902-eab54d4c.jpg,images/100k/train/543e0902-eab54d4c.jpg,train,val,clear,night,highway
54549e0f-1d1a587c,54549e0f-1d1a587c.jpg,images/100k/train/54549e0f-1d1a587c.jpg,train,val,overcast,daytime,city street
5465516d-64005420,5465516d-64005420.jpg,images/100k/train/5465516d-64005420.jpg,train,val,rainy,daytime,city street
54bd3654-affc932e,54bd3654-affc932e.jpg,images/100k/train/54bd3654-affc932e.jpg,train,val,clear,night,city street
55201eaf-dd7138bb,55201eaf-dd7138bb.jpg,images/100k/train/55201eaf-dd7138bb.jpg,train,val,clear,night,city street
5570653a-a5fea6c0,5570653a-a5fea6c0.jpg,images/100k/train/5570653a-a5fea6c0.jpg,train,val,overcast,daytime,highway
55866155-12e8b3b6,55866155-12e8b3b6.jpg,images/100k/train/55866155-12e8b3b6.jpg,train,val,clear,night,city street
55c1775b-c8b9565e,55c1775b-c8b9565e.jpg,images/100k/train/55c1775b-c8b9565e.jpg,train,val,overcast,daytime,highway
55ffb1d2-ab324fe4,55ffb1d2-ab324fe4.jpg,images/100k/train/55ffb1d2-ab324fe4.jpg,train,val,clear,night,highway
5626cd4f-0f047fec,5626cd4f-0f047fec.jpg,images/100k/train/5626cd4f-0f047fec.jpg,train,val,overcast,daytime,city street
564bf690-84a11280,564bf690-84a11280.jpg,images/100k/train/564bf690-84a11280.jpg,train,val,overcast,daytime,city street
567eb612-23e09314,567eb612-23e09314.jpg,images/100k/train/567eb612-23e09314.jpg,train,val,clear,night,city street
56893e8f-406555bb,56893e8f-406555bb.jpg,images/100k/train/56893e8f-406555bb.jpg,train,val,foggy,daytime,highway
56a005c9-9df4ad4f,56a005c9-9df4ad4f.jpg,images/100k/train/56a005c9-9df4ad4f.jpg,train,val,clear,daytime,city street
56f4109b-89202388,56f4109b-89202388.jpg,images/100k/train/56f4109b-89202388.jpg,train,val,clear,night,residential
57007cdc-274b0ddc,57007cdc-274b0ddc.jpg,images/100k/train/57007cdc-274b0ddc.jpg,train,val,clear,daytime,city street
5707950d-50e763fc,5707950d-50e763fc.jpg,images/100k/train/5707950d-50e763fc.jpg,train,val,snowy,night,city street
572c47d5-d52d4c20,572c47d5-d52d4c20.jpg,images/100k/train/572c47d5-d52d4c20.jpg,train,val,overcast,daytime,highway
573e7bdc-026d0656,573e7bdc-026d0656.jpg,images/100k/train/573e7bdc-026d0656.jpg,train,val,rainy,daytime,highway
57726051-d7b30f9d,57726051-d7b30f9d.jpg,images/100k/train/57726051-d7b30f9d.jpg,train,val,clear,night,highway
578e6339-cf64c9aa,578e6339-cf64c9aa.jpg,images/100k/train/578e6339-cf64c9aa.jpg,train,val,undefined,dawn/dusk,city street
579e48f8-74bc1096,579e48f8-74bc1096.jpg,images/100k/train/579e48f8-74bc1096.jpg,train,val,partly cloudy,daytime,city street
57baa689-37205adc,57baa689-37205adc.jpg,images/100k/train/57baa689-37205adc.jpg,train,val,rainy,night,highway
57c4b923-a1a94b40,57c4b923-a1a94b40.jpg,images/100k/train/57c4b923-a1a94b40.jpg,train,val,clear,night,city street
57c53979-8e83f952,57c53979-8e83f952.jpg,images/100k/train/57c53979-8e83f952.jpg,train,val,rainy,daytime,residential
57d92244-4b975ca3,57d92244-4b975ca3.jpg,images/100k/train/57d92244-4b975ca3.jpg,train,val,partly cloudy,daytime,city street
57f01575-c83142a8,57f01575-c83142a8.jpg,images/100k/train/57f01575-c83142a8.jpg,train,val,clear,night,city street
57f01575-cdde1bc3,57f01575-cdde1bc3.jpg,images/100k/train/57f01575-cdde1bc3.jpg,train,val,clear,night,city street
580dfc83-7b95a85f,580dfc83-7b95a85f.jpg,images/100k/train/580dfc83-7b95a85f.jpg,train,val,rainy,night,city street
581267ac-a070505f,581267ac-a070505f.jpg,images/100k/train/581267ac-a070505f.jpg,train,val,snowy,daytime,city street
583c95be-526e5053,583c95be-526e5053.jpg,images/100k/train/583c95be-526e5053.jpg,train,val,clear,night,city street
58adbbb6-4231da67,58adbbb6-4231da67.jpg,images/100k/train/58adbbb6-4231da67.jpg,train,val,clear,night,city street
58cd0eb5-17cf27b4,58cd0eb5-17cf27b4.jpg,images/100k/train/58cd0eb5-17cf27b4.jpg,train,val,clear,daytime,residential
58ec42ac-f73763a1,58ec42ac-f73763a1.jpg,images/100k/train/58ec42ac-f73763a1.jpg,train,val,clear,daytime,highway
58f3ffa9-723d5ecc,58f3ffa9-723d5ecc.jpg,images/100k/train/58f3ffa9-723d5ecc.jpg,train,val,clear,night,city street
58ffd862-035b71f9,58ffd862-035b71f9.jpg,images/100k/train/58ffd862-035b71f9.jpg,train,val,clear,daytime,highway
590e3790-0ed24705,590e3790-0ed24705.jpg,images/100k/train/590e3790-0ed24705.jpg,train,val,snowy,daytime,highway
5927f35b-0d08bd87,5927f35b-0d08bd87.jpg,images/100k/train/5927f35b-0d08bd87.jpg,train,val,clear,night,city street
592ac349-01d42948,592ac349-01d42948.jpg,images/100k/train/592ac349-01d42948.jpg,train,val,clear,night,highway
5935c959-f56fbaeb,5935c959-f56fbaeb.jpg,images/100k/train/5935c959-f56fbaeb.jpg,train,val,overcast,daytime,highway
5944da89-593cf5ea,5944da89-593cf5ea.jpg,images/100k/train/5944da89-593cf5ea.jpg,train,val,overcast,daytime,highway
59a07de4-5d87b5a6,59a07de4-5d87b5a6.jpg,images/100k/train/59a07de4-5d87b5a6.jpg,train,val,snowy,daytime,city street
59a44a96-8ec88b19,59a44a96-8ec88b19.jpg,images/100k/train/59a44a96-8ec88b19.jpg,train,val,clear,night,city street
59d3ef56-06bb8c46,59d3ef56-06bb8c46.jpg,images/100k/train/59d3ef56-06bb8c46.jpg,train,val,clear,night,highway
59dc35a8-2e0d3b32,59dc35a8-2e0d3b32.jpg,images/100k/train/59dc35a8-2e0d3b32.jpg,train,val,undefined,daytime,city street
59ecdd99-0bdc8b86,59ecdd99-0bdc8b86.jpg,images/100k/train/59ecdd99-0bdc8b86.jpg,train,val,clear,night,city street
5a2fb40f-a6668398,5a2fb40f-a6668398.jpg,images/100k/train/5a2fb40f-a6668398.jpg,train,val,clear,night,city street
5a32723a-0757a638,5a32723a-0757a638.jpg,images/100k/train/5a32723a-0757a638.jpg,train,val,rainy,daytime,city street
5a6d6115-47df7449,5a6d6115-47df7449.jpg,images/100k/train/5a6d6115-47df7449.jpg,train,val,clear,night,highway
5a6e4eac-4abd359e,5a6e4eac-4abd359e.jpg,images/100k/train/5a6e4eac-4abd359e.jpg,train,val,clear,daytime,city street
5af79c20-67707aed,5af79c20-67707aed.jpg,images/100k/train/5af79c20-67707aed.jpg,train,val,clear,daytime,residential
5b0a2b9c-bac6f241,5b0a2b9c-bac6f241.jpg,images/100k/train/5b0a2b9c-bac6f241.jpg,train,val,undefined,daytime,city street
5b27653c-8574c5b2,5b27653c-8574c5b2.jpg,images/100k/train/5b27653c-8574c5b2.jpg,train,val,clear,night,highway
5b27653c-89147fc1,5b27653c-89147fc1.jpg,images/100k/train/5b27653c-89147fc1.jpg,train,val,snowy,night,city street
5b7bf7a5-8485b74e,5b7bf7a5-8485b74e.jpg,images/100k/train/5b7bf7a5-8485b74e.jpg,train,val,clear,daytime,highway
5ba0fbeb-9d387530,5ba0fbeb-9d387530.jpg,images/100k/train/5ba0fbeb-9d387530.jpg,train,val,clear,night,city street
5bf16c10-b5c7e94f,5bf16c10-b5c7e94f.jpg,images/100k/train/5bf16c10-b5c7e94f.jpg,train,val,clear,night,city street
5c2c14e7-13102eec,5c2c14e7-13102eec.jpg,images/100k/train/5c2c14e7-13102eec.jpg,train,val,clear,dawn/dusk,city street
5c454e4e-990c31b7,5c454e4e-990c31b7.jpg,images/100k/train/5c454e4e-990c31b7.jpg,train,val,overcast,daytime,city street
5c47d8b6-ec22e053,5c47d8b6-ec22e053.jpg,images/100k/train/5c47d8b6-ec22e053.jpg,train,val,clear,daytime,highway
5c929de1-f704016b,5c929de1-f704016b.jpg,images/100k/train/5c929de1-f704016b.jpg,train,val,overcast,dawn/dusk,city street
5ca3fb25-63975ab2,5ca3fb25-63975ab2.jpg,images/100k/train/5ca3fb25-63975ab2.jpg,train,val,rainy,night,city street
5ca51a46-665bdcab,5ca51a46-665bdcab.jpg,images/100k/train/5ca51a46-665bdcab.jpg,train,val,snowy,night,city street
5cb805a8-68d31cfe,5cb805a8-68d31cfe.jpg,images/100k/train/5cb805a8-68d31cfe.jpg,train,val,clear,daytime,city street
5cbb1cf1-9a4ae21d,5cbb1cf1-9a4ae21d.jpg,images/100k/train/5cbb1cf1-9a4ae21d.jpg,train,val,clear,night,city street
5cd6760c-5efd60a1,5cd6760c-5efd60a1.jpg,images/100k/train/5cd6760c-5efd60a1.jpg,train,val,clear,night,city street
5d1905d8-875b2482,5d1905d8-875b2482.jpg,images/100k/train/5d1905d8-875b2482.jpg,train,val,clear,night,city street
5d3ad242-9419921f,5d3ad242-9419921f.jpg,images/100k/train/5d3ad242-9419921f.jpg,train,val,clear,night,city street
5d3ae77a-d39e1bdb,5d3ae77a-d39e1bdb.jpg,images/100k/train/5d3ae77a-d39e1bdb.jpg,train,val,clear,dawn/dusk,residential
5d5e3b39-b6b3c75e,5d5e3b39-b6b3c75e.jpg,images/100k/train/5d5e3b39-b6b3c75e.jpg,train,val,snowy,daytime,city street
5d7fd231-b3029045,5d7fd231-b3029045.jpg,images/100k/train/5d7fd231-b3029045.jpg,train,val,snowy,night,city street
5db2569a-1f17fc4f,5db2569a-1f17fc4f.jpg,images/100k/train/5db2569a-1f17fc4f.jpg,train,val,clear,night,highway
5dbc6bed-f616a215,5dbc6bed-f616a215.jpg,images/100k/train/5dbc6bed-f616a215.jpg,train,val,clear,night,highway
5e0929ab-d7271585,5e0929ab-d7271585.jpg,images/100k/train/5e0929ab-d7271585.jpg,train,val,clear,night,city street
5e25e18e-2f2b8dab,5e25e18e-2f2b8dab.jpg,images/100k/train/5e25e18e-2f2b8dab.jpg,train,val,clear,night,city street
5e26f49d-27f6ca47,5e26f49d-27f6ca47.jpg,images/100k/train/5e26f49d-27f6ca47.jpg,train,val,clear,daytime,highway
5e486661-6c69f68c,5e486661-6c69f68c.jpg,images/100k/train/5e486661-6c69f68c.jpg,train,val,clear,night,city street
5e75570c-9317bc7c,5e75570c-9317bc7c.jpg,images/100k/train/5e75570c-9317bc7c.jpg,train,val,snowy,daytime,city street
5ea20ada-56ebe09e,5ea20ada-56ebe09e.jpg,images/100k/train/5ea20ada-56ebe09e.jpg,train,val,overcast,daytime,city street
5eb318bf-7cc13f99,5eb318bf-7cc13f99.jpg,images/100k/train/5eb318bf-7cc13f99.jpg,train,val,clear,daytime,city street
5ee0183a-1a0b249a,5ee0183a-1a0b249a.jpg,images/100k/train/5ee0183a-1a0b249a.jpg,train,val,undefined,daytime,city street
5ef94ad8-98d14b8b,5ef94ad8-98d14b8b.jpg,images/100k/train/5ef94ad8-98d14b8b.jpg,train,val,partly cloudy,daytime,residential
5f41955b-8bfeae19,5f41955b-8bfeae19.jpg,images/100k/train/5f41955b-8bfeae19.jpg,train,val,undefined,daytime,city street
5f738119-bcb3dc11,5f738119-bcb3dc11.jpg,images/100k/train/5f738119-bcb3dc11.jpg,train,val,overcast,daytime,city street
5f8adca3-251457dc,5f8adca3-251457dc.jpg,images/100k/train/5f8adca3-251457dc.jpg,train,val,partly cloudy,daytime,city street
5f9e9266-ae34faef,5f9e9266-ae34faef.jpg,images/100k/train/5f9e9266-ae34faef.jpg,train,val,overcast,daytime,city street
5fba98b8-7aff7ddd,5fba98b8-7aff7ddd.jpg,images/100k/train/5fba98b8-7aff7ddd.jpg,train,val,clear,dawn/dusk,highway
5fc0dce6-7c8d36d8,5fc0dce6-7c8d36d8.jpg,images/100k/train/5fc0dce6-7c8d36d8.jpg,train,val,clear,night,city street
60141d6c-d2a262e0,60141d6c-d2a262e0.jpg,images/100k/train/60141d6c-d2a262e0.jpg,train,val,clear,night,city street
6042f35c-bdedf041,6042f35c-bdedf041.jpg,images/100k/train/6042f35c-bdedf041.jpg,train,val,partly cloudy,daytime,highway
605434f1-7c6b43f9,605434f1-7c6b43f9.jpg,images/100k/train/605434f1-7c6b43f9.jpg,train,val,clear,night,city street
608d944f-afb59cf2,608d944f-afb59cf2.jpg,images/100k/train/608d944f-afb59cf2.jpg,train,val,partly cloudy,daytime,highway
6095aaf6-166d4369,6095aaf6-166d4369.jpg,images/100k/train/6095aaf6-166d4369.jpg,train,val,overcast,daytime,city street
60ac58f9-154d09a5,60ac58f9-154d09a5.jpg,images/100k/train/60ac58f9-154d09a5.jpg,train,val,overcast,daytime,city street
60cb9996-94e86b6b,60cb9996-94e86b6b.jpg,images/100k/train/60cb9996-94e86b6b.jpg,train,val,clear,daytime,residential
60ce4ec3-6870d075,60ce4ec3-6870d075.jpg,images/100k/train/60ce4ec3-6870d075.jpg,train,val,clear,night,highway
60e49aac-a895bb55,60e49aac-a895bb55.jpg,images/100k/train/60e49aac-a895bb55.jpg,train,val,clear,night,highway
61239730-1811efc0,61239730-1811efc0.jpg,images/100k/train/61239730-1811efc0.jpg,train,val,clear,daytime,highway
61533d9a-f2dcca5c,61533d9a-f2dcca5c.jpg,images/100k/train/61533d9a-f2dcca5c.jpg,train,val,clear,daytime,city street
617ce720-1613a93d,617ce720-1613a93d.jpg,images/100k/train/617ce720-1613a93d.jpg,train,val,partly cloudy,daytime,city street
61ce7d27-2b8cb4d7,61ce7d27-2b8cb4d7.jpg,images/100k/train/61ce7d27-2b8cb4d7.jpg,train,val,undefined,daytime,residential
61ec2630-249ac4b1,61ec2630-249ac4b1.jpg,images/100k/train/61ec2630-249ac4b1.jpg,train,val,clear,night,highway
62381a95-4a06726a,62381a95-4a06726a.jpg,images/100k/train/62381a95-4a06726a.jpg,train,val,clear,night,city street
6239a4a3-534d8ff2,6239a4a3-534d8ff2.jpg,images/100k/train/6239a4a3-534d8ff2.jpg,train,val,clear,dawn/dusk,city street
629e6390-e373d7eb,629e6390-e373d7eb.jpg,images/100k/train/629e6390-e373d7eb.jpg,train,val,clear,daytime,highway
62a73da1-6627de2f,62a73da1-6627de2f.jpg,images/100k/train/62a73da1-6627de2f.jpg,train,val,clear,night,city street
62d39b9d-a3515182,62d39b9d-a3515182.jpg,images/100k/train/62d39b9d-a3515182.jpg,train,val,clear,daytime,city street
62eee498-5cc565cc,62eee498-5cc565cc.jpg,images/100k/train/62eee498-5cc565cc.jpg,train,val,clear,daytime,city street
62fb9a37-4c21a4d9,62fb9a37-4c21a4d9.jpg,images/100k/train/62fb9a37-4c21a4d9.jpg,train,val,overcast,daytime,highway
634d6bb1-62f956d8,634d6bb1-62f956d8.jpg,images/100k/train/634d6bb1-62f956d8.jpg,train,val,clear,night,city street
6376fcfc-febe3aaa,6376fcfc-febe3aaa.jpg,images/100k/train/6376fcfc-febe3aaa.jpg,train,val,clear,night,city street
638f30e3-4bd911ed,638f30e3-4bd911ed.jpg,images/100k/train/638f30e3-4bd911ed.jpg,train,val,undefined,daytime,residential
63c49c82-526eae19,63c49c82-526eae19.jpg,images/100k/train/63c49c82-526eae19.jpg,train,val,clear,night,city street
63ff7328-5a28a775,63ff7328-5a28a775.jpg,images/100k/train/63ff7328-5a28a775.jpg,train,val,rainy,night,city street
6402a9dd-f5c06a96,6402a9dd-f5c06a96.jpg,images/100k/train/6402a9dd-f5c06a96.jpg,train,val,clear,night,city street
641d1337-0f5a7b21,641d1337-0f5a7b21.jpg,images/100k/train/641d1337-0f5a7b21.jpg,train,val,overcast,daytime,residential
6442cd7c-69a95598,6442cd7c-69a95598.jpg,images/100k/train/6442cd7c-69a95598.jpg,train,val,clear,daytime,highway
646bb1c3-d85f0e78,646bb1c3-d85f0e78.jpg,images/100k/train/646bb1c3-d85f0e78.jpg,train,val,overcast,night,highway
647e8e1c-f6df0491,647e8e1c-f6df0491.jpg,images/100k/train/647e8e1c-f6df0491.jpg,train,val,snowy,night,city street
64d2ed53-ee309477,64d2ed53-ee309477.jpg,images/100k/train/64d2ed53-ee309477.jpg,train,val,overcast,daytime,residential
653c5d88-2766bec5,653c5d88-2766bec5.jpg,images/100k/train/653c5d88-2766bec5.jpg,train,val,undefined,daytime,city street
658eb811-ca3e921d,658eb811-ca3e921d.jpg,images/100k/train/658eb811-ca3e921d.jpg,train,val,clear,night,city street
6595dfa9-61810ac0,6595dfa9-61810ac0.jpg,images/100k/train/6595dfa9-61810ac0.jpg,train,val,clear,daytime,city street
659a7a5e-400e125c,659a7a5e-400e125c.jpg,images/100k/train/659a7a5e-400e125c.jpg,train,val,rainy,daytime,city street
66007cb2-3e3bd82a,66007cb2-3e3bd82a.jpg,images/100k/train/66007cb2-3e3bd82a.jpg,train,val,clear,night,highway
6602260f-2fd2370d,6602260f-2fd2370d.jpg,images/100k/train/6602260f-2fd2370d.jpg,train,val,clear,night,city street
66029444-980b9f8c,66029444-980b9f8c.jpg,images/100k/train/66029444-980b9f8c.jpg,train,val,snowy,dawn/dusk,city street
665f7862-fbeba408,665f7862-fbeba408.jpg,images/100k/train/665f7862-fbeba408.jpg,train,val,overcast,daytime,city street
6664e024-f289733a,6664e024-f289733a.jpg,images/100k/train/6664e024-f289733a.jpg,train,val,undefined,daytime,city street
66797fbd-f783e11a,66797fbd-f783e11a.jpg,images/100k/train/66797fbd-f783e11a.jpg,train,val,clear,night,city street
667aa907-9949f888,667aa907-9949f888.jpg,images/100k/train/667aa907-9949f888.jpg,train,val,rainy,night,city street
6681042e-1a4d1714,6681042e-1a4d1714.jpg,images/100k/train/6681042e-1a4d1714.jpg,train,val,clear,dawn/dusk,city street
6684274d-5845c056,6684274d-5845c056.jpg,images/100k/train/6684274d-5845c056.jpg,train,val,clear,daytime,city street
66ed5ea1-8cd16b4e,66ed5ea1-8cd16b4e.jpg,images/100k/train/66ed5ea1-8cd16b4e.jpg,train,val,rainy,daytime,city street
67263339-b145b160,67263339-b145b160.jpg,images/100k/train/67263339-b145b160.jpg,train,val,undefined,daytime,highway
674567c4-96ae0836,674567c4-96ae0836.jpg,images/100k/train/674567c4-96ae0836.jpg,train,val,partly cloudy,daytime,city street
6756b171-a426829e,6756b171-a426829e.jpg,images/100k/train/6756b171-a426829e.jpg,train,val,overcast,daytime,city street
67645ce3-5b3df134,67645ce3-5b3df134.jpg,images/100k/train/67645ce3-5b3df134.jpg,train,val,clear,daytime,city street
679bfcc9-bb6f05fb,679bfcc9-bb6f05fb.jpg,images/100k/train/679bfcc9-bb6f05fb.jpg,train,val,snowy,night,city street
67d809f9-23366665,67d809f9-23366665.jpg,images/100k/train/67d809f9-23366665.jpg,train,val,snowy,night,residential
67d809f9-8d8235b5,67d809f9-8d8235b5.jpg,images/100k/train/67d809f9-8d8235b5.jpg,train,val,clear,night,residential
67e9c96c-edd1dd15,67e9c96c-edd1dd15.jpg,images/100k/train/67e9c96c-edd1dd15.jpg,train,val,clear,dawn/dusk,city street
683da0ef-359eb06b,683da0ef-359eb06b.jpg,images/100k/train/683da0ef-359eb06b.jpg,train,val,overcast,daytime,highway
6884d8fe-4876f0b7,6884d8fe-4876f0b7.jpg,images/100k/train/6884d8fe-4876f0b7.jpg,train,val,overcast,daytime,highway
68e7781a-2263b74a,68e7781a-2263b74a.jpg,images/100k/train/68e7781a-2263b74a.jpg,train,val,overcast,daytime,highway
68eae8d4-6c437d9d,68eae8d4-6c437d9d.jpg,images/100k/train/68eae8d4-6c437d9d.jpg,train,val,clear,night,city street
693f5825-225166a1,693f5825-225166a1.jpg,images/100k/train/693f5825-225166a1.jpg,train,val,undefined,daytime,residential
69687999-3bd919f4,69687999-3bd919f4.jpg,images/100k/train/69687999-3bd919f4.jpg,train,val,clear,daytime,city street
69bfbe31-5ee2a642,69bfbe31-5ee2a642.jpg,images/100k/train/69bfbe31-5ee2a642.jpg,train,val,clear,daytime,highway
69e207eb-9a5ba305,69e207eb-9a5ba305.jpg,images/100k/train/69e207eb-9a5ba305.jpg,train,val,clear,daytime,highway
6a03393b-f2b8d25c,6a03393b-f2b8d25c.jpg,images/100k/train/6a03393b-f2b8d25c.jpg,train,val,clear,night,city street
6a11fee0-80fa7f04,6a11fee0-80fa7f04.jpg,images/100k/train/6a11fee0-80fa7f04.jpg,train,val,undefined,daytime,city street
6a244000-13dda37a,6a244000-13dda37a.jpg,images/100k/train/6a244000-13dda37a.jpg,train,val,clear,dawn/dusk,city street
6a97d6d6-9c07c2f0,6a97d6d6-9c07c2f0.jpg,images/100k/train/6a97d6d6-9c07c2f0.jpg,train,val,clear,daytime,city street
6ac8c7f6-83ef69cf,6ac8c7f6-83ef69cf.jpg,images/100k/train/6ac8c7f6-83ef69cf.jpg,train,val,clear,night,city street
6ad18bfb-9f558789,6ad18bfb-9f558789.jpg,images/100k/train/6ad18bfb-9f558789.jpg,train,val,overcast,daytime,highway
6b39a1db-631bbb48,6b39a1db-631bbb48.jpg,images/100k/train/6b39a1db-631bbb48.jpg,train,val,partly cloudy,daytime,residential
6b39f11d-93c4de68,6b39f11d-93c4de68.jpg,images/100k/train/6b39f11d-93c4de68.jpg,train,val,undefined,daytime,highway
6b4707b8-a33db21c,6b4707b8-a33db21c.jpg,images/100k/train/6b4707b8-a33db21c.jpg,train,val,partly cloudy,daytime,city street
6b607cdb-f80135a5,6b607cdb-f80135a5.jpg,images/100k/train/6b607cdb-f80135a5.jpg,train,val,snowy,daytime,city street
6b7bd2d2-dc555c60,6b7bd2d2-dc555c60.jpg,images/100k/train/6b7bd2d2-dc555c60.jpg,train,val,clear,night,city street
6b7ebe63-2fca54d1,6b7ebe63-2fca54d1.jpg,images/100k/train/6b7ebe63-2fca54d1.jpg,train,val,clear,night,city street
6b918191-d45bdc34,6b918191-d45bdc34.jpg,images/100k/train/6b918191-d45bdc34.jpg,train,val,clear,daytime,residential
6ba1fa62-edac415b,6ba1fa62-edac415b.jpg,images/100k/train/6ba1fa62-edac415b.jpg,train,val,clear,night,highway
6bedaa93-2ef2a4b7,6bedaa93-2ef2a4b7.jpg,images/100k/train/6bedaa93-2ef2a4b7.jpg,train,val,clear,night,highway
6bedaa93-f0c66ee2,6bedaa93-f0c66ee2.jpg,images/100k/train/6bedaa93-f0c66ee2.jpg,train,val,undefined,undefined,tunnel
6bf0dc86-60f39c61,6bf0dc86-60f39c61.jpg,images/100k/train/6bf0dc86-60f39c61.jpg,train,val,overcast,daytime,residential
6c03a466-50ca2d4b,6c03a466-50ca2d4b.jpg,images/100k/train/6c03a466-50ca2d4b.jpg,train,val,undefined,daytime,residential
6c34563a-02aa6edb,6c34563a-02aa6edb.jpg,images/100k/train/6c34563a-02aa6edb.jpg,train,val,clear,daytime,city street
6c712995-ee10eb18,6c712995-ee10eb18.jpg,images/100k/train/6c712995-ee10eb18.jpg,train,val,undefined,daytime,city street
6cb22916-8c53d079,6cb22916-8c53d079.jpg,images/100k/train/6cb22916-8c53d079.jpg,train,val,overcast,dawn/dusk,city street
6cd2e248-78143cdb,6cd2e248-78143cdb.jpg,images/100k/train/6cd2e248-78143cdb.jpg,train,val,overcast,dawn/dusk,city street
6cdcd971-e13d9475,6cdcd971-e13d9475.jpg,images/100k/train/6cdcd971-e13d9475.jpg,train,val,rainy,night,highway
6d34f7b0-cd6e1529,6d34f7b0-cd6e1529.jpg,images/100k/train/6d34f7b0-cd6e1529.jpg,train,val,clear,night,city street
6d34f7b0-fd7cac79,6d34f7b0-fd7cac79.jpg,images/100k/train/6d34f7b0-fd7cac79.jpg,train,val,snowy,night,city street
6d57736c-a35808b9,6d57736c-a35808b9.jpg,images/100k/train/6d57736c-a35808b9.jpg,train,val,clear,daytime,highway
6d7c9671-a20283c4,6d7c9671-a20283c4.jpg,images/100k/train/6d7c9671-a20283c4.jpg,train,val,undefined,daytime,city street
6d81ae43-1421ac9b,6d81ae43-1421ac9b.jpg,images/100k/train/6d81ae43-1421ac9b.jpg,train,val,overcast,daytime,highway
6d93a607-0b8cd5cd,6d93a607-0b8cd5cd.jpg,images/100k/train/6d93a607-0b8cd5cd.jpg,train,val,clear,daytime,city street
6d9b8288-cd57d87f,6d9b8288-cd57d87f.jpg,images/100k/train/6d9b8288-cd57d87f.jpg,train,val,partly cloudy,daytime,highway
6daedb4f-d1b4854a,6daedb4f-d1b4854a.jpg,images/100k/train/6daedb4f-d1b4854a.jpg,train,val,clear,night,highway
6e01ffdb-38d4dc6d,6e01ffdb-38d4dc6d.jpg,images/100k/train/6e01ffdb-38d4dc6d.jpg,train,val,clear,night,residential
6e04054b-4f224622,6e04054b-4f224622.jpg,images/100k/train/6e04054b-4f224622.jpg,train,val,clear,night,city street
6e0fa2a3-c63c1082,6e0fa2a3-c63c1082.jpg,images/100k/train/6e0fa2a3-c63c1082.jpg,train,val,overcast,daytime,highway
6e27ee60-ca1a7239,6e27ee60-ca1a7239.jpg,images/100k/train/6e27ee60-ca1a7239.jpg,train,val,clear,daytime,undefined
6e350065-7cc7152c,6e350065-7cc7152c.jpg,images/100k/train/6e350065-7cc7152c.jpg,train,val,snowy,daytime,residential
6ea0b012-1b184aca,6ea0b012-1b184aca.jpg,images/100k/train/6ea0b012-1b184aca.jpg,train,val,clear,daytime,city street
6eba4fbd-98019d6b,6eba4fbd-98019d6b.jpg,images/100k/train/6eba4fbd-98019d6b.jpg,train,val,clear,night,city street
6ebe1b37-ca17bd8b,6ebe1b37-ca17bd8b.jpg,images/100k/train/6ebe1b37-ca17bd8b.jpg,train,val,clear,night,city street
6f384c05-ee9852ed,6f384c05-ee9852ed.jpg,images/100k/train/6f384c05-ee9852ed.jpg,train,val,partly cloudy,daytime,residential
6f569332-4ee56fc2,6f569332-4ee56fc2.jpg,images/100k/train/6f569332-4ee56fc2.jpg,train,val,clear,night,city street
6f7abc4d-e2eab162,6f7abc4d-e2eab162.jpg,images/100k/train/6f7abc4d-e2eab162.jpg,train,val,snowy,dawn/dusk,highway
6fec1ec4-a4554f9c,6fec1ec4-a4554f9c.jpg,images/100k/train/6fec1ec4-a4554f9c.jpg,train,val,overcast,daytime,parking lot
70033d26-d6832543,70033d26-d6832543.jpg,images/100k/train/70033d26-d6832543.jpg,train,val,clear,daytime,residential
702ffc2e-3e5f833c,702ffc2e-3e5f833c.jpg,images/100k/train/702ffc2e-3e5f833c.jpg,train,val,clear,night,highway
704fc531-9a02c9d7,704fc531-9a02c9d7.jpg,images/100k/train/704fc531-9a02c9d7.jpg,train,val,clear,night,city street
70508c06-6b8c9890,70508c06-6b8c9890.jpg,images/100k/train/70508c06-6b8c9890.jpg,train,val,overcast,daytime,city street
70879a7c-3d611348,70879a7c-3d611348.jpg,images/100k/train/70879a7c-3d611348.jpg,train,val,undefined,daytime,city street
708af8fd-63ae95da,708af8fd-63ae95da.jpg,images/100k/train/708af8fd-63ae95da.jpg,train,val,clear,night,city street
70cc96e1-765ef2ac,70cc96e1-765ef2ac.jpg,images/100k/train/70cc96e1-765ef2ac.jpg,train,val,clear,night,city street
70da5af9-9e8eddc0,70da5af9-9e8eddc0.jpg,images/100k/train/70da5af9-9e8eddc0.jpg,train,val,clear,dawn/dusk,highway
70e95a5d-d06f3b65,70e95a5d-d06f3b65.jpg,images/100k/train/70e95a5d-d06f3b65.jpg,train,val,rainy,night,city street
711fdf3f-55d68c1b,711fdf3f-55d68c1b.jpg,images/100k/train/711fdf3f-55d68c1b.jpg,train,val,partly cloudy,daytime,highway
71235f8e-57bd1d90,71235f8e-57bd1d90.jpg,images/100k/train/71235f8e-57bd1d90.jpg,train,val,clear,night,highway
713a5718-c0d543bf,713a5718-c0d543bf.jpg,images/100k/train/713a5718-c0d543bf.jpg,train,val,clear,daytime,city street
7145eaf4-9cba97f9,7145eaf4-9cba97f9.jpg,images/100k/train/7145eaf4-9cba97f9.jpg,train,val,clear,daytime,city street
71911012-5193b19e,71911012-5193b19e.jpg,images/100k/train/71911012-5193b19e.jpg,train,val,clear,night,city street
71d0057e-85473da7,71d0057e-85473da7.jpg,images/100k/train/71d0057e-85473da7.jpg,train,val,clear,daytime,city street
71d7b501-997d0261,71d7b501-997d0261.jpg,images/100k/train/71d7b501-997d0261.jpg,train,val,rainy,night,city street
720075c9-c3ed926e,720075c9-c3ed926e.jpg,images/100k/train/720075c9-c3ed926e.jpg,train,val,clear,daytime,residential
720fb8d3-6bdde58f,720fb8d3-6bdde58f.jpg,images/100k/train/720fb8d3-6bdde58f.jpg,train,val,partly cloudy,night,highway
721bddf1-e4c80857,721bddf1-e4c80857.jpg,images/100k/train/721bddf1-e4c80857.jpg,train,val,clear,daytime,city street
72430348-61b2b798,72430348-61b2b798.jpg,images/100k/train/72430348-61b2b798.jpg,train,val,clear,night,city street
72889493-a29d44dc,72889493-a29d44dc.jpg,images/100k/train/72889493-a29d44dc.jpg,train,val,overcast,daytime,highway
7293b406-a5218da8,7293b406-a5218da8.jpg,images/100k/train/7293b406-a5218da8.jpg,train,val,snowy,night,city street
72c0390e-7da9f40f,72c0390e-7da9f40f.jpg,images/100k/train/72c0390e-7da9f40f.jpg,train,val,clear,daytime,city street
72ccabd8-fd278da9,72ccabd8-fd278da9.jpg,images/100k/train/72ccabd8-fd278da9.jpg,train,val,clear,night,city street
72d1e773-be454cbd,72d1e773-be454cbd.jpg,images/100k/train/72d1e773-be454cbd.jpg,train,val,clear,night,city street
72fd00fe-aeadfc89,72fd00fe-aeadfc89.jpg,images/100k/train/72fd00fe-aeadfc89.jpg,train,val,clear,daytime,highway
730cb48f-c96430bf,730cb48f-c96430bf.jpg,images/100k/train/730cb48f-c96430bf.jpg,train,val,rainy,daytime,highway
73147a84-19ebf167,73147a84-19ebf167.jpg,images/100k/train/73147a84-19ebf167.jpg,train,val,clear,night,city street
73494fb5-7b227583,73494fb5-7b227583.jpg,images/100k/train/73494fb5-7b227583.jpg,train,val,clear,night,city street
735291b4-521ea496,735291b4-521ea496.jpg,images/100k/train/735291b4-521ea496.jpg,train,val,clear,night,highway
7363a1cc-a98abd60,7363a1cc-a98abd60.jpg,images/100k/train/7363a1cc-a98abd60.jpg,train,val,clear,daytime,city street
738820d1-288b34a2,738820d1-288b34a2.jpg,images/100k/train/738820d1-288b34a2.jpg,train,val,undefined,daytime,highway
739b66a0-fdf87c8a,739b66a0-fdf87c8a.jpg,images/100k/train/739b66a0-fdf87c8a.jpg,train,val,clear,night,city street
73b82484-c74bab91,73b82484-c74bab91.jpg,images/100k/train/73b82484-c74bab91.jpg,train,val,overcast,daytime,residential
740705f5-58313d0d,740705f5-58313d0d.jpg,images/100k/train/740705f5-58313d0d.jpg,train,val,undefined,daytime,city street
7439610d-6c2d3205,7439610d-6c2d3205.jpg,images/100k/train/7439610d-6c2d3205.jpg,train,val,snowy,daytime,city street
7443f60f-6a5a5d05,7443f60f-6a5a5d05.jpg,images/100k/train/7443f60f-6a5a5d05.jpg,train,val,rainy,night,city street
7454d9da-7945abf2,7454d9da-7945abf2.jpg,images/100k/train/7454d9da-7945abf2.jpg,train,val,undefined,daytime,highway
745fc7d7-64ae90d8,745fc7d7-64ae90d8.jpg,images/100k/train/745fc7d7-64ae90d8.jpg,train,val,clear,daytime,highway
74aca1bd-8d5db29c,74aca1bd-8d5db29c.jpg,images/100k/train/74aca1bd-8d5db29c.jpg,train,val,snowy,daytime,city street
74b36c56-97ee57ce,74b36c56-97ee57ce.jpg,images/100k/train/74b36c56-97ee57ce.jpg,train,val,rainy,night,city street
74e4c6c9-365138c8,74e4c6c9-365138c8.jpg,images/100k/train/74e4c6c9-365138c8.jpg,train,val,snowy,dawn/dusk,city street
750720eb-5f0aa5de,750720eb-5f0aa5de.jpg,images/100k/train/750720eb-5f0aa5de.jpg,train,val,clear,night,city street
750ed5c1-9313c584,750ed5c1-9313c584.jpg,images/100k/train/750ed5c1-9313c584.jpg,train,val,clear,daytime,highway
750ed5c1-f6e7e9b4,750ed5c1-f6e7e9b4.jpg,images/100k/train/750ed5c1-f6e7e9b4.jpg,train,val,clear,night,highway
752bc1e1-150146db,752bc1e1-150146db.jpg,images/100k/train/752bc1e1-150146db.jpg,train,val,rainy,night,city street
75316b56-43e3c116,75316b56-43e3c116.jpg,images/100k/train/75316b56-43e3c116.jpg,train,val,rainy,daytime,highway
755459e4-40dc966f,755459e4-40dc966f.jpg,images/100k/train/755459e4-40dc966f.jpg,train,val,clear,night,city street
755ed68a-871f2c31,755ed68a-871f2c31.jpg,images/100k/train/755ed68a-871f2c31.jpg,train,val,clear,night,highway
7563ea10-5cc62881,7563ea10-5cc62881.jpg,images/100k/train/7563ea10-5cc62881.jpg,train,val,clear,night,highway
75981a93-24bf0451,75981a93-24bf0451.jpg,images/100k/train/75981a93-24bf0451.jpg,train,val,overcast,daytime,city street
75a8dc76-8943ecfb,75a8dc76-8943ecfb.jpg,images/100k/train/75a8dc76-8943ecfb.jpg,train,val,clear,daytime,city street
75e66365-24e1ea87,75e66365-24e1ea87.jpg,images/100k/train/75e66365-24e1ea87.jpg,train,val,undefined,daytime,residential
76223846-69ab7ab3,76223846-69ab7ab3.jpg,images/100k/train/76223846-69ab7ab3.jpg,train,val,clear,daytime,city street
762ce7c6-e1e08b13,762ce7c6-e1e08b13.jpg,images/100k/train/762ce7c6-e1e08b13.jpg,train,val,undefined,daytime,city street
7682a046-597ef996,7682a046-597ef996.jpg,images/100k/train/7682a046-597ef996.jpg,train,val,clear,night,city street
768b7548-3a6a8ac8,768b7548-3a6a8ac8.jpg,images/100k/train/768b7548-3a6a8ac8.jpg,train,val,undefined,daytime,highway
76abbf2e-4d3ea13f,76abbf2e-4d3ea13f.jpg,images/100k/train/76abbf2e-4d3ea13f.jpg,train,val,overcast,daytime,city street
770abd99-2cb210be,770abd99-2cb210be.jpg,images/100k/train/770abd99-2cb210be.jpg,train,val,clear,night,residential
772e00cb-9b66deee,772e00cb-9b66deee.jpg,images/100k/train/772e00cb-9b66deee.jpg,train,val,undefined,daytime,highway
7764bde0-f74c3cbc,7764bde0-f74c3cbc.jpg,images/100k/train/7764bde0-f74c3cbc.jpg,train,val,clear,night,city street
778b9bbd-3397bbc1,778b9bbd-3397bbc1.jpg,images/100k/train/778b9bbd-3397bbc1.jpg,train,val,clear,daytime,city street
778fdff8-b306b9bc,778fdff8-b306b9bc.jpg,images/100k/train/778fdff8-b306b9bc.jpg,train,val,clear,night,city street
77a415ba-e21793bf,77a415ba-e21793bf.jpg,images/100k/train/77a415ba-e21793bf.jpg,train,val,snowy,daytime,city street
77de7c22-52df1a3e,77de7c22-52df1a3e.jpg,images/100k/train/77de7c22-52df1a3e.jpg,train,val,snowy,daytime,parking lot
78224671-bd244c60,78224671-bd244c60.jpg,images/100k/train/78224671-bd244c60.jpg,train,val,undefined,daytime,city street
7872bf68-3d1996f8,7872bf68-3d1996f8.jpg,images/100k/train/7872bf68-3d1996f8.jpg,train,val,snowy,night,residential
78a47de4-8ecbeca8,78a47de4-8ecbeca8.jpg,images/100k/train/78a47de4-8ecbeca8.jpg,train,val,snowy,night,city street
78b703a0-103a11e5,78b703a0-103a11e5.jpg,images/100k/train/78b703a0-103a11e5.jpg,train,val,clear,night,highway
78b703a0-dc5d8ce6,78b703a0-dc5d8ce6.jpg,images/100k/train/78b703a0-dc5d8ce6.jpg,train,val,clear,night,highway
79062d5b-1b736754,79062d5b-1b736754.jpg,images/100k/train/79062d5b-1b736754.jpg,train,val,overcast,daytime,residential
7915a908-c2f13326,7915a908-c2f13326.jpg,images/100k/train/7915a908-c2f13326.jpg,train,val,partly cloudy,daytime,city street
7915c0ec-d759bbd6,7915c0ec-d759bbd6.jpg,images/100k/train/7915c0ec-d759bbd6.jpg,train,val,snowy,night,city street
79862387-42f504ae,79862387-42f504ae.jpg,images/100k/train/79862387-42f504ae.jpg,train,val,clear,night,highway
79a334db-190d92ea,79a334db-190d92ea.jpg,images/100k/train/79a334db-190d92ea.jpg,train,val,snowy,night,city street
79bfa578-4249be74,79bfa578-4249be74.jpg,images/100k/train/79bfa578-4249be74.jpg,train,val,undefined,daytime,city street
79c46f68-f762cb06,79c46f68-f762cb06.jpg,images/100k/train/79c46f68-f762cb06.jpg,train,val,overcast,daytime,city street
79ced1aa-a8ad34fa,79ced1aa-a8ad34fa.jpg,images/100k/train/79ced1aa-a8ad34fa.jpg,train,val,clear,daytime,residential
79d1609c-b0516f7a,79d1609c-b0516f7a.jpg,images/100k/train/79d1609c-b0516f7a.jpg,train,val,clear,night,city street
7a3d45f6-7de076b9,7a3d45f6-7de076b9.jpg,images/100k/train/7a3d45f6-7de076b9.jpg,train,val,clear,dawn/dusk,city street
7a457546-e11c8e6c,7a457546-e11c8e6c.jpg,images/100k/train/7a457546-e11c8e6c.jpg,train,val,clear,night,highway
7a536ea9-66558f6d,7a536ea9-66558f6d.jpg,images/100k/train/7a536ea9-66558f6d.jpg,train,val,undefined,night,city street
7a99cf0e-cdaa6536,7a99cf0e-cdaa6536.jpg,images/100k/train/7a99cf0e-cdaa6536.jpg,train,val,undefined,daytime,residential
7aa4ff0f-9d28d8a4,7aa4ff0f-9d28d8a4.jpg,images/100k/train/7aa4ff0f-9d28d8a4.jpg,train,val,clear,daytime,highway
7aebf8b6-3f874103,7aebf8b6-3f874103.jpg,images/100k/train/7aebf8b6-3f874103.jpg,train,val,clear,daytime,residential
7b208927-e77cc1a7,7b208927-e77cc1a7.jpg,images/100k/train/7b208927-e77cc1a7.jpg,train,val,overcast,daytime,city street
7b824de7-28904d1c,7b824de7-28904d1c.jpg,images/100k/train/7b824de7-28904d1c.jpg,train,val,clear,night,highway
7b8df21b-af8ebb65,7b8df21b-af8ebb65.jpg,images/100k/train/7b8df21b-af8ebb65.jpg,train,val,undefined,daytime,city street
7babc04c-a118acd0,7babc04c-a118acd0.jpg,images/100k/train/7babc04c-a118acd0.jpg,train,val,undefined,dawn/dusk,city street
7be87cd7-22b25bec,7be87cd7-22b25bec.jpg,images/100k/train/7be87cd7-22b25bec.jpg,train,val,undefined,daytime,residential
7c5e61af-9d019672,7c5e61af-9d019672.jpg,images/100k/train/7c5e61af-9d019672.jpg,train,val,clear,night,city street
7c6fa554-2598bf3d,7c6fa554-2598bf3d.jpg,images/100k/train/7c6fa554-2598bf3d.jpg,train,val,clear,night,highway
7c6fa554-5a361a8a,7c6fa554-5a361a8a.jpg,images/100k/train/7c6fa554-5a361a8a.jpg,train,val,clear,night,city street
7c7e7c71-0dc3076f,7c7e7c71-0dc3076f.jpg,images/100k/train/7c7e7c71-0dc3076f.jpg,train,val,clear,night,highway
7c7ff485-ef04b083,7c7ff485-ef04b083.jpg,images/100k/train/7c7ff485-ef04b083.jpg,train,val,overcast,daytime,highway
7c85bab8-562658b2,7c85bab8-562658b2.jpg,images/100k/train/7c85bab8-562658b2.jpg,train,val,clear,daytime,city street
7c92a588-b04ee476,7c92a588-b04ee476.jpg,images/100k/train/7c92a588-b04ee476.jpg,train,val,overcast,daytime,highway
7cad253f-114aa20d,7cad253f-114aa20d.jpg,images/100k/train/7cad253f-114aa20d.jpg,train,val,rainy,night,residential
7cbd325d-c4d39020,7cbd325d-c4d39020.jpg,images/100k/train/7cbd325d-c4d39020.jpg,train,val,snowy,night,highway
7cbd325d-cc2b2473,7cbd325d-cc2b2473.jpg,images/100k/train/7cbd325d-cc2b2473.jpg,train,val,snowy,night,city street
7cc75f1e-1152fbfb,7cc75f1e-1152fbfb.jpg,images/100k/train/7cc75f1e-1152fbfb.jpg,train,val,overcast,daytime,city street
7cdb7692-ce54d75d,7cdb7692-ce54d75d.jpg,images/100k/train/7cdb7692-ce54d75d.jpg,train,val,overcast,dawn/dusk,city street
7ce0d63f-461ee0fb,7ce0d63f-461ee0fb.jpg,images/100k/train/7ce0d63f-461ee0fb.jpg,train,val,snowy,daytime,city street
7d0bd5ee-6a2c5fa2,7d0bd5ee-6a2c5fa2.jpg,images/100k/train/7d0bd5ee-6a2c5fa2.jpg,train,val,clear,dawn/dusk,city street
7d1c3546-88c76793,7d1c3546-88c76793.jpg,images/100k/train/7d1c3546-88c76793.jpg,train,val,clear,daytime,city street
7d5d6c0f-39f3b5f7,7d5d6c0f-39f3b5f7.jpg,images/100k/train/7d5d6c0f-39f3b5f7.jpg,train,val,undefined,daytime,city street
7d60e7f0-01eb1e5e,7d60e7f0-01eb1e5e.jpg,images/100k/train/7d60e7f0-01eb1e5e.jpg,train,val,rainy,daytime,highway
7d86717f-6c5d32f1,7d86717f-6c5d32f1.jpg,images/100k/train/7d86717f-6c5d32f1.jpg,train,val,rainy,daytime,city street
7d8a037d-bbf93e05,7d8a037d-bbf93e05.jpg,images/100k/train/7d8a037d-bbf93e05.jpg,train,val,clear,night,city street
7d97d173-aa5498eb,7d97d173-aa5498eb.jpg,images/100k/train/7d97d173-aa5498eb.jpg,train,val,rainy,daytime,city street
7db6c9f4-7806fa45,7db6c9f4-7806fa45.jpg,images/100k/train/7db6c9f4-7806fa45.jpg,train,val,clear,night,highway
7dbab34f-c1a250bd,7dbab34f-c1a250bd.jpg,images/100k/train/7dbab34f-c1a250bd.jpg,train,val,overcast,daytime,residential
7de841d7-4c367ad4,7de841d7-4c367ad4.jpg,images/100k/train/7de841d7-4c367ad4.jpg,train,val,clear,night,city street
7deb3fa4-36432d41,7deb3fa4-36432d41.jpg,images/100k/train/7deb3fa4-36432d41.jpg,train,val,clear,daytime,city street
7df2c611-64022f6f,7df2c611-64022f6f.jpg,images/100k/train/7df2c611-64022f6f.jpg,train,val,undefined,daytime,city street
7dff595c-456f0e07,7dff595c-456f0e07.jpg,images/100k/train/7dff595c-456f0e07.jpg,train,val,overcast,daytime,city street
7e346d61-bd085232,7e346d61-bd085232.jpg,images/100k/train/7e346d61-bd085232.jpg,train,val,snowy,night,city street
7e375274-aaaccf4f,7e375274-aaaccf4f.jpg,images/100k/train/7e375274-aaaccf4f.jpg,train,val,clear,night,highway
7e69ed6b-46d5406f,7e69ed6b-46d5406f.jpg,images/100k/train/7e69ed6b-46d5406f.jpg,train,val,clear,night,highway
7e84a9f2-6c4a324c,7e84a9f2-6c4a324c.jpg,images/100k/train/7e84a9f2-6c4a324c.jpg,train,val,clear,daytime,city street
7e897664-c1810998,7e897664-c1810998.jpg,images/100k/train/7e897664-c1810998.jpg,train,val,partly cloudy,daytime,highway
7e8a7aa4-fe119b4c,7e8a7aa4-fe119b4c.jpg,images/100k/train/7e8a7aa4-fe119b4c.jpg,train,val,clear,night,highway
7ee80547-47eb0698,7ee80547-47eb0698.jpg,images/100k/train/7ee80547-47eb0698.jpg,train,val,clear,night,city street
7ef2afe3-d6fb32d4,7ef2afe3-d6fb32d4.jpg,images/100k/train/7ef2afe3-d6fb32d4.jpg,train,val,clear,night,highway
7f066a36-56b8eff5,7f066a36-56b8eff5.jpg,images/100k/train/7f066a36-56b8eff5.jpg,train,val,clear,daytime,city street
7f137ffe-8157fa73,7f137ffe-8157fa73.jpg,images/100k/train/7f137ffe-8157fa73.jpg,train,val,partly cloudy,daytime,highway
7f396507-31b573bb,7f396507-31b573bb.jpg,images/100k/train/7f396507-31b573bb.jpg,train,val,clear,daytime,city street
7f4ac354-777de900,7f4ac354-777de900.jpg,images/100k/train/7f4ac354-777de900.jpg,train,val,clear,daytime,highway
7f59eb14-11e23a60,7f59eb14-11e23a60.jpg,images/100k/train/7f59eb14-11e23a60.jpg,train,val,overcast,daytime,highway
7f7644e0-68e6475b,7f7644e0-68e6475b.jpg,images/100k/train/7f7644e0-68e6475b.jpg,train,val,clear,daytime,city street
7f870c22-956835f2,7f870c22-956835f2.jpg,images/100k/train/7f870c22-956835f2.jpg,train,val,undefined,daytime,city street
7fa6bfb2-feaa502f,7fa6bfb2-feaa502f.jpg,images/100k/train/7fa6bfb2-feaa502f.jpg,train,val,snowy,dawn/dusk,city street
7fc35836-dd4112a5,7fc35836-dd4112a5.jpg,images/100k/train/7fc35836-dd4112a5.jpg,train,val,undefined,night,city street
7ffd21a4-f7839e3b,7ffd21a4-f7839e3b.jpg,images/100k/train/7ffd21a4-f7839e3b.jpg,train,val,clear,night,city street
801ef6af-c6173ce7,801ef6af-c6173ce7.jpg,images/100k/train/801ef6af-c6173ce7.jpg,train,val,rainy,daytime,city street
80558f18-2000a026,80558f18-2000a026.jpg,images/100k/train/80558f18-2000a026.jpg,train,val,clear,night,highway
8063e997-e1ac9223,8063e997-e1ac9223.jpg,images/100k/train/8063e997-e1ac9223.jpg,train,val,clear,daytime,highway
806938f0-d5ce4e24,806938f0-d5ce4e24.jpg,images/100k/train/806938f0-d5ce4e24.jpg,train,val,clear,daytime,highway
8073de38-f7eab6ec,8073de38-f7eab6ec.jpg,images/100k/train/8073de38-f7eab6ec.jpg,train,val,clear,daytime,highway
80a4d6cc-8eb6c926,80a4d6cc-8eb6c926.jpg,images/100k/train/80a4d6cc-8eb6c926.jpg,train,val,clear,night,city street
80d2095e-24fb6abe,80d2095e-24fb6abe.jpg,images/100k/train/80d2095e-24fb6abe.jpg,train,val,clear,dawn/dusk,city street
80e8c8c2-c16d53c8,80e8c8c2-c16d53c8.jpg,images/100k/train/80e8c8c2-c16d53c8.jpg,train,val,clear,daytime,city street
810dfc9d-c1ff7cce,810dfc9d-c1ff7cce.jpg,images/100k/train/810dfc9d-c1ff7cce.jpg,train,val,undefined,daytime,city street
81710d87-54a4d971,81710d87-54a4d971.jpg,images/100k/train/81710d87-54a4d971.jpg,train,val,rainy,daytime,residential
8181ff3f-25ad7c5d,8181ff3f-25ad7c5d.jpg,images/100k/train/8181ff3f-25ad7c5d.jpg,train,val,partly cloudy,daytime,highway
81b9d462-09b3e3a0,81b9d462-09b3e3a0.jpg,images/100k/train/81b9d462-09b3e3a0.jpg,train,val,overcast,daytime,highway
81cb4333-8523aa51,81cb4333-8523aa51.jpg,images/100k/train/81cb4333-8523aa51.jpg,train,val,partly cloudy,daytime,city street
81f36593-b0deaa42,81f36593-b0deaa42.jpg,images/100k/train/81f36593-b0deaa42.jpg,train,val,clear,night,city street
82284254-1736e3d8,82284254-1736e3d8.jpg,images/100k/train/82284254-1736e3d8.jpg,train,val,clear,night,city street
82328f8d-c7b7af44,82328f8d-c7b7af44.jpg,images/100k/train/82328f8d-c7b7af44.jpg,train,val,undefined,daytime,city street
82395b5a-6baf61e7,82395b5a-6baf61e7.jpg,images/100k/train/82395b5a-6baf61e7.jpg,train,val,clear,night,city street
82485e2c-6d57b3dc,82485e2c-6d57b3dc.jpg,images/100k/train/82485e2c-6d57b3dc.jpg,train,val,clear,night,highway
825f518e-1976836a,825f518e-1976836a.jpg,images/100k/train/825f518e-1976836a.jpg,train,val,clear,dawn/dusk,city street
8281391f-573ed19c,8281391f-573ed19c.jpg,images/100k/train/8281391f-573ed19c.jpg,train,val,clear,daytime,city street
828387f9-1e2659f7,828387f9-1e2659f7.jpg,images/100k/train/828387f9-1e2659f7.jpg,train,val,undefined,daytime,city street
82ae0687-971029b2,82ae0687-971029b2.jpg,images/100k/train/82ae0687-971029b2.jpg,train,val,undefined,daytime,city street
82dce87b-fd6d036e,82dce87b-fd6d036e.jpg,images/100k/train/82dce87b-fd6d036e.jpg,train,val,clear,night,city street
82f03471-8e304dd5,82f03471-8e304dd5.jpg,images/100k/train/82f03471-8e304dd5.jpg,train,val,clear,daytime,highway
834093de-98684fca,834093de-98684fca.jpg,images/100k/train/834093de-98684fca.jpg,train,val,partly cloudy,daytime,highway
834b894c-8013425d,834b894c-8013425d.jpg,images/100k/train/834b894c-8013425d.jpg,train,val,clear,night,city street
834fab6d-696d22eb,834fab6d-696d22eb.jpg,images/100k/train/834fab6d-696d22eb.jpg,train,val,clear,night,city street
837c8cb0-f6e8ef1f,837c8cb0-f6e8ef1f.jpg,images/100k/train/837c8cb0-f6e8ef1f.jpg,train,val,undefined,daytime,city street
8399f6eb-b1ed845a,8399f6eb-b1ed845a.jpg,images/100k/train/8399f6eb-b1ed845a.jpg,train,val,overcast,daytime,city street
83a108ea-21c48333,83a108ea-21c48333.jpg,images/100k/train/83a108ea-21c48333.jpg,train,val,clear,night,city street
83d632ca-d1a0fb0e,83d632ca-d1a0fb0e.jpg,images/100k/train/83d632ca-d1a0fb0e.jpg,train,val,clear,night,city street
83e81eef-6855ffab,83e81eef-6855ffab.jpg,images/100k/train/83e81eef-6855ffab.jpg,train,val,snowy,daytime,highway
83f0c978-db1e26a7,83f0c978-db1e26a7.jpg,images/100k/train/83f0c978-db1e26a7.jpg,train,val,overcast,daytime,city street
840946d1-71784d59,840946d1-71784d59.jpg,images/100k/train/840946d1-71784d59.jpg,train,val,overcast,daytime,city street
8471b45d-5a55010f,8471b45d-5a55010f.jpg,images/100k/train/8471b45d-5a55010f.jpg,train,val,clear,night,city street
84ccd89a-33e490ad,84ccd89a-33e490ad.jpg,images/100k/train/84ccd89a-33e490ad.jpg,train,val,snowy,night,city street
84d7e0cf-84541699,84d7e0cf-84541699.jpg,images/100k/train/84d7e0cf-84541699.jpg,train,val,clear,daytime,city street
853410a1-417c8f2d,853410a1-417c8f2d.jpg,images/100k/train/853410a1-417c8f2d.jpg,train,val,clear,daytime,city street
8564aad5-9c1510c3,8564aad5-9c1510c3.jpg,images/100k/train/8564aad5-9c1510c3.jpg,train,val,clear,daytime,city street
8585f7d8-29acd599,8585f7d8-29acd599.jpg,images/100k/train/8585f7d8-29acd599.jpg,train,val,clear,night,highway
85abd571-2d1408ea,85abd571-2d1408ea.jpg,images/100k/train/85abd571-2d1408ea.jpg,train,val,snowy,night,residential
85adfa81-a57eddef,85adfa81-a57eddef.jpg,images/100k/train/85adfa81-a57eddef.jpg,train,val,overcast,daytime,city street
85caf5e3-49337015,85caf5e3-49337015.jpg,images/100k/train/85caf5e3-49337015.jpg,train,val,clear,night,city street
85e61596-706aa7f4,85e61596-706aa7f4.jpg,images/100k/train/85e61596-706aa7f4.jpg,train,val,clear,night,undefined
86088203-7e7cd840,86088203-7e7cd840.jpg,images/100k/train/86088203-7e7cd840.jpg,train,val,clear,daytime,highway
860cb3bc-aab66fac,860cb3bc-aab66fac.jpg,images/100k/train/860cb3bc-aab66fac.jpg,train,val,clear,night,residential
86522b52-b0071770,86522b52-b0071770.jpg,images/100k/train/86522b52-b0071770.jpg,train,val,clear,night,highway
8656caf0-2cd9f407,8656caf0-2cd9f407.jpg,images/100k/train/8656caf0-2cd9f407.jpg,train,val,overcast,daytime,city street
8687d021-9c3d3274,8687d021-9c3d3274.jpg,images/100k/train/8687d021-9c3d3274.jpg,train,val,clear,daytime,city street
86967d41-b6e63260,86967d41-b6e63260.jpg,images/100k/train/86967d41-b6e63260.jpg,train,val,clear,night,city street
8703101a-a9471ce1,8703101a-a9471ce1.jpg,images/100k/train/8703101a-a9471ce1.jpg,train,val,clear,daytime,city street
871d2673-8e62fe15,871d2673-8e62fe15.jpg,images/100k/train/871d2673-8e62fe15.jpg,train,val,rainy,night,highway
8767263c-2bc6c55d,8767263c-2bc6c55d.jpg,images/100k/train/8767263c-2bc6c55d.jpg,train,val,clear,night,residential
879ee17e-e0ce38f5,879ee17e-e0ce38f5.jpg,images/100k/train/879ee17e-e0ce38f5.jpg,train,val,clear,night,highway
87a73b0c-a619fc58,87a73b0c-a619fc58.jpg,images/100k/train/87a73b0c-a619fc58.jpg,train,val,overcast,daytime,city street
87c60b0c-273fa57f,87c60b0c-273fa57f.jpg,images/100k/train/87c60b0c-273fa57f.jpg,train,val,clear,night,city street
87cd2329-c035ee5b,87cd2329-c035ee5b.jpg,images/100k/train/87cd2329-c035ee5b.jpg,train,val,overcast,dawn/dusk,highway
87f0d5c2-73795466,87f0d5c2-73795466.jpg,images/100k/train/87f0d5c2-73795466.jpg,train,val,undefined,dawn/dusk,city street
880bd70b-1a4daa0f,880bd70b-1a4daa0f.jpg,images/100k/train/880bd70b-1a4daa0f.jpg,train,val,clear,night,highway
882d1cae-13eff7db,882d1cae-13eff7db.jpg,images/100k/train/882d1cae-13eff7db.jpg,train,val,undefined,daytime,city street
88707600-f7778d87,88707600-f7778d87.jpg,images/100k/train/88707600-f7778d87.jpg,train,val,overcast,daytime,residential
88a38f22-f57fc2d8,88a38f22-f57fc2d8.jpg,images/100k/train/88a38f22-f57fc2d8.jpg,train,val,undefined,daytime,city street
88bf99c4-c98ca57f,88bf99c4-c98ca57f.jpg,images/100k/train/88bf99c4-c98ca57f.jpg,train,val,clear,night,residential
88c606f9-805ca2a6,88c606f9-805ca2a6.jpg,images/100k/train/88c606f9-805ca2a6.jpg,train,val,clear,night,city street
88d7aa59-0c259c1d,88d7aa59-0c259c1d.jpg,images/100k/train/88d7aa59-0c259c1d.jpg,train,val,overcast,dawn/dusk,highway
88da1fa7-d4e65f49,88da1fa7-d4e65f49.jpg,images/100k/train/88da1fa7-d4e65f49.jpg,train,val,clear,daytime,residential
88faa5d1-e45013cd,88faa5d1-e45013cd.jpg,images/100k/train/88faa5d1-e45013cd.jpg,train,val,overcast,dawn/dusk,city street
88fdf338-c9e51363,88fdf338-c9e51363.jpg,images/100k/train/88fdf338-c9e51363.jpg,train,val,clear,daytime,city street
892055a4-9088ec9a,892055a4-9088ec9a.jpg,images/100k/train/892055a4-9088ec9a.jpg,train,val,overcast,daytime,highway
893c6577-61f5b9bb,893c6577-61f5b9bb.jpg,images/100k/train/893c6577-61f5b9bb.jpg,train,val,clear,dawn/dusk,highway
8967b1eb-40357e9e,8967b1eb-40357e9e.jpg,images/100k/train/8967b1eb-40357e9e.jpg,train,val,clear,night,highway
896b99f9-071819b0,896b99f9-071819b0.jpg,images/100k/train/896b99f9-071819b0.jpg,train,val,undefined,dawn/dusk,city street
897e0d55-f41c8f55,897e0d55-f41c8f55.jpg,images/100k/train/897e0d55-f41c8f55.jpg,train,val,snowy,daytime,city street
8991f623-dcc1ccea,8991f623-dcc1ccea.jpg,images/100k/train/8991f623-dcc1ccea.jpg,train,val,clear,daytime,residential
89b42832-10d662f4,89b42832-10d662f4.jpg,images/100k/train/89b42832-10d662f4.jpg,train,val,clear,night,highway
89fad9b0-5099ca06,89fad9b0-5099ca06.jpg,images/100k/train/89fad9b0-5099ca06.jpg,train,val,clear,night,highway
8a0f8a0f-4f61eaca,8a0f8a0f-4f61eaca.jpg,images/100k/train/8a0f8a0f-4f61eaca.jpg,train,val,undefined,daytime,city street
8a14d75b-8ea9d12f,8a14d75b-8ea9d12f.jpg,images/100k/train/8a14d75b-8ea9d12f.jpg,train,val,clear,night,city street
8a406cf4-f6df256a,8a406cf4-f6df256a.jpg,images/100k/train/8a406cf4-f6df256a.jpg,train,val,undefined,dawn/dusk,highway
8a732173-336806b7,8a732173-336806b7.jpg,images/100k/train/8a732173-336806b7.jpg,train,val,rainy,daytime,city street
8a86a183-e3ff7d9e,8a86a183-e3ff7d9e.jpg,images/100k/train/8a86a183-e3ff7d9e.jpg,train,val,snowy,daytime,city street
8aaa959a-5087d264,8aaa959a-5087d264.jpg,images/100k/train/8aaa959a-5087d264.jpg,train,val,undefined,daytime,city street
8ab12dec-3b170891,8ab12dec-3b170891.jpg,images/100k/train/8ab12dec-3b170891.jpg,train,val,rainy,daytime,city street
8abafb30-a84e5d09,8abafb30-a84e5d09.jpg,images/100k/train/8abafb30-a84e5d09.jpg,train,val,clear,night,city street
8afb3e34-fbc2ddff,8afb3e34-fbc2ddff.jpg,images/100k/train/8afb3e34-fbc2ddff.jpg,train,val,partly cloudy,daytime,highway
8b2d3a2b-1ce89c3f,8b2d3a2b-1ce89c3f.jpg,images/100k/train/8b2d3a2b-1ce89c3f.jpg,train,val,clear,daytime,city street
8b48acc3-1853bc5d,8b48acc3-1853bc5d.jpg,images/100k/train/8b48acc3-1853bc5d.jpg,train,val,undefined,daytime,residential
8b56dd7e-2f950370,8b56dd7e-2f950370.jpg,images/100k/train/8b56dd7e-2f950370.jpg,train,val,clear,night,highway
8ba5037d-f25a2a51,8ba5037d-f25a2a51.jpg,images/100k/train/8ba5037d-f25a2a51.jpg,train,val,partly cloudy,daytime,city street
8ba8fbc8-df45dac8,8ba8fbc8-df45dac8.jpg,images/100k/train/8ba8fbc8-df45dac8.jpg,train,val,rainy,night,city street
8bbe3c93-f0d43607,8bbe3c93-f0d43607.jpg,images/100k/train/8bbe3c93-f0d43607.jpg,train,val,clear,daytime,highway
8be98902-9201c513,8be98902-9201c513.jpg,images/100k/train/8be98902-9201c513.jpg,train,val,partly cloudy,daytime,highway
8bf25408-f1e4c157,8bf25408-f1e4c157.jpg,images/100k/train/8bf25408-f1e4c157.jpg,train,val,clear,daytime,city street
8c1237a1-42bf3adc,8c1237a1-42bf3adc.jpg,images/100k/train/8c1237a1-42bf3adc.jpg,train,val,clear,night,city street
8c57f037-9da7c091,8c57f037-9da7c091.jpg,images/100k/train/8c57f037-9da7c091.jpg,train,val,undefined,daytime,city street
8c9322f0-98cd2f59,8c9322f0-98cd2f59.jpg,images/100k/train/8c9322f0-98cd2f59.jpg,train,val,clear,night,city street
8d215851-fc3efccf,8d215851-fc3efccf.jpg,images/100k/train/8d215851-fc3efccf.jpg,train,val,clear,night,city street
8d4ed676-a9f3ab63,8d4ed676-a9f3ab63.jpg,images/100k/train/8d4ed676-a9f3ab63.jpg,train,val,overcast,daytime,city street
8dde0dc2-1ba86693,8dde0dc2-1ba86693.jpg,images/100k/train/8dde0dc2-1ba86693.jpg,train,val,overcast,daytime,city street
8e229c9b-c3d25d33,8e229c9b-c3d25d33.jpg,images/100k/train/8e229c9b-c3d25d33.jpg,train,val,snowy,daytime,residential
8e28ef00-9ec5c450,8e28ef00-9ec5c450.jpg,images/100k/train/8e28ef00-9ec5c450.jpg,train,val,clear,night,city street
8e5df0fe-71f8add6,8e5df0fe-71f8add6.jpg,images/100k/train/8e5df0fe-71f8add6.jpg,train,val,undefined,daytime,city street
8eb671c0-2b9b9cf8,8eb671c0-2b9b9cf8.jpg,images/100k/train/8eb671c0-2b9b9cf8.jpg,train,val,undefined,daytime,city street
8ee64f33-0b102062,8ee64f33-0b102062.jpg,images/100k/train/8ee64f33-0b102062.jpg,train,val,overcast,dawn/dusk,highway
8f1dd603-f5ecbefe,8f1dd603-f5ecbefe.jpg,images/100k/train/8f1dd603-f5ecbefe.jpg,train,val,overcast,daytime,city street
8f2c7e34-1aed4971,8f2c7e34-1aed4971.jpg,images/100k/train/8f2c7e34-1aed4971.jpg,train,val,clear,night,city street
8f75d407-3999cf0a,8f75d407-3999cf0a.jpg,images/100k/train/8f75d407-3999cf0a.jpg,train,val,clear,night,city street
8fb6289c-bdca81df,8fb6289c-bdca81df.jpg,images/100k/train/8fb6289c-bdca81df.jpg,train,val,partly cloudy,night,city street
8ffcda2b-de0c5033,8ffcda2b-de0c5033.jpg,images/100k/train/8ffcda2b-de0c5033.jpg,train,val,clear,dawn/dusk,residential
9030ddd0-0195607b,9030ddd0-0195607b.jpg,images/100k/train/9030ddd0-0195607b.jpg,train,val,overcast,daytime,highway
906d4afd-256d4713,906d4afd-256d4713.jpg,images/100k/train/906d4afd-256d4713.jpg,train,val,undefined,daytime,city street
908f200c-47d77a6b,908f200c-47d77a6b.jpg,images/100k/train/908f200c-47d77a6b.jpg,train,val,clear,daytime,highway
90c68952-942e1188,90c68952-942e1188.jpg,images/100k/train/90c68952-942e1188.jpg,train,val,clear,daytime,highway
9143078e-2b8c580f,9143078e-2b8c580f.jpg,images/100k/train/9143078e-2b8c580f.jpg,train,val,partly cloudy,daytime,residential
915a8300-ebc94265,915a8300-ebc94265.jpg,images/100k/train/915a8300-ebc94265.jpg,train,val,clear,night,city street
91be7e40-d48e8779,91be7e40-d48e8779.jpg,images/100k/train/91be7e40-d48e8779.jpg,train,val,clear,night,residential
91dca848-9e6b6e56,91dca848-9e6b6e56.jpg,images/100k/train/91dca848-9e6b6e56.jpg,train,val,clear,night,city street
9242e910-2aadcd95,9242e910-2aadcd95.jpg,images/100k/train/9242e910-2aadcd95.jpg,train,val,overcast,daytime,city street
9243fce0-df42ef57,9243fce0-df42ef57.jpg,images/100k/train/9243fce0-df42ef57.jpg,train,val,clear,night,city street
9263c9ef-d238711e,9263c9ef-d238711e.jpg,images/100k/train/9263c9ef-d238711e.jpg,train,val,clear,daytime,city street
92a1d174-4beaa9b9,92a1d174-4beaa9b9.jpg,images/100k/train/92a1d174-4beaa9b9.jpg,train,val,snowy,daytime,highway
92b0787c-dfc1a4a0,92b0787c-dfc1a4a0.jpg,images/100k/train/92b0787c-dfc1a4a0.jpg,train,val,partly cloudy,daytime,highway
9347dae7-5e416600,9347dae7-5e416600.jpg,images/100k/train/9347dae7-5e416600.jpg,train,val,clear,daytime,city street
934d09be-37e8f018,934d09be-37e8f018.jpg,images/100k/train/934d09be-37e8f018.jpg,train,val,clear,daytime,city street
939840d6-36242a7e,939840d6-36242a7e.jpg,images/100k/train/939840d6-36242a7e.jpg,train,val,overcast,daytime,city street
93e1d28f-2aca75c3,93e1d28f-2aca75c3.jpg,images/100k/train/93e1d28f-2aca75c3.jpg,train,val,clear,night,city street
94268b96-d0b6b6a4,94268b96-d0b6b6a4.jpg,images/100k/train/94268b96-d0b6b6a4.jpg,train,val,partly cloudy,daytime,city street
945e24d2-555b97d5,945e24d2-555b97d5.jpg,images/100k/train/945e24d2-555b97d5.jpg,train,val,clear,night,highway
94796170-e89cceb4,94796170-e89cceb4.jpg,images/100k/train/94796170-e89cceb4.jpg,train,val,clear,night,city street
94893574-02bd48f9,94893574-02bd48f9.jpg,images/100k/train/94893574-02bd48f9.jpg,train,val,clear,night,parking lot
948d6a0f-0c3e40fa,948d6a0f-0c3e40fa.jpg,images/100k/train/948d6a0f-0c3e40fa.jpg,train,val,clear,night,highway
94a50faf-04baf4d9,94a50faf-04baf4d9.jpg,images/100k/train/94a50faf-04baf4d9.jpg,train,val,partly cloudy,daytime,city street
94b608b1-1cc1517d,94b608b1-1cc1517d.jpg,images/100k/train/94b608b1-1cc1517d.jpg,train,val,partly cloudy,daytime,city street
94c0f403-1ea77a61,94c0f403-1ea77a61.jpg,images/100k/train/94c0f403-1ea77a61.jpg,train,val,clear,night,highway
94d53af7-e6efd3f9,94d53af7-e6efd3f9.jpg,images/100k/train/94d53af7-e6efd3f9.jpg,train,val,rainy,daytime,residential
951fa762-082558de,951fa762-082558de.jpg,images/100k/train/951fa762-082558de.jpg,train,val,clear,daytime,highway
95331d5a-5e3e5d8f,95331d5a-5e3e5d8f.jpg,images/100k/train/95331d5a-5e3e5d8f.jpg,train,val,clear,night,city street
955040f0-4ae43be3,955040f0-4ae43be3.jpg,images/100k/train/955040f0-4ae43be3.jpg,train,val,rainy,daytime,highway
957e6dd4-34fd63ca,957e6dd4-34fd63ca.jpg,images/100k/train/957e6dd4-34fd63ca.jpg,train,val,overcast,daytime,city street
95924e56-4d340d85,95924e56-4d340d85.jpg,images/100k/train/95924e56-4d340d85.jpg,train,val,partly cloudy,daytime,city street
95d618f4-76ca34f2,95d618f4-76ca34f2.jpg,images/100k/train/95d618f4-76ca34f2.jpg,train,val,overcast,daytime,city street
95e29bb3-1b831f63,95e29bb3-1b831f63.jpg,images/100k/train/95e29bb3-1b831f63.jpg,train,val,clear,night,city street
95ef64ef-17d1c31c,95ef64ef-17d1c31c.jpg,images/100k/train/95ef64ef-17d1c31c.jpg,train,val,clear,daytime,city street
9609aad0-d5e34a3c,9609aad0-d5e34a3c.jpg,images/100k/train/9609aad0-d5e34a3c.jpg,train,val,clear,night,city street
96322c40-6caad6c1,96322c40-6caad6c1.jpg,images/100k/train/96322c40-6caad6c1.jpg,train,val,clear,night,city street
9646ac7e-94caef2b,9646ac7e-94caef2b.jpg,images/100k/train/9646ac7e-94caef2b.jpg,train,val,overcast,daytime,city street
9688b2d6-6749d3d7,9688b2d6-6749d3d7.jpg,images/100k/train/9688b2d6-6749d3d7.jpg,train,val,clear,daytime,residential
96929662-844c0f32,96929662-844c0f32.jpg,images/100k/train/96929662-844c0f32.jpg,train,val,clear,night,city street
96a9c033-1fe5f98d,96a9c033-1fe5f98d.jpg,images/100k/train/96a9c033-1fe5f98d.jpg,train,val,clear,dawn/dusk,highway
96be86fa-98a1b8d5,96be86fa-98a1b8d5.jpg,images/100k/train/96be86fa-98a1b8d5.jpg,train,val,overcast,daytime,highway
96c628be-355d96b3,96c628be-355d96b3.jpg,images/100k/train/96c628be-355d96b3.jpg,train,val,clear,daytime,city street
96d11b79-20f5e3df,96d11b79-20f5e3df.jpg,images/100k/train/96d11b79-20f5e3df.jpg,train,val,clear,daytime,city street
96dbc227-21d83894,96dbc227-21d83894.jpg,images/100k/train/96dbc227-21d83894.jpg,train,val,rainy,daytime,city street
96e31630-fe55a7f7,96e31630-fe55a7f7.jpg,images/100k/train/96e31630-fe55a7f7.jpg,train,val,overcast,daytime,city street
9705a172-7f5751be,9705a172-7f5751be.jpg,images/100k/train/9705a172-7f5751be.jpg,train,val,clear,night,city street
972718e0-af66a630,972718e0-af66a630.jpg,images/100k/train/972718e0-af66a630.jpg,train,val,overcast,daytime,highway
972eb276-fc4f9bc7,972eb276-fc4f9bc7.jpg,images/100k/train/972eb276-fc4f9bc7.jpg,train,val,clear,dawn/dusk,highway
978f9698-a87677c7,978f9698-a87677c7.jpg,images/100k/train/978f9698-a87677c7.jpg,train,val,partly cloudy,daytime,city street
97b1bb3f-45e1da19,97b1bb3f-45e1da19.jpg,images/100k/train/97b1bb3f-45e1da19.jpg,train,val,rainy,daytime,highway
97b7f2d7-890bb656,97b7f2d7-890bb656.jpg,images/100k/train/97b7f2d7-890bb656.jpg,train,val,clear,daytime,city street
97d63751-1c7aed53,97d63751-1c7aed53.jpg,images/100k/train/97d63751-1c7aed53.jpg,train,val,overcast,daytime,highway
97dfdd5f-c7caa688,97dfdd5f-c7caa688.jpg,images/100k/train/97dfdd5f-c7caa688.jpg,train,val,clear,night,highway
97f4494c-f381f531,97f4494c-f381f531.jpg,images/100k/train/97f4494c-f381f531.jpg,train,val,clear,daytime,residential
983f5502-ecf344fd,983f5502-ecf344fd.jpg,images/100k/train/983f5502-ecf344fd.jpg,train,val,clear,night,highway
9877116b-c04cebe0,9877116b-c04cebe0.jpg,images/100k/train/9877116b-c04cebe0.jpg,train,val,overcast,daytime,highway
989833f9-9a7d0811,989833f9-9a7d0811.jpg,images/100k/train/989833f9-9a7d0811.jpg,train,val,clear,night,city street
98ae49b3-d8eb85fc,98ae49b3-d8eb85fc.jpg,images/100k/train/98ae49b3-d8eb85fc.jpg,train,val,clear,daytime,highway
98f68037-31518656,98f68037-31518656.jpg,images/100k/train/98f68037-31518656.jpg,train,val,overcast,daytime,city street
98f9dde3-3dbe76fa,98f9dde3-3dbe76fa.jpg,images/100k/train/98f9dde3-3dbe76fa.jpg,train,val,undefined,daytime,city street
992915c5-acaa9efe,992915c5-acaa9efe.jpg,images/100k/train/992915c5-acaa9efe.jpg,train,val,clear,night,highway
99b076c2-a601a84c,99b076c2-a601a84c.jpg,images/100k/train/99b076c2-a601a84c.jpg,train,val,clear,night,city street
99b14c2c-774a0142,99b14c2c-774a0142.jpg,images/100k/train/99b14c2c-774a0142.jpg,train,val,clear,daytime,city street
9a04fcf2-ee852aca,9a04fcf2-ee852aca.jpg,images/100k/train/9a04fcf2-ee852aca.jpg,train,val,undefined,daytime,residential
9a071ec9-953ad58d,9a071ec9-953ad58d.jpg,images/100k/train/9a071ec9-953ad58d.jpg,train,val,clear,night,city street
9a1080d3-53e1bb26,9a1080d3-53e1bb26.jpg,images/100k/train/9a1080d3-53e1bb26.jpg,train,val,clear,daytime,highway
9a1d74fb-280a9c25,9a1d74fb-280a9c25.jpg,images/100k/train/9a1d74fb-280a9c25.jpg,train,val,clear,night,highway
9a4c314c-a72c2ebc,9a4c314c-a72c2ebc.jpg,images/100k/train/9a4c314c-a72c2ebc.jpg,train,val,rainy,night,city street
9a6c68f2-c833ec18,9a6c68f2-c833ec18.jpg,images/100k/train/9a6c68f2-c833ec18.jpg,train,val,clear,night,highway
9a89fb55-e4060e1d,9a89fb55-e4060e1d.jpg,images/100k/train/9a89fb55-e4060e1d.jpg,train,val,partly cloudy,daytime,city street
9ad65c93-8a5b2054,9ad65c93-8a5b2054.jpg,images/100k/train/9ad65c93-8a5b2054.jpg,train,val,undefined,daytime,city street
9b0113bb-21d26fef,9b0113bb-21d26fef.jpg,images/100k/train/9b0113bb-21d26fef.jpg,train,val,partly cloudy,dawn/dusk,highway
9b25aa59-7fd4b7e4,9b25aa59-7fd4b7e4.jpg,images/100k/train/9b25aa59-7fd4b7e4.jpg,train,val,undefined,daytime,city street
9b4fbf3c-4a3dc475,9b4fbf3c-4a3dc475.jpg,images/100k/train/9b4fbf3c-4a3dc475.jpg,train,val,clear,night,city street
9b649b83-8a83c902,9b649b83-8a83c902.jpg,images/100k/train/9b649b83-8a83c902.jpg,train,val,clear,daytime,residential
9b6e59e9-40da5c33,9b6e59e9-40da5c33.jpg,images/100k/train/9b6e59e9-40da5c33.jpg,train,val,clear,night,city street
9b858034-8a876f83,9b858034-8a876f83.jpg,images/100k/train/9b858034-8a876f83.jpg,train,val,clear,night,highway
9b89a0b8-8dcdc144,9b89a0b8-8dcdc144.jpg,images/100k/train/9b89a0b8-8dcdc144.jpg,train,val,clear,night,city street
9bb8d206-a9b7dc6d,9bb8d206-a9b7dc6d.jpg,images/100k/train/9bb8d206-a9b7dc6d.jpg,train,val,clear,daytime,highway
9bbd8962-c55d1b91,9bbd8962-c55d1b91.jpg,images/100k/train/9bbd8962-c55d1b91.jpg,train,val,partly cloudy,daytime,highway
9bc1c322-faeed5cd,9bc1c322-faeed5cd.jpg,images/100k/train/9bc1c322-faeed5cd.jpg,train,val,clear,night,city street
9bc769ea-b05c0645,9bc769ea-b05c0645.jpg,images/100k/train/9bc769ea-b05c0645.jpg,train,val,clear,night,city street
9bcc69b1-8745dcbf,9bcc69b1-8745dcbf.jpg,images/100k/train/9bcc69b1-8745dcbf.jpg,train,val,rainy,daytime,city street
9bcd0485-38b71ce9,9bcd0485-38b71ce9.jpg,images/100k/train/9bcd0485-38b71ce9.jpg,train,val,clear,daytime,city street
9c0721d4-0e63064d,9c0721d4-0e63064d.jpg,images/100k/train/9c0721d4-0e63064d.jpg,train,val,clear,night,city street
9c28931a-1ee7dbd4,9c28931a-1ee7dbd4.jpg,images/100k/train/9c28931a-1ee7dbd4.jpg,train,val,snowy,daytime,city street
9c61daa0-af16ab43,9c61daa0-af16ab43.jpg,images/100k/train/9c61daa0-af16ab43.jpg,train,val,partly cloudy,dawn/dusk,city street
9cb0a6b6-10f1509e,9cb0a6b6-10f1509e.jpg,images/100k/train/9cb0a6b6-10f1509e.jpg,train,val,clear,night,highway
9ce064f0-1d7e49d8,9ce064f0-1d7e49d8.jpg,images/100k/train/9ce064f0-1d7e49d8.jpg,train,val,overcast,daytime,city street
9dee3a97-b7fe84c3,9dee3a97-b7fe84c3.jpg,images/100k/train/9dee3a97-b7fe84c3.jpg,train,val,partly cloudy,daytime,city street
9df1d4c8-70515f38,9df1d4c8-70515f38.jpg,images/100k/train/9df1d4c8-70515f38.jpg,train,val,partly cloudy,daytime,city street
9e02bf67-726c1e8a,9e02bf67-726c1e8a.jpg,images/100k/train/9e02bf67-726c1e8a.jpg,train,val,undefined,daytime,highway
9e2b4cd2-ca6964e3,9e2b4cd2-ca6964e3.jpg,images/100k/train/9e2b4cd2-ca6964e3.jpg,train,val,clear,night,highway
9e47d882-537df08c,9e47d882-537df08c.jpg,images/100k/train/9e47d882-537df08c.jpg,train,val,clear,dawn/dusk,city street
9e4a1e38-59775ffb,9e4a1e38-59775ffb.jpg,images/100k/train/9e4a1e38-59775ffb.jpg,train,val,rainy,dawn/dusk,city street
9e4d1a1d-0b3476cc,9e4d1a1d-0b3476cc.jpg,images/100k/train/9e4d1a1d-0b3476cc.jpg,train,val,clear,daytime,residential
9e5c9c86-2e638269,9e5c9c86-2e638269.jpg,images/100k/train/9e5c9c86-2e638269.jpg,train,val,rainy,night,city street
9e737143-b237098f,9e737143-b237098f.jpg,images/100k/train/9e737143-b237098f.jpg,train,val,snowy,dawn/dusk,residential
9e87dbe5-91ce1d91,9e87dbe5-91ce1d91.jpg,images/100k/train/9e87dbe5-91ce1d91.jpg,train,val,clear,night,highway
9ed45cfe-e8ff47c4,9ed45cfe-e8ff47c4.jpg,images/100k/train/9ed45cfe-e8ff47c4.jpg,train,val,clear,night,city street
9f07a240-a56754df,9f07a240-a56754df.jpg,images/100k/train/9f07a240-a56754df.jpg,train,val,overcast,daytime,residential
9f10dfc2-d642dfca,9f10dfc2-d642dfca.jpg,images/100k/train/9f10dfc2-d642dfca.jpg,train,val,clear,night,highway
9f1dd3f5-4c55dc7a,9f1dd3f5-4c55dc7a.jpg,images/100k/train/9f1dd3f5-4c55dc7a.jpg,train,val,undefined,night,city street
9f238cfa-cc9bb02e,9f238cfa-cc9bb02e.jpg,images/100k/train/9f238cfa-cc9bb02e.jpg,train,val,partly cloudy,daytime,highway
9f3a560f-232ac7ee,9f3a560f-232ac7ee.jpg,images/100k/train/9f3a560f-232ac7ee.jpg,train,val,clear,night,city street
9f4cfaf2-027e7824,9f4cfaf2-027e7824.jpg,images/100k/train/9f4cfaf2-027e7824.jpg,train,val,clear,night,city street
9f60c0b4-65811b48,9f60c0b4-65811b48.jpg,images/100k/train/9f60c0b4-65811b48.jpg,train,val,clear,daytime,city street
9f6aa50a-bdbfa371,9f6aa50a-bdbfa371.jpg,images/100k/train/9f6aa50a-bdbfa371.jpg,train,val,undefined,daytime,city street
9f987a0b-13f64a2c,9f987a0b-13f64a2c.jpg,images/100k/train/9f987a0b-13f64a2c.jpg,train,val,snowy,daytime,city street
9f9f2c2b-c1de4d91,9f9f2c2b-c1de4d91.jpg,images/100k/train/9f9f2c2b-c1de4d91.jpg,train,val,clear,night,highway
9fb602ed-cc84c156,9fb602ed-cc84c156.jpg,images/100k/train/9fb602ed-cc84c156.jpg,train,val,undefined,daytime,city street
9fd254fe-805b1d48,9fd254fe-805b1d48.jpg,images/100k/train/9fd254fe-805b1d48.jpg,train,val,clear,daytime,city street
9fd65ab6-7923ec22,9fd65ab6-7923ec22.jpg,images/100k/train/9fd65ab6-7923ec22.jpg,train,val,undefined,daytime,residential
9fd91940-784c2161,9fd91940-784c2161.jpg,images/100k/train/9fd91940-784c2161.jpg,train,val,partly cloudy,daytime,highway
9ff3f191-7b8ffbb5,9ff3f191-7b8ffbb5.jpg,images/100k/train/9ff3f191-7b8ffbb5.jpg,train,val,clear,night,highway
a00a58e2-027e68a7,a00a58e2-027e68a7.jpg,images/100k/train/a00a58e2-027e68a7.jpg,train,val,clear,night,city street
a00a8844-a04624f0,a00a8844-a04624f0.jpg,images/100k/train/a00a8844-a04624f0.jpg,train,val,undefined,daytime,city street
a01ff535-cdb88902,a01ff535-cdb88902.jpg,images/100k/train/a01ff535-cdb88902.jpg,train,val,clear,night,city street
a04e3397-681ebaec,a04e3397-681ebaec.jpg,images/100k/train/a04e3397-681ebaec.jpg,train,val,clear,night,residential
a0965539-c6e0ad3b,a0965539-c6e0ad3b.jpg,images/100k/train/a0965539-c6e0ad3b.jpg,train,val,foggy,daytime,residential
a09a7df7-4dad4ef5,a09a7df7-4dad4ef5.jpg,images/100k/train/a09a7df7-4dad4ef5.jpg,train,val,partly cloudy,daytime,residential
a09ae181-30987531,a09ae181-30987531.jpg,images/100k/train/a09ae181-30987531.jpg,train,val,clear,night,highway
a0be92e0-38bd3747,a0be92e0-38bd3747.jpg,images/100k/train/a0be92e0-38bd3747.jpg,train,val,clear,night,highway
a0d23b79-bbc08187,a0d23b79-bbc08187.jpg,images/100k/train/a0d23b79-bbc08187.jpg,train,val,undefined,daytime,city street
a0e25eb3-27a24e96,a0e25eb3-27a24e96.jpg,images/100k/train/a0e25eb3-27a24e96.jpg,train,val,clear,daytime,highway
a0fddb9a-5b1bb5ce,a0fddb9a-5b1bb5ce.jpg,images/100k/train/a0fddb9a-5b1bb5ce.jpg,train,val,clear,daytime,highway
a110f1cd-43fb85a0,a110f1cd-43fb85a0.jpg,images/100k/train/a110f1cd-43fb85a0.jpg,train,val,clear,daytime,residential
a1186e90-f66c3825,a1186e90-f66c3825.jpg,images/100k/train/a1186e90-f66c3825.jpg,train,val,clear,daytime,city street
a11b927e-7d687358,a11b927e-7d687358.jpg,images/100k/train/a11b927e-7d687358.jpg,train,val,partly cloudy,daytime,city street
a13ac244-7d7f5311,a13ac244-7d7f5311.jpg,images/100k/train/a13ac244-7d7f5311.jpg,train,val,clear,daytime,city street
a145db4a-5280b862,a145db4a-5280b862.jpg,images/100k/train/a145db4a-5280b862.jpg,train,val,clear,daytime,city street
a169a2a0-a1a5c668,a169a2a0-a1a5c668.jpg,images/100k/train/a169a2a0-a1a5c668.jpg,train,val,undefined,daytime,city street
a1894e86-672b0108,a1894e86-672b0108.jpg,images/100k/train/a1894e86-672b0108.jpg,train,val,clear,night,city street
a21d5510-cd98132f,a21d5510-cd98132f.jpg,images/100k/train/a21d5510-cd98132f.jpg,train,val,clear,daytime,city street
a23b5318-63d205fa,a23b5318-63d205fa.jpg,images/100k/train/a23b5318-63d205fa.jpg,train,val,undefined,daytime,highway
a274c488-3666e6ef,a274c488-3666e6ef.jpg,images/100k/train/a274c488-3666e6ef.jpg,train,val,clear,night,city street
a274c488-e44f7f48,a274c488-e44f7f48.jpg,images/100k/train/a274c488-e44f7f48.jpg,train,val,clear,night,city street
a284eb0e-90080ebb,a284eb0e-90080ebb.jpg,images/100k/train/a284eb0e-90080ebb.jpg,train,val,clear,daytime,city street
a2889f2d-6a3bbe77,a2889f2d-6a3bbe77.jpg,images/100k/train/a2889f2d-6a3bbe77.jpg,train,val,partly cloudy,daytime,city street
a2a93868-54d5912e,a2a93868-54d5912e.jpg,images/100k/train/a2a93868-54d5912e.jpg,train,val,clear,daytime,highway
a2cccf24-c47ea621,a2cccf24-c47ea621.jpg,images/100k/train/a2cccf24-c47ea621.jpg,train,val,snowy,daytime,city street
a2ec6e77-75da9cd4,a2ec6e77-75da9cd4.jpg,images/100k/train/a2ec6e77-75da9cd4.jpg,train,val,clear,night,city street
a3052796-c16166f7,a3052796-c16166f7.jpg,images/100k/train/a3052796-c16166f7.jpg,train,val,partly cloudy,daytime,highway
a30ab4f9-b6911b76,a30ab4f9-b6911b76.jpg,images/100k/train/a30ab4f9-b6911b76.jpg,train,val,overcast,daytime,residential
a327cb1b-04d439dc,a327cb1b-04d439dc.jpg,images/100k/train/a327cb1b-04d439dc.jpg,train,val,overcast,daytime,city street
a32d6354-54ddbab8,a32d6354-54ddbab8.jpg,images/100k/train/a32d6354-54ddbab8.jpg,train,val,overcast,dawn/dusk,highway
a3a0f34f-45006c12,a3a0f34f-45006c12.jpg,images/100k/train/a3a0f34f-45006c12.jpg,train,val,overcast,daytime,city street
a3da7132-7c5d00ae,a3da7132-7c5d00ae.jpg,images/100k/train/a3da7132-7c5d00ae.jpg,train,val,clear,night,city street
a3fbe37d-0ebafbd6,a3fbe37d-0ebafbd6.jpg,images/100k/train/a3fbe37d-0ebafbd6.jpg,train,val,overcast,dawn/dusk,city street
a4042139-f7427a8d,a4042139-f7427a8d.jpg,images/100k/train/a4042139-f7427a8d.jpg,train,val,snowy,night,city street
a423250f-ce34c4de,a423250f-ce34c4de.jpg,images/100k/train/a423250f-ce34c4de.jpg,train,val,clear,night,highway
a42c4389-b10d60b5,a42c4389-b10d60b5.jpg,images/100k/train/a42c4389-b10d60b5.jpg,train,val,clear,daytime,city street
a4475895-a88dfa65,a4475895-a88dfa65.jpg,images/100k/train/a4475895-a88dfa65.jpg,train,val,overcast,dawn/dusk,city street
a46fbbf1-da3f955d,a46fbbf1-da3f955d.jpg,images/100k/train/a46fbbf1-da3f955d.jpg,train,val,overcast,daytime,city street
a4908668-ae6da4c6,a4908668-ae6da4c6.jpg,images/100k/train/a4908668-ae6da4c6.jpg,train,val,clear,dawn/dusk,highway
a4a6e0fd-714aa8b0,a4a6e0fd-714aa8b0.jpg,images/100k/train/a4a6e0fd-714aa8b0.jpg,train,val,clear,night,city street
a4a7d8b9-26883df0,a4a7d8b9-26883df0.jpg,images/100k/train/a4a7d8b9-26883df0.jpg,train,val,clear,night,city street
a4a7d8b9-a01c52bc,a4a7d8b9-a01c52bc.jpg,images/100k/train/a4a7d8b9-a01c52bc.jpg,train,val,clear,night,highway
a4b551a9-1b6d14e1,a4b551a9-1b6d14e1.jpg,images/100k/train/a4b551a9-1b6d14e1.jpg,train,val,clear,night,highway
a4c14a4a-50bbc842,a4c14a4a-50bbc842.jpg,images/100k/train/a4c14a4a-50bbc842.jpg,train,val,clear,night,highway
a4c90864-f59300ed,a4c90864-f59300ed.jpg,images/100k/train/a4c90864-f59300ed.jpg,train,val,clear,night,city street
a4cef4d1-e4c1f09a,a4cef4d1-e4c1f09a.jpg,images/100k/train/a4cef4d1-e4c1f09a.jpg,train,val,clear,night,residential
a4f2b992-29aa8efd,a4f2b992-29aa8efd.jpg,images/100k/train/a4f2b992-29aa8efd.jpg,train,val,clear,daytime,highway
a4f2b992-9de3eb58,a4f2b992-9de3eb58.jpg,images/100k/train/a4f2b992-9de3eb58.jpg,train,val,clear,daytime,city street
a501a05a-82cf1dd1,a501a05a-82cf1dd1.jpg,images/100k/train/a501a05a-82cf1dd1.jpg,train,val,clear,daytime,city street
a5202358-76e3d123,a5202358-76e3d123.jpg,images/100k/train/a5202358-76e3d123.jpg,train,val,rainy,night,highway
a533bbf4-334e448b,a533bbf4-334e448b.jpg,images/100k/train/a533bbf4-334e448b.jpg,train,val,partly cloudy,daytime,highway
a569c08a-49120e1d,a569c08a-49120e1d.jpg,images/100k/train/a569c08a-49120e1d.jpg,train,val,partly cloudy,daytime,city street
a571dbb4-28564174,a571dbb4-28564174.jpg,images/100k/train/a571dbb4-28564174.jpg,train,val,overcast,dawn/dusk,city street
a58339d8-6945c487,a58339d8-6945c487.jpg,images/100k/train/a58339d8-6945c487.jpg,train,val,clear,daytime,city street
a58f57b4-2abd24f8,a58f57b4-2abd24f8.jpg,images/100k/train/a58f57b4-2abd24f8.jpg,train,val,clear,night,city street
a5968462-3678501e,a5968462-3678501e.jpg,images/100k/train/a5968462-3678501e.jpg,train,val,snowy,night,city street
a5dd241e-827c72cc,a5dd241e-827c72cc.jpg,images/100k/train/a5dd241e-827c72cc.jpg,train,val,rainy,daytime,city street
a5e2b88a-7f66a570,a5e2b88a-7f66a570.jpg,images/100k/train/a5e2b88a-7f66a570.jpg,train,val,overcast,daytime,city street
a5ef5081-8079b223,a5ef5081-8079b223.jpg,images/100k/train/a5ef5081-8079b223.jpg,train,val,clear,night,highway
a6007cd7-673976af,a6007cd7-673976af.jpg,images/100k/train/a6007cd7-673976af.jpg,train,val,clear,night,highway
a6007cd7-810cab61,a6007cd7-810cab61.jpg,images/100k/train/a6007cd7-810cab61.jpg,train,val,snowy,night,residential
a6030aa5-e25b192b,a6030aa5-e25b192b.jpg,images/100k/train/a6030aa5-e25b192b.jpg,train,val,clear,daytime,highway
a63d1583-73c21937,a63d1583-73c21937.jpg,images/100k/train/a63d1583-73c21937.jpg,train,val,clear,night,city street
a694e480-540d9d1e,a694e480-540d9d1e.jpg,images/100k/train/a694e480-540d9d1e.jpg,train,val,partly cloudy,daytime,city street
a6f1a9f3-b553fb09,a6f1a9f3-b553fb09.jpg,images/100k/train/a6f1a9f3-b553fb09.jpg,train,val,undefined,daytime,city street
a72bedd0-9de8e18b,a72bedd0-9de8e18b.jpg,images/100k/train/a72bedd0-9de8e18b.jpg,train,val,clear,daytime,residential
a75f21aa-203f8e8e,a75f21aa-203f8e8e.jpg,images/100k/train/a75f21aa-203f8e8e.jpg,train,val,clear,night,city street
a76a59f6-85572082,a76a59f6-85572082.jpg,images/100k/train/a76a59f6-85572082.jpg,train,val,snowy,daytime,residential
a787c044-0288f9e4,a787c044-0288f9e4.jpg,images/100k/train/a787c044-0288f9e4.jpg,train,val,clear,night,city street
a7bcbe54-bcab5f7a,a7bcbe54-bcab5f7a.jpg,images/100k/train/a7bcbe54-bcab5f7a.jpg,train,val,overcast,daytime,highway
a7ecf098-2fd197d9,a7ecf098-2fd197d9.jpg,images/100k/train/a7ecf098-2fd197d9.jpg,train,val,clear,night,highway
a8133d45-f0eb3e8a,a8133d45-f0eb3e8a.jpg,images/100k/train/a8133d45-f0eb3e8a.jpg,train,val,clear,night,highway
a85a5e95-3ceca7a1,a85a5e95-3ceca7a1.jpg,images/100k/train/a85a5e95-3ceca7a1.jpg,train,val,clear,night,city street
a872c917-abf1069a,a872c917-abf1069a.jpg,images/100k/train/a872c917-abf1069a.jpg,train,val,undefined,daytime,city street
a887b26c-acd5e1c9,a887b26c-acd5e1c9.jpg,images/100k/train/a887b26c-acd5e1c9.jpg,train,val,overcast,daytime,city street
a8b979fd-8fd32940,a8b979fd-8fd32940.jpg,images/100k/train/a8b979fd-8fd32940.jpg,train,val,clear,daytime,highway
a8e8484d-c9b9ace8,a8e8484d-c9b9ace8.jpg,images/100k/train/a8e8484d-c9b9ace8.jpg,train,val,clear,dawn/dusk,highway
a8f943bf-88d556d4,a8f943bf-88d556d4.jpg,images/100k/train/a8f943bf-88d556d4.jpg,train,val,overcast,daytime,highway
a91a153a-71120c5e,a91a153a-71120c5e.jpg,images/100k/train/a91a153a-71120c5e.jpg,train,val,clear,night,city street
a91f85d2-fe86ed53,a91f85d2-fe86ed53.jpg,images/100k/train/a91f85d2-fe86ed53.jpg,train,val,clear,night,city street
a9609e50-a6b7c24b,a9609e50-a6b7c24b.jpg,images/100k/train/a9609e50-a6b7c24b.jpg,train,val,rainy,night,city street
a974e732-d2f71442,a974e732-d2f71442.jpg,images/100k/train/a974e732-d2f71442.jpg,train,val,clear,daytime,city street
a97a1f5a-46dc5e8b,a97a1f5a-46dc5e8b.jpg,images/100k/train/a97a1f5a-46dc5e8b.jpg,train,val,undefined,daytime,city street
a9c77142-b24eeca8,a9c77142-b24eeca8.jpg,images/100k/train/a9c77142-b24eeca8.jpg,train,val,snowy,daytime,city street
a9c8091c-7bf57064,a9c8091c-7bf57064.jpg,images/100k/train/a9c8091c-7bf57064.jpg,train,val,overcast,daytime,city street
aa49c593-3c1b1030,aa49c593-3c1b1030.jpg,images/100k/train/aa49c593-3c1b1030.jpg,train,val,clear,night,highway
aa61505b-8ec1d36d,aa61505b-8ec1d36d.jpg,images/100k/train/aa61505b-8ec1d36d.jpg,train,val,clear,daytime,city street
aa89a0bb-3687cd4b,aa89a0bb-3687cd4b.jpg,images/100k/train/aa89a0bb-3687cd4b.jpg,train,val,clear,daytime,residential
aa8edb66-b39bc4a3,aa8edb66-b39bc4a3.jpg,images/100k/train/aa8edb66-b39bc4a3.jpg,train,val,rainy,daytime,city street
aaa790ae-49194da9,aaa790ae-49194da9.jpg,images/100k/train/aaa790ae-49194da9.jpg,train,val,undefined,daytime,residential
aaa8373f-88590df4,aaa8373f-88590df4.jpg,images/100k/train/aaa8373f-88590df4.jpg,train,val,clear,night,highway
aadd2a9c-0290850e,aadd2a9c-0290850e.jpg,images/100k/train/aadd2a9c-0290850e.jpg,train,val,clear,dawn/dusk,city street
ab1b05cb-40b460f4,ab1b05cb-40b460f4.jpg,images/100k/train/ab1b05cb-40b460f4.jpg,train,val,clear,daytime,residential
ab1dd87d-285bb019,ab1dd87d-285bb019.jpg,images/100k/train/ab1dd87d-285bb019.jpg,train,val,clear,daytime,highway
ab3ae392-1eb3e997,ab3ae392-1eb3e997.jpg,images/100k/train/ab3ae392-1eb3e997.jpg,train,val,partly cloudy,dawn/dusk,city street
ab54b6e9-69565029,ab54b6e9-69565029.jpg,images/100k/train/ab54b6e9-69565029.jpg,train,val,undefined,dawn/dusk,city street
ab554e04-e4199710,ab554e04-e4199710.jpg,images/100k/train/ab554e04-e4199710.jpg,train,val,rainy,dawn/dusk,city street
abefc310-ce73ef56,abefc310-ce73ef56.jpg,images/100k/train/abefc310-ce73ef56.jpg,train,val,overcast,daytime,highway
ac16a16d-93867ce8,ac16a16d-93867ce8.jpg,images/100k/train/ac16a16d-93867ce8.jpg,train,val,clear,night,city street
ac260eb6-578fad83,ac260eb6-578fad83.jpg,images/100k/train/ac260eb6-578fad83.jpg,train,val,clear,night,city street
ac260eb6-64c1e2ca,ac260eb6-64c1e2ca.jpg,images/100k/train/ac260eb6-64c1e2ca.jpg,train,val,clear,night,city street
ac284a40-1cc18bcc,ac284a40-1cc18bcc.jpg,images/100k/train/ac284a40-1cc18bcc.jpg,train,val,partly cloudy,daytime,highway
ac31485c-2c35588b,ac31485c-2c35588b.jpg,images/100k/train/ac31485c-2c35588b.jpg,train,val,clear,night,city street
ac39d23e-eef93579,ac39d23e-eef93579.jpg,images/100k/train/ac39d23e-eef93579.jpg,train,val,undefined,daytime,city street
ac63801e-9e5dc043,ac63801e-9e5dc043.jpg,images/100k/train/ac63801e-9e5dc043.jpg,train,val,rainy,dawn/dusk,residential
ac66b27f-33c3cb09,ac66b27f-33c3cb09.jpg,images/100k/train/ac66b27f-33c3cb09.jpg,train,val,clear,daytime,city street
acac34bc-d124d5ca,acac34bc-d124d5ca.jpg,images/100k/train/acac34bc-d124d5ca.jpg,train,val,overcast,daytime,city street
ad022cf3-855864f9,ad022cf3-855864f9.jpg,images/100k/train/ad022cf3-855864f9.jpg,train,val,clear,night,city street
ad08348a-5e98ea8e,ad08348a-5e98ea8e.jpg,images/100k/train/ad08348a-5e98ea8e.jpg,train,val,rainy,night,city street
ad11f402-4f0ce9f9,ad11f402-4f0ce9f9.jpg,images/100k/train/ad11f402-4f0ce9f9.jpg,train,val,clear,daytime,highway
ad4855b5-364c27ca,ad4855b5-364c27ca.jpg,images/100k/train/ad4855b5-364c27ca.jpg,train,val,undefined,daytime,city street
ad99a2bf-b9b2fa2a,ad99a2bf-b9b2fa2a.jpg,images/100k/train/ad99a2bf-b9b2fa2a.jpg,train,val,overcast,daytime,residential
adb77b75-b2a4897d,adb77b75-b2a4897d.jpg,images/100k/train/adb77b75-b2a4897d.jpg,train,val,clear,daytime,city street
ade3a078-c0a64f00,ade3a078-c0a64f00.jpg,images/100k/train/ade3a078-c0a64f00.jpg,train,val,overcast,daytime,city street
ae0bc9f5-851b22a0,ae0bc9f5-851b22a0.jpg,images/100k/train/ae0bc9f5-851b22a0.jpg,train,val,undefined,daytime,city street
ae60b2e3-a57213c2,ae60b2e3-a57213c2.jpg,images/100k/train/ae60b2e3-a57213c2.jpg,train,val,clear,night,city street
ae7b63c8-aaf5304a,ae7b63c8-aaf5304a.jpg,images/100k/train/ae7b63c8-aaf5304a.jpg,train,val,clear,dawn/dusk,city street
ae8bf0cb-94d81e15,ae8bf0cb-94d81e15.jpg,images/100k/train/ae8bf0cb-94d81e15.jpg,train,val,snowy,daytime,highway
ae9263fb-0a7273c1,ae9263fb-0a7273c1.jpg,images/100k/train/ae9263fb-0a7273c1.jpg,train,val,overcast,daytime,highway
aea0d3f5-cfcd0a42,aea0d3f5-cfcd0a42.jpg,images/100k/train/aea0d3f5-cfcd0a42.jpg,train,val,clear,night,city street
aea0d40e-a19c68ed,aea0d40e-a19c68ed.jpg,images/100k/train/aea0d40e-a19c68ed.jpg,train,val,undefined,daytime,residential
aea6c66c-d6fe6b6f,aea6c66c-d6fe6b6f.jpg,images/100k/train/aea6c66c-d6fe6b6f.jpg,train,val,clear,night,city street
aeb614a8-b73f4df8,aeb614a8-b73f4df8.jpg,images/100k/train/aeb614a8-b73f4df8.jpg,train,val,partly cloudy,daytime,city street
aec6a941-bf52b4e9,aec6a941-bf52b4e9.jpg,images/100k/train/aec6a941-bf52b4e9.jpg,train,val,clear,night,city street
aed501be-3f43bafc,aed501be-3f43bafc.jpg,images/100k/train/aed501be-3f43bafc.jpg,train,val,overcast,daytime,city street
aefba7a4-25bcdb13,aefba7a4-25bcdb13.jpg,images/100k/train/aefba7a4-25bcdb13.jpg,train,val,clear,night,city street
af10e54d-4d90e8b5,af10e54d-4d90e8b5.jpg,images/100k/train/af10e54d-4d90e8b5.jpg,train,val,partly cloudy,daytime,residential
af263edb-99cb2e86,af263edb-99cb2e86.jpg,images/100k/train/af263edb-99cb2e86.jpg,train,val,clear,night,city street
af2fe9d3-7d85d052,af2fe9d3-7d85d052.jpg,images/100k/train/af2fe9d3-7d85d052.jpg,train,val,rainy,daytime,residential
af36674a-54d0205a,af36674a-54d0205a.jpg,images/100k/train/af36674a-54d0205a.jpg,train,val,snowy,night,city street
af4d5031-9e5f1873,af4d5031-9e5f1873.jpg,images/100k/train/af4d5031-9e5f1873.jpg,train,val,clear,daytime,city street
af6a594e-c0f8a7da,af6a594e-c0f8a7da.jpg,images/100k/train/af6a594e-c0f8a7da.jpg,train,val,snowy,daytime,highway
af7bf837-14b8ca36,af7bf837-14b8ca36.jpg,images/100k/train/af7bf837-14b8ca36.jpg,train,val,clear,night,city street
af915d2f-17518b9d,af915d2f-17518b9d.jpg,images/100k/train/af915d2f-17518b9d.jpg,train,val,partly cloudy,dawn/dusk,highway
afae225d-25e1c655,afae225d-25e1c655.jpg,images/100k/train/afae225d-25e1c655.jpg,train,val,clear,night,city street
afd35d01-4f0f5070,afd35d01-4f0f5070.jpg,images/100k/train/afd35d01-4f0f5070.jpg,train,val,clear,daytime,city street
afd91ae8-06dfd993,afd91ae8-06dfd993.jpg,images/100k/train/afd91ae8-06dfd993.jpg,train,val,clear,daytime,highway
b05dc32c-3bec8c3e,b05dc32c-3bec8c3e.jpg,images/100k/train/b05dc32c-3bec8c3e.jpg,train,val,partly cloudy,daytime,residential
b05dc32c-e7deb1c6,b05dc32c-e7deb1c6.jpg,images/100k/train/b05dc32c-e7deb1c6.jpg,train,val,clear,daytime,residential
b09052a9-d1f37d15,b09052a9-d1f37d15.jpg,images/100k/train/b09052a9-d1f37d15.jpg,train,val,clear,night,city street
b0f71d5d-949eb873,b0f71d5d-949eb873.jpg,images/100k/train/b0f71d5d-949eb873.jpg,train,val,rainy,night,city street
b1037b5b-1d3be4f5,b1037b5b-1d3be4f5.jpg,images/100k/train/b1037b5b-1d3be4f5.jpg,train,val,clear,night,city street
b1463bac-ea427189,b1463bac-ea427189.jpg,images/100k/train/b1463bac-ea427189.jpg,train,val,rainy,night,undefined
b1552ab4-93020e61,b1552ab4-93020e61.jpg,images/100k/train/b1552ab4-93020e61.jpg,train,val,overcast,dawn/dusk,residential
b16eea19-cbc29b35,b16eea19-cbc29b35.jpg,images/100k/train/b16eea19-cbc29b35.jpg,train,val,clear,night,highway
fdd1e5d3-3b2ec93c,fdd1e5d3-3b2ec93c.jpg,images/100k/train/fdd1e5d3-3b2ec93c.jpg,train,val,overcast,daytime,city street
fdde4595-2f9e16f0,fdde4595-2f9e16f0.jpg,images/100k/train/fdde4595-2f9e16f0.jpg,train,val,clear,night,city street
fdf83cde-c0898074,fdf83cde-c0898074.jpg,images/100k/train/fdf83cde-c0898074.jpg,train,val,clear,daytime,city street
00fcfec9-8accd82b,00fcfec9-8accd82b.jpg,images/100k/train/00fcfec9-8accd82b.jpg,train,test,clear,daytime,city street
014e76d7-a0c222bc,014e76d7-a0c222bc.jpg,images/100k/train/014e76d7-a0c222bc.jpg,train,test,overcast,daytime,residential
018f06cd-834da3b3,018f06cd-834da3b3.jpg,images/100k/train/018f06cd-834da3b3.jpg,train,test,overcast,dawn/dusk,highway
0204aad7-9e1e915e,0204aad7-9e1e915e.jpg,images/100k/train/0204aad7-9e1e915e.jpg,train,test,undefined,daytime,city street
02346f91-aaa4e437,02346f91-aaa4e437.jpg,images/100k/train/02346f91-aaa4e437.jpg,train,test,undefined,daytime,city street
025bff9b-cd0b388b,025bff9b-cd0b388b.jpg,images/100k/train/025bff9b-cd0b388b.jpg,train,test,overcast,daytime,city street
02d5e1be-0fcb6604,02d5e1be-0fcb6604.jpg,images/100k/train/02d5e1be-0fcb6604.jpg,train,test,clear,night,city street
02ddf9bc-a85b5d96,02ddf9bc-a85b5d96.jpg,images/100k/train/02ddf9bc-a85b5d96.jpg,train,test,overcast,daytime,residential
036f7358-e26ae65d,036f7358-e26ae65d.jpg,images/100k/train/036f7358-e26ae65d.jpg,train,test,clear,daytime,highway
039c5dcd-a603673a,039c5dcd-a603673a.jpg,images/100k/train/039c5dcd-a603673a.jpg,train,test,clear,night,city street
03ab1996-e974d94d,03ab1996-e974d94d.jpg,images/100k/train/03ab1996-e974d94d.jpg,train,test,clear,night,highway
03b8bba0-29219fd3,03b8bba0-29219fd3.jpg,images/100k/train/03b8bba0-29219fd3.jpg,train,test,clear,daytime,city street
03c28a8d-9fd776c9,03c28a8d-9fd776c9.jpg,images/100k/train/03c28a8d-9fd776c9.jpg,train,test,clear,night,city street
043026cb-f72901db,043026cb-f72901db.jpg,images/100k/train/043026cb-f72901db.jpg,train,test,rainy,night,city street
04813e1a-2c97056a,04813e1a-2c97056a.jpg,images/100k/train/04813e1a-2c97056a.jpg,train,test,clear,daytime,highway
04bc9f93-87d3d105,04bc9f93-87d3d105.jpg,images/100k/train/04bc9f93-87d3d105.jpg,train,test,clear,night,city street
04be762f-8b841e38,04be762f-8b841e38.jpg,images/100k/train/04be762f-8b841e38.jpg,train,test,clear,daytime,city street
04c49cc4-f994251e,04c49cc4-f994251e.jpg,images/100k/train/04c49cc4-f994251e.jpg,train,test,clear,daytime,city street
04c9fe6b-8ea7f0b7,04c9fe6b-8ea7f0b7.jpg,images/100k/train/04c9fe6b-8ea7f0b7.jpg,train,test,clear,night,city street
054ce029-aeab2da9,054ce029-aeab2da9.jpg,images/100k/train/054ce029-aeab2da9.jpg,train,test,clear,night,residential
0569fe1c-288f0512,0569fe1c-288f0512.jpg,images/100k/train/0569fe1c-288f0512.jpg,train,test,clear,night,city street
05b42e20-750fdf29,05b42e20-750fdf29.jpg,images/100k/train/05b42e20-750fdf29.jpg,train,test,undefined,daytime,city street
05e4d922-d9d40f7b,05e4d922-d9d40f7b.jpg,images/100k/train/05e4d922-d9d40f7b.jpg,train,test,clear,daytime,city street
06f7a41e-c8b5c7c7,06f7a41e-c8b5c7c7.jpg,images/100k/train/06f7a41e-c8b5c7c7.jpg,train,test,snowy,daytime,city street
06ff7d61-48a6bc46,06ff7d61-48a6bc46.jpg,images/100k/train/06ff7d61-48a6bc46.jpg,train,test,rainy,night,city street
07454314-a3de587a,07454314-a3de587a.jpg,images/100k/train/07454314-a3de587a.jpg,train,test,clear,night,city street
07576c3b-5c9dccb3,07576c3b-5c9dccb3.jpg,images/100k/train/07576c3b-5c9dccb3.jpg,train,test,partly cloudy,daytime,residential
087a33b7-ec85f56a,087a33b7-ec85f56a.jpg,images/100k/train/087a33b7-ec85f56a.jpg,train,test,snowy,night,city street
092683ea-4efb913f,092683ea-4efb913f.jpg,images/100k/train/092683ea-4efb913f.jpg,train,test,clear,dawn/dusk,city street
097c9ce7-c1b90aff,097c9ce7-c1b90aff.jpg,images/100k/train/097c9ce7-c1b90aff.jpg,train,test,overcast,daytime,city street
09abd73b-8e245bf8,09abd73b-8e245bf8.jpg,images/100k/train/09abd73b-8e245bf8.jpg,train,test,overcast,daytime,highway
09be5e77-12dfe434,09be5e77-12dfe434.jpg,images/100k/train/09be5e77-12dfe434.jpg,train,test,overcast,daytime,city street
09cdd188-3e298702,09cdd188-3e298702.jpg,images/100k/train/09cdd188-3e298702.jpg,train,test,clear,daytime,city street
0a69e91b-53332ed8,0a69e91b-53332ed8.jpg,images/100k/train/0a69e91b-53332ed8.jpg,train,test,clear,dawn/dusk,city street
0aab75aa-3bf9a859,0aab75aa-3bf9a859.jpg,images/100k/train/0aab75aa-3bf9a859.jpg,train,test,partly cloudy,daytime,highway
0ac3cbf4-07c64adc,0ac3cbf4-07c64adc.jpg,images/100k/train/0ac3cbf4-07c64adc.jpg,train,test,snowy,daytime,city street
0b099136-a2bb901a,0b099136-a2bb901a.jpg,images/100k/train/0b099136-a2bb901a.jpg,train,test,clear,daytime,city street
0be6646a-763ab32d,0be6646a-763ab32d.jpg,images/100k/train/0be6646a-763ab32d.jpg,train,test,clear,daytime,city street
0c07cd68-46b1d5db,0c07cd68-46b1d5db.jpg,images/100k/train/0c07cd68-46b1d5db.jpg,train,test,overcast,dawn/dusk,residential
0c0c2d36-2b84f369,0c0c2d36-2b84f369.jpg,images/100k/train/0c0c2d36-2b84f369.jpg,train,test,clear,night,city street
0c50b9d0-ea5f9e1d,0c50b9d0-ea5f9e1d.jpg,images/100k/train/0c50b9d0-ea5f9e1d.jpg,train,test,clear,daytime,city street
0cae8c30-1054012c,0cae8c30-1054012c.jpg,images/100k/train/0cae8c30-1054012c.jpg,train,test,rainy,night,city street
0cdaa475-135c7ac8,0cdaa475-135c7ac8.jpg,images/100k/train/0cdaa475-135c7ac8.jpg,train,test,rainy,daytime,city street
0cf398b3-969c7625,0cf398b3-969c7625.jpg,images/100k/train/0cf398b3-969c7625.jpg,train,test,snowy,night,city street
0d39e06d-09634ee3,0d39e06d-09634ee3.jpg,images/100k/train/0d39e06d-09634ee3.jpg,train,test,partly cloudy,daytime,city street
0d4268d5-fd470129,0d4268d5-fd470129.jpg,images/100k/train/0d4268d5-fd470129.jpg,train,test,clear,daytime,residential
0d49a136-9c9e9638,0d49a136-9c9e9638.jpg,images/100k/train/0d49a136-9c9e9638.jpg,train,test,clear,daytime,city street
0d538703-d3719838,0d538703-d3719838.jpg,images/100k/train/0d538703-d3719838.jpg,train,test,partly cloudy,daytime,residential
0da41df0-26725c58,0da41df0-26725c58.jpg,images/100k/train/0da41df0-26725c58.jpg,train,test,clear,daytime,residential
0e9de95d-92899e8a,0e9de95d-92899e8a.jpg,images/100k/train/0e9de95d-92899e8a.jpg,train,test,clear,night,highway
0ec8f197-ce771fa9,0ec8f197-ce771fa9.jpg,images/100k/train/0ec8f197-ce771fa9.jpg,train,test,clear,night,city street
0f026efa-5f053ae7,0f026efa-5f053ae7.jpg,images/100k/train/0f026efa-5f053ae7.jpg,train,test,rainy,daytime,city street
0f7c19b2-0e8e93a7,0f7c19b2-0e8e93a7.jpg,images/100k/train/0f7c19b2-0e8e93a7.jpg,train,test,clear,dawn/dusk,city street
0fd51904-6b08ecbc,0fd51904-6b08ecbc.jpg,images/100k/train/0fd51904-6b08ecbc.jpg,train,test,clear,daytime,city street
1017ef7a-1f4ea532,1017ef7a-1f4ea532.jpg,images/100k/train/1017ef7a-1f4ea532.jpg,train,test,undefined,daytime,city street
1033005c-8c97322c,1033005c-8c97322c.jpg,images/100k/train/1033005c-8c97322c.jpg,train,test,undefined,daytime,city street
10946963-3106c4ee,10946963-3106c4ee.jpg,images/100k/train/10946963-3106c4ee.jpg,train,test,clear,daytime,city street
109a916a-4dd11506,109a916a-4dd11506.jpg,images/100k/train/109a916a-4dd11506.jpg,train,test,clear,daytime,highway
10b8c492-c0b52b09,10b8c492-c0b52b09.jpg,images/100k/train/10b8c492-c0b52b09.jpg,train,test,clear,night,city street
1150fe97-fcdffbce,1150fe97-fcdffbce.jpg,images/100k/train/1150fe97-fcdffbce.jpg,train,test,clear,night,city street
116dea8e-8ed037dd,116dea8e-8ed037dd.jpg,images/100k/train/116dea8e-8ed037dd.jpg,train,test,clear,daytime,city street
12319344-cd4838a4,12319344-cd4838a4.jpg,images/100k/train/12319344-cd4838a4.jpg,train,test,snowy,daytime,city street
128a6c14-7c985c35,128a6c14-7c985c35.jpg,images/100k/train/128a6c14-7c985c35.jpg,train,test,snowy,daytime,city street
12bf2cad-7542e999,12bf2cad-7542e999.jpg,images/100k/train/12bf2cad-7542e999.jpg,train,test,clear,night,highway
12cc2fa2-dd5e47b5,12cc2fa2-dd5e47b5.jpg,images/100k/train/12cc2fa2-dd5e47b5.jpg,train,test,overcast,dawn/dusk,highway
1334ae93-a522b141,1334ae93-a522b141.jpg,images/100k/train/1334ae93-a522b141.jpg,train,test,undefined,daytime,city street
14098efb-a3127008,14098efb-a3127008.jpg,images/100k/train/14098efb-a3127008.jpg,train,test,clear,night,city street
142b9c5c-c4ca118e,142b9c5c-c4ca118e.jpg,images/100k/train/142b9c5c-c4ca118e.jpg,train,test,snowy,daytime,city street
159e579f-aa6ae61c,159e579f-aa6ae61c.jpg,images/100k/train/159e579f-aa6ae61c.jpg,train,test,clear,night,highway
15e4b6ca-4ff2d086,15e4b6ca-4ff2d086.jpg,images/100k/train/15e4b6ca-4ff2d086.jpg,train,test,clear,daytime,city street
1698c1ee-3c92ecc7,1698c1ee-3c92ecc7.jpg,images/100k/train/1698c1ee-3c92ecc7.jpg,train,test,rainy,daytime,city street
16cc1363-369afeba,16cc1363-369afeba.jpg,images/100k/train/16cc1363-369afeba.jpg,train,test,clear,night,city street
16d482b8-dd57bc0f,16d482b8-dd57bc0f.jpg,images/100k/train/16d482b8-dd57bc0f.jpg,train,test,undefined,daytime,residential
16df5285-f0820be9,16df5285-f0820be9.jpg,images/100k/train/16df5285-f0820be9.jpg,train,test,clear,daytime,city street
173860a5-49837ab4,173860a5-49837ab4.jpg,images/100k/train/173860a5-49837ab4.jpg,train,test,clear,night,residential
173dca33-e5a33c85,173dca33-e5a33c85.jpg,images/100k/train/173dca33-e5a33c85.jpg,train,test,clear,night,city street
175ea080-3c49bd6a,175ea080-3c49bd6a.jpg,images/100k/train/175ea080-3c49bd6a.jpg,train,test,clear,daytime,residential
178758a1-d8825fbf,178758a1-d8825fbf.jpg,images/100k/train/178758a1-d8825fbf.jpg,train,test,clear,daytime,city street
17a50ff7-8d252856,17a50ff7-8d252856.jpg,images/100k/train/17a50ff7-8d252856.jpg,train,test,partly cloudy,daytime,residential
17d21658-f28fd924,17d21658-f28fd924.jpg,images/100k/train/17d21658-f28fd924.jpg,train,test,overcast,daytime,highway
17d620dd-26248535,17d620dd-26248535.jpg,images/100k/train/17d620dd-26248535.jpg,train,test,clear,night,city street
180e2832-41216079,180e2832-41216079.jpg,images/100k/train/180e2832-41216079.jpg,train,test,clear,daytime,city street
186663a5-c2d88fdc,186663a5-c2d88fdc.jpg,images/100k/train/186663a5-c2d88fdc.jpg,train,test,clear,daytime,highway
18921310-bb40b560,18921310-bb40b560.jpg,images/100k/train/18921310-bb40b560.jpg,train,test,overcast,daytime,city street
194c269e-36de3d01,194c269e-36de3d01.jpg,images/100k/train/194c269e-36de3d01.jpg,train,test,clear,night,highway
19c03fdb-7fbaa5f3,19c03fdb-7fbaa5f3.jpg,images/100k/train/19c03fdb-7fbaa5f3.jpg,train,test,clear,night,city street
19e1b250-e5604850,19e1b250-e5604850.jpg,images/100k/train/19e1b250-e5604850.jpg,train,test,undefined,daytime,city street
1a14227d-8a83e13b,1a14227d-8a83e13b.jpg,images/100k/train/1a14227d-8a83e13b.jpg,train,test,clear,daytime,city street
1a2f603e-8dc745df,1a2f603e-8dc745df.jpg,images/100k/train/1a2f603e-8dc745df.jpg,train,test,clear,night,city street
1a30ec0e-97eb0299,1a30ec0e-97eb0299.jpg,images/100k/train/1a30ec0e-97eb0299.jpg,train,test,clear,night,city street
1a691986-149872f7,1a691986-149872f7.jpg,images/100k/train/1a691986-149872f7.jpg,train,test,overcast,daytime,city street
1a7df43e-e4d4c005,1a7df43e-e4d4c005.jpg,images/100k/train/1a7df43e-e4d4c005.jpg,train,test,snowy,dawn/dusk,city street
1a94ab8c-2fb11427,1a94ab8c-2fb11427.jpg,images/100k/train/1a94ab8c-2fb11427.jpg,train,test,clear,night,highway
1abef3c8-21c6ae55,1abef3c8-21c6ae55.jpg,images/100k/train/1abef3c8-21c6ae55.jpg,train,test,clear,night,highway
1afb0a1d-731e639e,1afb0a1d-731e639e.jpg,images/100k/train/1afb0a1d-731e639e.jpg,train,test,rainy,daytime,highway
1b0131b0-95aefd09,1b0131b0-95aefd09.jpg,images/100k/train/1b0131b0-95aefd09.jpg,train,test,rainy,night,city street
1b546ac6-fea73de0,1b546ac6-fea73de0.jpg,images/100k/train/1b546ac6-fea73de0.jpg,train,test,clear,night,highway
1b86fca6-7f67bde5,1b86fca6-7f67bde5.jpg,images/100k/train/1b86fca6-7f67bde5.jpg,train,test,clear,daytime,city street
1b9f5243-9b2379ab,1b9f5243-9b2379ab.jpg,images/100k/train/1b9f5243-9b2379ab.jpg,train,test,clear,night,city street
1bcca9a5-e0ae765b,1bcca9a5-e0ae765b.jpg,images/100k/train/1bcca9a5-e0ae765b.jpg,train,test,clear,night,highway
1be932d6-cc8dbce1,1be932d6-cc8dbce1.jpg,images/100k/train/1be932d6-cc8dbce1.jpg,train,test,snowy,night,city street
1bf7446f-55e5b149,1bf7446f-55e5b149.jpg,images/100k/train/1bf7446f-55e5b149.jpg,train,test,undefined,daytime,city street
1bfe2103-aea9c567,1bfe2103-aea9c567.jpg,images/100k/train/1bfe2103-aea9c567.jpg,train,test,clear,daytime,city street
1c22af9e-06756570,1c22af9e-06756570.jpg,images/100k/train/1c22af9e-06756570.jpg,train,test,clear,daytime,residential
1c6e07d1-326ec05e,1c6e07d1-326ec05e.jpg,images/100k/train/1c6e07d1-326ec05e.jpg,train,test,undefined,daytime,city street
1c89eba4-789be3a9,1c89eba4-789be3a9.jpg,images/100k/train/1c89eba4-789be3a9.jpg,train,test,clear,night,city street
1c9c98b4-d4e9baef,1c9c98b4-d4e9baef.jpg,images/100k/train/1c9c98b4-d4e9baef.jpg,train,test,clear,daytime,city street
1caed018-666cb4bc,1caed018-666cb4bc.jpg,images/100k/train/1caed018-666cb4bc.jpg,train,test,overcast,daytime,city street
1cd33ceb-0c159ee7,1cd33ceb-0c159ee7.jpg,images/100k/train/1cd33ceb-0c159ee7.jpg,train,test,clear,night,city street
1d6da993-b6bb67c1,1d6da993-b6bb67c1.jpg,images/100k/train/1d6da993-b6bb67c1.jpg,train,test,clear,dawn/dusk,highway
1d981a62-27584b3b,1d981a62-27584b3b.jpg,images/100k/train/1d981a62-27584b3b.jpg,train,test,undefined,daytime,city street
1dff9d7c-f794648c,1dff9d7c-f794648c.jpg,images/100k/train/1dff9d7c-f794648c.jpg,train,test,partly cloudy,daytime,highway
1e13ff68-94e3f263,1e13ff68-94e3f263.jpg,images/100k/train/1e13ff68-94e3f263.jpg,train,test,overcast,daytime,city street
1e507c16-058f027a,1e507c16-058f027a.jpg,images/100k/train/1e507c16-058f027a.jpg,train,test,partly cloudy,dawn/dusk,highway
1e66a702-17a35257,1e66a702-17a35257.jpg,images/100k/train/1e66a702-17a35257.jpg,train,test,clear,night,city street
1e9e8d92-69576065,1e9e8d92-69576065.jpg,images/100k/train/1e9e8d92-69576065.jpg,train,test,overcast,daytime,highway
1eb002c1-5ee7d811,1eb002c1-5ee7d811.jpg,images/100k/train/1eb002c1-5ee7d811.jpg,train,test,clear,night,residential
1eb845ee-fcf63348,1eb845ee-fcf63348.jpg,images/100k/train/1eb845ee-fcf63348.jpg,train,test,clear,daytime,highway
1ed41cf2-1d23d84c,1ed41cf2-1d23d84c.jpg,images/100k/train/1ed41cf2-1d23d84c.jpg,train,test,undefined,daytime,city street
1f0e066a-ae1ce577,1f0e066a-ae1ce577.jpg,images/100k/train/1f0e066a-ae1ce577.jpg,train,test,clear,night,city street
1f291593-0fcd05de,1f291593-0fcd05de.jpg,images/100k/train/1f291593-0fcd05de.jpg,train,test,undefined,dawn/dusk,city street
1f607426-7ac55163,1f607426-7ac55163.jpg,images/100k/train/1f607426-7ac55163.jpg,train,test,undefined,daytime,city street
1f697490-c4a2e9b5,1f697490-c4a2e9b5.jpg,images/100k/train/1f697490-c4a2e9b5.jpg,train,test,clear,daytime,highway
1fa423df-5ae1a164,1fa423df-5ae1a164.jpg,images/100k/train/1fa423df-5ae1a164.jpg,train,test,overcast,daytime,residential
2078fbf2-6ca15a47,2078fbf2-6ca15a47.jpg,images/100k/train/2078fbf2-6ca15a47.jpg,train,test,clear,daytime,residential
212b39e1-dec5ebae,212b39e1-dec5ebae.jpg,images/100k/train/212b39e1-dec5ebae.jpg,train,test,overcast,daytime,highway
2224c461-351255b4,2224c461-351255b4.jpg,images/100k/train/2224c461-351255b4.jpg,train,test,clear,daytime,city street
227c4a9a-4be0048f,227c4a9a-4be0048f.jpg,images/100k/train/227c4a9a-4be0048f.jpg,train,test,clear,daytime,city street
22e0e1fe-fe984d67,22e0e1fe-fe984d67.jpg,images/100k/train/22e0e1fe-fe984d67.jpg,train,test,clear,daytime,highway
23705138-c5404f92,23705138-c5404f92.jpg,images/100k/train/23705138-c5404f92.jpg,train,test,clear,night,highway
237a703d-8cbcaee2,237a703d-8cbcaee2.jpg,images/100k/train/237a703d-8cbcaee2.jpg,train,test,clear,night,highway
239471e5-880fc6e8,239471e5-880fc6e8.jpg,images/100k/train/239471e5-880fc6e8.jpg,train,test,clear,night,city street
239586df-f66e1336,239586df-f66e1336.jpg,images/100k/train/239586df-f66e1336.jpg,train,test,snowy,night,residential
2474cb06-0b51544a,2474cb06-0b51544a.jpg,images/100k/train/2474cb06-0b51544a.jpg,train,test,overcast,daytime,highway
24894c5f-0e00edc5,24894c5f-0e00edc5.jpg,images/100k/train/24894c5f-0e00edc5.jpg,train,test,partly cloudy,daytime,highway
258cd6bd-0b97ce01,258cd6bd-0b97ce01.jpg,images/100k/train/258cd6bd-0b97ce01.jpg,train,test,snowy,daytime,city street
25c00e6f-78d3830d,25c00e6f-78d3830d.jpg,images/100k/train/25c00e6f-78d3830d.jpg,train,test,undefined,night,city street
25e9af6c-55d50b8a,25e9af6c-55d50b8a.jpg,images/100k/train/25e9af6c-55d50b8a.jpg,train,test,clear,night,highway
2614595d-113a1c6f,2614595d-113a1c6f.jpg,images/100k/train/2614595d-113a1c6f.jpg,train,test,clear,daytime,highway
2677613c-d758da07,2677613c-d758da07.jpg,images/100k/train/2677613c-d758da07.jpg,train,test,snowy,night,residential
26bf80eb-054d18f8,26bf80eb-054d18f8.jpg,images/100k/train/26bf80eb-054d18f8.jpg,train,test,clear,daytime,residential
26f7f4d6-1d504d53,26f7f4d6-1d504d53.jpg,images/100k/train/26f7f4d6-1d504d53.jpg,train,test,overcast,daytime,highway
275d28b7-aaa2da08,275d28b7-aaa2da08.jpg,images/100k/train/275d28b7-aaa2da08.jpg,train,test,clear,night,highway
275d28b7-ec009107,275d28b7-ec009107.jpg,images/100k/train/275d28b7-ec009107.jpg,train,test,clear,night,highway
288874ba-568faa6f,288874ba-568faa6f.jpg,images/100k/train/288874ba-568faa6f.jpg,train,test,clear,daytime,residential
28b592b5-0d1eaf7a,28b592b5-0d1eaf7a.jpg,images/100k/train/28b592b5-0d1eaf7a.jpg,train,test,clear,night,city street
28e362ca-584a0297,28e362ca-584a0297.jpg,images/100k/train/28e362ca-584a0297.jpg,train,test,clear,night,highway
291dee4f-174061da,291dee4f-174061da.jpg,images/100k/train/291dee4f-174061da.jpg,train,test,undefined,daytime,city street
293b7fd8-2858cf43,293b7fd8-2858cf43.jpg,images/100k/train/293b7fd8-2858cf43.jpg,train,test,clear,night,city street
293c3c1b-f510bb85,293c3c1b-f510bb85.jpg,images/100k/train/293c3c1b-f510bb85.jpg,train,test,clear,night,city street
29525520-571f6daf,29525520-571f6daf.jpg,images/100k/train/29525520-571f6daf.jpg,train,test,clear,daytime,city street
29693b17-cdabbe58,29693b17-cdabbe58.jpg,images/100k/train/29693b17-cdabbe58.jpg,train,test,overcast,dawn/dusk,city street
2971dc56-ade64c2a,2971dc56-ade64c2a.jpg,images/100k/train/2971dc56-ade64c2a.jpg,train,test,clear,night,city street
29885f13-5714e68b,29885f13-5714e68b.jpg,images/100k/train/29885f13-5714e68b.jpg,train,test,clear,night,city street
29e5e1f5-8798f504,29e5e1f5-8798f504.jpg,images/100k/train/29e5e1f5-8798f504.jpg,train,test,clear,daytime,city street
2a7a4866-5635051f,2a7a4866-5635051f.jpg,images/100k/train/2a7a4866-5635051f.jpg,train,test,undefined,daytime,city street
2ade998c-e4b648f6,2ade998c-e4b648f6.jpg,images/100k/train/2ade998c-e4b648f6.jpg,train,test,snowy,night,city street
2b05ceba-0dd153b0,2b05ceba-0dd153b0.jpg,images/100k/train/2b05ceba-0dd153b0.jpg,train,test,undefined,daytime,city street
2b496b80-6bb3a2ea,2b496b80-6bb3a2ea.jpg,images/100k/train/2b496b80-6bb3a2ea.jpg,train,test,overcast,daytime,city street
2ba7d514-baa88f3a,2ba7d514-baa88f3a.jpg,images/100k/train/2ba7d514-baa88f3a.jpg,train,test,overcast,daytime,city street
2bcc4d7a-3474f6c2,2bcc4d7a-3474f6c2.jpg,images/100k/train/2bcc4d7a-3474f6c2.jpg,train,test,undefined,daytime,city street
2bf57687-c877ae7a,2bf57687-c877ae7a.jpg,images/100k/train/2bf57687-c877ae7a.jpg,train,test,snowy,daytime,highway
2c329697-cb765183,2c329697-cb765183.jpg,images/100k/train/2c329697-cb765183.jpg,train,test,clear,night,highway
2c7def81-67dbf47b,2c7def81-67dbf47b.jpg,images/100k/train/2c7def81-67dbf47b.jpg,train,test,rainy,daytime,residential
2cbcb585-0db307fa,2cbcb585-0db307fa.jpg,images/100k/train/2cbcb585-0db307fa.jpg,train,test,rainy,daytime,city street
2d62c5ed-60a381c9,2d62c5ed-60a381c9.jpg,images/100k/train/2d62c5ed-60a381c9.jpg,train,test,clear,night,city street
2db6f386-71e116f8,2db6f386-71e116f8.jpg,images/100k/train/2db6f386-71e116f8.jpg,train,test,undefined,dawn/dusk,city street
2e10c246-09106efb,2e10c246-09106efb.jpg,images/100k/train/2e10c246-09106efb.jpg,train,test,clear,night,city street
2e1d41b0-cce482a9,2e1d41b0-cce482a9.jpg,images/100k/train/2e1d41b0-cce482a9.jpg,train,test,clear,night,city street
2e23e0e6-dff9c4d4,2e23e0e6-dff9c4d4.jpg,images/100k/train/2e23e0e6-dff9c4d4.jpg,train,test,clear,daytime,highway
2e489f81-fbab5b8e,2e489f81-fbab5b8e.jpg,images/100k/train/2e489f81-fbab5b8e.jpg,train,test,clear,night,city street
2e6327df-81afc205,2e6327df-81afc205.jpg,images/100k/train/2e6327df-81afc205.jpg,train,test,partly cloudy,daytime,city street
2e9d2f92-3934176a,2e9d2f92-3934176a.jpg,images/100k/train/2e9d2f92-3934176a.jpg,train,test,undefined,daytime,highway
2f5cdc98-5bdc544e,2f5cdc98-5bdc544e.jpg,images/100k/train/2f5cdc98-5bdc544e.jpg,train,test,undefined,daytime,city street
2fdc2a22-cff392e2,2fdc2a22-cff392e2.jpg,images/100k/train/2fdc2a22-cff392e2.jpg,train,test,clear,night,city street
2fdcceaa-2a4fe380,2fdcceaa-2a4fe380.jpg,images/100k/train/2fdcceaa-2a4fe380.jpg,train,test,undefined,daytime,residential
304bbbfa-2696d0e2,304bbbfa-2696d0e2.jpg,images/100k/train/304bbbfa-2696d0e2.jpg,train,test,partly cloudy,daytime,city street
30744bd9-ac320fe4,30744bd9-ac320fe4.jpg,images/100k/train/30744bd9-ac320fe4.jpg,train,test,snowy,daytime,highway
30be4575-69161fa6,30be4575-69161fa6.jpg,images/100k/train/30be4575-69161fa6.jpg,train,test,rainy,dawn/dusk,highway
316dcb72-1319dd74,316dcb72-1319dd74.jpg,images/100k/train/316dcb72-1319dd74.jpg,train,test,clear,daytime,highway
319e215a-3674422e,319e215a-3674422e.jpg,images/100k/train/319e215a-3674422e.jpg,train,test,clear,dawn/dusk,highway
31bb208d-4e7c0439,31bb208d-4e7c0439.jpg,images/100k/train/31bb208d-4e7c0439.jpg,train,test,snowy,night,city street
31fbd037-d38ec5e3,31fbd037-d38ec5e3.jpg,images/100k/train/31fbd037-d38ec5e3.jpg,train,test,rainy,night,city street
3269c273-e6a57bbc,3269c273-e6a57bbc.jpg,images/100k/train/3269c273-e6a57bbc.jpg,train,test,clear,dawn/dusk,residential
32bd6309-c4964c13,32bd6309-c4964c13.jpg,images/100k/train/32bd6309-c4964c13.jpg,train,test,snowy,night,city street
32f69834-539d331d,32f69834-539d331d.jpg,images/100k/train/32f69834-539d331d.jpg,train,test,clear,night,residential
332351b2-c8f2b7a5,332351b2-c8f2b7a5.jpg,images/100k/train/332351b2-c8f2b7a5.jpg,train,test,clear,night,city street
33a093ec-1e240f9f,33a093ec-1e240f9f.jpg,images/100k/train/33a093ec-1e240f9f.jpg,train,test,undefined,daytime,highway
33ac7be1-656dfb40,33ac7be1-656dfb40.jpg,images/100k/train/33ac7be1-656dfb40.jpg,train,test,clear,daytime,residential
33b6d6e1-282e6aec,33b6d6e1-282e6aec.jpg,images/100k/train/33b6d6e1-282e6aec.jpg,train,test,overcast,daytime,highway
33c2731c-5fbdfcb0,33c2731c-5fbdfcb0.jpg,images/100k/train/33c2731c-5fbdfcb0.jpg,train,test,rainy,night,highway
342a178e-bf68c823,342a178e-bf68c823.jpg,images/100k/train/342a178e-bf68c823.jpg,train,test,clear,daytime,residential
35250199-0167aaa1,35250199-0167aaa1.jpg,images/100k/train/35250199-0167aaa1.jpg,train,test,overcast,daytime,highway
35c30051-d335cd8d,35c30051-d335cd8d.jpg,images/100k/train/35c30051-d335cd8d.jpg,train,test,undefined,dawn/dusk,highway
360ff2bd-874a9a88,360ff2bd-874a9a88.jpg,images/100k/train/360ff2bd-874a9a88.jpg,train,test,undefined,daytime,city street
36aa36f6-c1d28602,36aa36f6-c1d28602.jpg,images/100k/train/36aa36f6-c1d28602.jpg,train,test,snowy,daytime,residential
36cabbe3-11561daf,36cabbe3-11561daf.jpg,images/100k/train/36cabbe3-11561daf.jpg,train,test,snowy,night,city street
373b280f-cc5ad02e,373b280f-cc5ad02e.jpg,images/100k/train/373b280f-cc5ad02e.jpg,train,test,clear,night,city street
38856657-00f8d4e3,38856657-00f8d4e3.jpg,images/100k/train/38856657-00f8d4e3.jpg,train,test,partly cloudy,daytime,city street
39215350-f5cbb441,39215350-f5cbb441.jpg,images/100k/train/39215350-f5cbb441.jpg,train,test,rainy,night,highway
399948c9-7250751c,399948c9-7250751c.jpg,images/100k/train/399948c9-7250751c.jpg,train,test,clear,dawn/dusk,highway
3a458308-36599b2e,3a458308-36599b2e.jpg,images/100k/train/3a458308-36599b2e.jpg,train,test,overcast,daytime,city street
3a549572-4d149fd8,3a549572-4d149fd8.jpg,images/100k/train/3a549572-4d149fd8.jpg,train,test,clear,night,city street
3ac706e9-a562f5a8,3ac706e9-a562f5a8.jpg,images/100k/train/3ac706e9-a562f5a8.jpg,train,test,clear,night,city street
3b232e0e-c0ed45bf,3b232e0e-c0ed45bf.jpg,images/100k/train/3b232e0e-c0ed45bf.jpg,train,test,snowy,daytime,city street
3b35fed6-cbf1590b,3b35fed6-cbf1590b.jpg,images/100k/train/3b35fed6-cbf1590b.jpg,train,test,clear,daytime,residential
3b5190e7-68b8953b,3b5190e7-68b8953b.jpg,images/100k/train/3b5190e7-68b8953b.jpg,train,test,undefined,night,city street
3b563797-b3bc9926,3b563797-b3bc9926.jpg,images/100k/train/3b563797-b3bc9926.jpg,train,test,snowy,night,city street
3bc1a6f1-89593dd0,3bc1a6f1-89593dd0.jpg,images/100k/train/3bc1a6f1-89593dd0.jpg,train,test,partly cloudy,daytime,residential
3c492d12-6c1f9944,3c492d12-6c1f9944.jpg,images/100k/train/3c492d12-6c1f9944.jpg,train,test,clear,night,city street
3c5576f3-00b70e15,3c5576f3-00b70e15.jpg,images/100k/train/3c5576f3-00b70e15.jpg,train,test,snowy,night,city street
3c65d2b4-c14dc263,3c65d2b4-c14dc263.jpg,images/100k/train/3c65d2b4-c14dc263.jpg,train,test,overcast,daytime,residential
3c68d944-1176a0a0,3c68d944-1176a0a0.jpg,images/100k/train/3c68d944-1176a0a0.jpg,train,test,clear,daytime,residential
3c919d92-bef3164e,3c919d92-bef3164e.jpg,images/100k/train/3c919d92-bef3164e.jpg,train,test,clear,night,highway
3cc21132-b2633543,3cc21132-b2633543.jpg,images/100k/train/3cc21132-b2633543.jpg,train,test,clear,night,highway
3cc67739-0a87a12b,3cc67739-0a87a12b.jpg,images/100k/train/3cc67739-0a87a12b.jpg,train,test,rainy,dawn/dusk,city street
3cdd3c22-831fb38c,3cdd3c22-831fb38c.jpg,images/100k/train/3cdd3c22-831fb38c.jpg,train,test,rainy,daytime,city street
3ce8c6f4-a41d4254,3ce8c6f4-a41d4254.jpg,images/100k/train/3ce8c6f4-a41d4254.jpg,train,test,clear,night,city street
3d27e4d0-93648fcb,3d27e4d0-93648fcb.jpg,images/100k/train/3d27e4d0-93648fcb.jpg,train,test,overcast,daytime,residential
3d9010ff-1866b2a4,3d9010ff-1866b2a4.jpg,images/100k/train/3d9010ff-1866b2a4.jpg,train,test,undefined,daytime,residential
3d990215-e8dc599b,3d990215-e8dc599b.jpg,images/100k/train/3d990215-e8dc599b.jpg,train,test,clear,night,highway
3db14e35-58811429,3db14e35-58811429.jpg,images/100k/train/3db14e35-58811429.jpg,train,test,clear,night,residential
3e1a7d8e-53c3c9e2,3e1a7d8e-53c3c9e2.jpg,images/100k/train/3e1a7d8e-53c3c9e2.jpg,train,test,clear,night,city street
3f8fbd38-864fe3fa,3f8fbd38-864fe3fa.jpg,images/100k/train/3f8fbd38-864fe3fa.jpg,train,test,clear,daytime,highway
3f99a570-4306a435,3f99a570-4306a435.jpg,images/100k/train/3f99a570-4306a435.jpg,train,test,clear,night,city street
3fdda304-7cfb4a49,3fdda304-7cfb4a49.jpg,images/100k/train/3fdda304-7cfb4a49.jpg,train,test,clear,daytime,highway
4025360f-4416d623,4025360f-4416d623.jpg,images/100k/train/4025360f-4416d623.jpg,train,test,overcast,daytime,parking lot
40513469-4fd2edbf,40513469-4fd2edbf.jpg,images/100k/train/40513469-4fd2edbf.jpg,train,test,clear,night,city street
40a0c432-c2546316,40a0c432-c2546316.jpg,images/100k/train/40a0c432-c2546316.jpg,train,test,clear,night,residential
40b80d6e-9e44607d,40b80d6e-9e44607d.jpg,images/100k/train/40b80d6e-9e44607d.jpg,train,test,clear,daytime,highway
40d9ef08-d886f107,40d9ef08-d886f107.jpg,images/100k/train/40d9ef08-d886f107.jpg,train,test,clear,night,highway
41d34f95-465a7e49,41d34f95-465a7e49.jpg,images/100k/train/41d34f95-465a7e49.jpg,train,test,undefined,daytime,city street
426f3d6f-86382e49,426f3d6f-86382e49.jpg,images/100k/train/426f3d6f-86382e49.jpg,train,test,undefined,night,highway
42e8451d-28c59004,42e8451d-28c59004.jpg,images/100k/train/42e8451d-28c59004.jpg,train,test,clear,daytime,highway
4371e94b-8e727fb9,4371e94b-8e727fb9.jpg,images/100k/train/4371e94b-8e727fb9.jpg,train,test,undefined,dawn/dusk,city street
439d410b-5b345b96,439d410b-5b345b96.jpg,images/100k/train/439d410b-5b345b96.jpg,train,test,clear,night,city street
43d43f3e-b0d922f3,43d43f3e-b0d922f3.jpg,images/100k/train/43d43f3e-b0d922f3.jpg,train,test,clear,daytime,residential
447d3a9d-485fa72b,447d3a9d-485fa72b.jpg,images/100k/train/447d3a9d-485fa72b.jpg,train,test,clear,night,highway
448adb8f-1999b941,448adb8f-1999b941.jpg,images/100k/train/448adb8f-1999b941.jpg,train,test,clear,daytime,highway
449b0045-15e24700,449b0045-15e24700.jpg,images/100k/train/449b0045-15e24700.jpg,train,test,snowy,night,city street
44a4dc63-d38b5c47,44a4dc63-d38b5c47.jpg,images/100k/train/44a4dc63-d38b5c47.jpg,train,test,clear,night,undefined
44c8ef75-d2a56023,44c8ef75-d2a56023.jpg,images/100k/train/44c8ef75-d2a56023.jpg,train,test,snowy,daytime,city street
4512b414-24498c17,4512b414-24498c17.jpg,images/100k/train/4512b414-24498c17.jpg,train,test,clear,night,city street
45231d99-225de796,45231d99-225de796.jpg,images/100k/train/45231d99-225de796.jpg,train,test,clear,daytime,residential
4524d988-1b92cb06,4524d988-1b92cb06.jpg,images/100k/train/4524d988-1b92cb06.jpg,train,test,clear,dawn/dusk,highway
455fc0f3-d648a626,455fc0f3-d648a626.jpg,images/100k/train/455fc0f3-d648a626.jpg,train,test,rainy,daytime,city street
45739cbe-c610c01c,45739cbe-c610c01c.jpg,images/100k/train/45739cbe-c610c01c.jpg,train,test,overcast,daytime,city street
45a5fbad-6b185f92,45a5fbad-6b185f92.jpg,images/100k/train/45a5fbad-6b185f92.jpg,train,test,clear,night,city street
45cee415-3919c3d5,45cee415-3919c3d5.jpg,images/100k/train/45cee415-3919c3d5.jpg,train,test,clear,night,city street
460ecb41-0befb11f,460ecb41-0befb11f.jpg,images/100k/train/460ecb41-0befb11f.jpg,train,test,undefined,daytime,city street
4625ded5-360e78aa,4625ded5-360e78aa.jpg,images/100k/train/4625ded5-360e78aa.jpg,train,test,undefined,daytime,city street
46fac08d-9cbc622e,46fac08d-9cbc622e.jpg,images/100k/train/46fac08d-9cbc622e.jpg,train,test,clear,night,city street
476e9c48-dd31f782,476e9c48-dd31f782.jpg,images/100k/train/476e9c48-dd31f782.jpg,train,test,snowy,daytime,residential
481e563e-d1cbb985,481e563e-d1cbb985.jpg,images/100k/train/481e563e-d1cbb985.jpg,train,test,clear,night,highway
483c45fd-a049bfe8,483c45fd-a049bfe8.jpg,images/100k/train/483c45fd-a049bfe8.jpg,train,test,clear,daytime,highway
48d71c84-32c8b0bd,48d71c84-32c8b0bd.jpg,images/100k/train/48d71c84-32c8b0bd.jpg,train,test,clear,night,city street
48f50032-36a3a911,48f50032-36a3a911.jpg,images/100k/train/48f50032-36a3a911.jpg,train,test,clear,daytime,city street
490049f7-7d6a141d,490049f7-7d6a141d.jpg,images/100k/train/490049f7-7d6a141d.jpg,train,test,undefined,daytime,city street
4983081f-df1ebdb0,4983081f-df1ebdb0.jpg,images/100k/train/4983081f-df1ebdb0.jpg,train,test,undefined,daytime,highway
49c5ef75-9eb2fb53,49c5ef75-9eb2fb53.jpg,images/100k/train/49c5ef75-9eb2fb53.jpg,train,test,overcast,daytime,city street
49f13b60-05d8505c,49f13b60-05d8505c.jpg,images/100k/train/49f13b60-05d8505c.jpg,train,test,clear,night,city street
4a1ae22d-fc71883d,4a1ae22d-fc71883d.jpg,images/100k/train/4a1ae22d-fc71883d.jpg,train,test,rainy,night,highway
4a5899ac-bb1330dc,4a5899ac-bb1330dc.jpg,images/100k/train/4a5899ac-bb1330dc.jpg,train,test,snowy,daytime,city street
4a5d630a-989e9851,4a5d630a-989e9851.jpg,images/100k/train/4a5d630a-989e9851.jpg,train,test,rainy,night,city street
4a60b6a0-be1f558a,4a60b6a0-be1f558a.jpg,images/100k/train/4a60b6a0-be1f558a.jpg,train,test,clear,night,city street
4a87d5e2-c9a2ac86,4a87d5e2-c9a2ac86.jpg,images/100k/train/4a87d5e2-c9a2ac86.jpg,train,test,clear,daytime,city street
4a98efa1-96b262d3,4a98efa1-96b262d3.jpg,images/100k/train/4a98efa1-96b262d3.jpg,train,test,undefined,night,city street
4a9abb84-b6422e46,4a9abb84-b6422e46.jpg,images/100k/train/4a9abb84-b6422e46.jpg,train,test,clear,night,city street
4aa9c2ac-98eac111,4aa9c2ac-98eac111.jpg,images/100k/train/4aa9c2ac-98eac111.jpg,train,test,snowy,night,city street
4aba6824-2bbe2bfc,4aba6824-2bbe2bfc.jpg,images/100k/train/4aba6824-2bbe2bfc.jpg,train,test,partly cloudy,daytime,city street
4ad5c1d3-4d692133,4ad5c1d3-4d692133.jpg,images/100k/train/4ad5c1d3-4d692133.jpg,train,test,overcast,daytime,highway
4b04ea86-6034f16d,4b04ea86-6034f16d.jpg,images/100k/train/4b04ea86-6034f16d.jpg,train,test,partly cloudy,daytime,highway
4b098ffc-d3e30624,4b098ffc-d3e30624.jpg,images/100k/train/4b098ffc-d3e30624.jpg,train,test,clear,night,city street
4b14093c-eda16686,4b14093c-eda16686.jpg,images/100k/train/4b14093c-eda16686.jpg,train,test,undefined,daytime,city street
4b980fd7-abc2909d,4b980fd7-abc2909d.jpg,images/100k/train/4b980fd7-abc2909d.jpg,train,test,clear,night,highway
4baee3d7-320fba1f,4baee3d7-320fba1f.jpg,images/100k/train/4baee3d7-320fba1f.jpg,train,test,clear,night,city street
4bc988df-9f67f74c,4bc988df-9f67f74c.jpg,images/100k/train/4bc988df-9f67f74c.jpg,train,test,clear,night,city street
4bcb2e9b-2049c95e,4bcb2e9b-2049c95e.jpg,images/100k/train/4bcb2e9b-2049c95e.jpg,train,test,clear,night,city street
4c29e447-f770efc1,4c29e447-f770efc1.jpg,images/100k/train/4c29e447-f770efc1.jpg,train,test,undefined,undefined,parking lot
4e8103eb-06ed21d5,4e8103eb-06ed21d5.jpg,images/100k/train/4e8103eb-06ed21d5.jpg,train,test,clear,night,city street
4ea3e85e-a1a031f6,4ea3e85e-a1a031f6.jpg,images/100k/train/4ea3e85e-a1a031f6.jpg,train,test,undefined,daytime,residential
4f51bcba-00ca2845,4f51bcba-00ca2845.jpg,images/100k/train/4f51bcba-00ca2845.jpg,train,test,clear,night,highway
4f5bceb1-0fd78522,4f5bceb1-0fd78522.jpg,images/100k/train/4f5bceb1-0fd78522.jpg,train,test,clear,night,city street
4fdb7b4c-27538ef9,4fdb7b4c-27538ef9.jpg,images/100k/train/4fdb7b4c-27538ef9.jpg,train,test,partly cloudy,daytime,city street
50033295-3e9aaad4,50033295-3e9aaad4.jpg,images/100k/train/50033295-3e9aaad4.jpg,train,test,undefined,daytime,city street
500f3e75-f4ce1e9a,500f3e75-f4ce1e9a.jpg,images/100k/train/500f3e75-f4ce1e9a.jpg,train,test,clear,night,city street
50233983-59bbf3f6,50233983-59bbf3f6.jpg,images/100k/train/50233983-59bbf3f6.jpg,train,test,clear,dawn/dusk,city street
5050a2ca-f886f4a3,5050a2ca-f886f4a3.jpg,images/100k/train/5050a2ca-f886f4a3.jpg,train,test,clear,night,city street
506748cf-24768a46,506748cf-24768a46.jpg,images/100k/train/506748cf-24768a46.jpg,train,test,partly cloudy,daytime,city street
50d6d219-58bf6bbf,50d6d219-58bf6bbf.jpg,images/100k/train/50d6d219-58bf6bbf.jpg,train,test,rainy,daytime,residential
50dac904-04986081,50dac904-04986081.jpg,images/100k/train/50dac904-04986081.jpg,train,test,clear,daytime,city street
50e18e8b-633e4bb2,50e18e8b-633e4bb2.jpg,images/100k/train/50e18e8b-633e4bb2.jpg,train,test,overcast,daytime,city street
5184dabf-bf972052,5184dabf-bf972052.jpg,images/100k/train/5184dabf-bf972052.jpg,train,test,clear,night,highway
51c25046-019b6946,51c25046-019b6946.jpg,images/100k/train/51c25046-019b6946.jpg,train,test,clear,daytime,highway
51d9c10b-455e3923,51d9c10b-455e3923.jpg,images/100k/train/51d9c10b-455e3923.jpg,train,test,clear,night,residential
5220a19e-f826da92,5220a19e-f826da92.jpg,images/100k/train/5220a19e-f826da92.jpg,train,test,clear,night,city street
524462f3-50496997,524462f3-50496997.jpg,images/100k/train/524462f3-50496997.jpg,train,test,clear,night,highway
52457b6d-451c75be,52457b6d-451c75be.jpg,images/100k/train/52457b6d-451c75be.jpg,train,test,clear,daytime,city street
529762d9-240c2be2,529762d9-240c2be2.jpg,images/100k/train/529762d9-240c2be2.jpg,train,test,clear,daytime,city street
529762d9-5882fbe5,529762d9-5882fbe5.jpg,images/100k/train/529762d9-5882fbe5.jpg,train,test,clear,daytime,city street
52cf4baf-861c439a,52cf4baf-861c439a.jpg,images/100k/train/52cf4baf-861c439a.jpg,train,test,partly cloudy,daytime,highway
52ddd3f7-8eff9dbd,52ddd3f7-8eff9dbd.jpg,images/100k/train/52ddd3f7-8eff9dbd.jpg,train,test,clear,night,city street
52ee23b0-a5e1cdbf,52ee23b0-a5e1cdbf.jpg,images/100k/train/52ee23b0-a5e1cdbf.jpg,train,test,clear,daytime,highway
53129cc8-8c613fd1,53129cc8-8c613fd1.jpg,images/100k/train/53129cc8-8c613fd1.jpg,train,test,overcast,daytime,city street
53342c27-00d5c1de,53342c27-00d5c1de.jpg,images/100k/train/53342c27-00d5c1de.jpg,train,test,clear,daytime,city street
5334874c-1d3ddecd,5334874c-1d3ddecd.jpg,images/100k/train/5334874c-1d3ddecd.jpg,train,test,clear,daytime,city street
53bae2ea-b7da1e55,53bae2ea-b7da1e55.jpg,images/100k/train/53bae2ea-b7da1e55.jpg,train,test,clear,dawn/dusk,city street
541e537b-91d6c65d,541e537b-91d6c65d.jpg,images/100k/train/541e537b-91d6c65d.jpg,train,test,undefined,daytime,city street
5441041a-8f6afb64,5441041a-8f6afb64.jpg,images/100k/train/5441041a-8f6afb64.jpg,train,test,clear,daytime,residential
5464c3f5-aa809bb1,5464c3f5-aa809bb1.jpg,images/100k/train/5464c3f5-aa809bb1.jpg,train,test,clear,night,highway
550e8c02-c048ceab,550e8c02-c048ceab.jpg,images/100k/train/550e8c02-c048ceab.jpg,train,test,snowy,dawn/dusk,residential
55969851-36429d8c,55969851-36429d8c.jpg,images/100k/train/55969851-36429d8c.jpg,train,test,clear,night,highway
55b28298-41f8be0f,55b28298-41f8be0f.jpg,images/100k/train/55b28298-41f8be0f.jpg,train,test,clear,daytime,residential
56316893-9de6c6a0,56316893-9de6c6a0.jpg,images/100k/train/56316893-9de6c6a0.jpg,train,test,clear,night,city street
566b4cba-07f09cc3,566b4cba-07f09cc3.jpg,images/100k/train/566b4cba-07f09cc3.jpg,train,test,snowy,night,city street
56c5ee12-ff85ee56,56c5ee12-ff85ee56.jpg,images/100k/train/56c5ee12-ff85ee56.jpg,train,test,clear,night,city street
57181d97-162d4691,57181d97-162d4691.jpg,images/100k/train/57181d97-162d4691.jpg,train,test,snowy,night,city street
573e7bdc-b683a2d7,573e7bdc-b683a2d7.jpg,images/100k/train/573e7bdc-b683a2d7.jpg,train,test,rainy,daytime,highway
57804a44-e93e6451,57804a44-e93e6451.jpg,images/100k/train/57804a44-e93e6451.jpg,train,test,clear,night,highway
57c03e6b-43b4a2db,57c03e6b-43b4a2db.jpg,images/100k/train/57c03e6b-43b4a2db.jpg,train,test,snowy,night,city street
57c03e6b-6270e95a,57c03e6b-6270e95a.jpg,images/100k/train/57c03e6b-6270e95a.jpg,train,test,snowy,night,city street
586a5c1f-3e8b7765,586a5c1f-3e8b7765.jpg,images/100k/train/586a5c1f-3e8b7765.jpg,train,test,partly cloudy,daytime,city street
58daa31a-a6cdad5e,58daa31a-a6cdad5e.jpg,images/100k/train/58daa31a-a6cdad5e.jpg,train,test,partly cloudy,daytime,city street
58f34298-b7d4b834,58f34298-b7d4b834.jpg,images/100k/train/58f34298-b7d4b834.jpg,train,test,undefined,daytime,city street
59a44a96-4b9a41d8,59a44a96-4b9a41d8.jpg,images/100k/train/59a44a96-4b9a41d8.jpg,train,test,clear,night,city street
59ab9afe-29228f06,59ab9afe-29228f06.jpg,images/100k/train/59ab9afe-29228f06.jpg,train,test,partly cloudy,daytime,city street
59cde7c7-344bffb1,59cde7c7-344bffb1.jpg,images/100k/train/59cde7c7-344bffb1.jpg,train,test,clear,daytime,highway
59e0b7c7-e39204d2,59e0b7c7-e39204d2.jpg,images/100k/train/59e0b7c7-e39204d2.jpg,train,test,clear,daytime,city street
5a779fdd-1bc037b5,5a779fdd-1bc037b5.jpg,images/100k/train/5a779fdd-1bc037b5.jpg,train,test,overcast,daytime,city street
5af9da26-3a5172e9,5af9da26-3a5172e9.jpg,images/100k/train/5af9da26-3a5172e9.jpg,train,test,clear,night,city street
5afc9a88-8308e23a,5afc9a88-8308e23a.jpg,images/100k/train/5afc9a88-8308e23a.jpg,train,test,clear,daytime,city street
5bad77f9-d700d248,5bad77f9-d700d248.jpg,images/100k/train/5bad77f9-d700d248.jpg,train,test,clear,daytime,highway
5c2332d3-3a07bc81,5c2332d3-3a07bc81.jpg,images/100k/train/5c2332d3-3a07bc81.jpg,train,test,overcast,daytime,city street
5c343d8a-dc1e0d57,5c343d8a-dc1e0d57.jpg,images/100k/train/5c343d8a-dc1e0d57.jpg,train,test,partly cloudy,daytime,city street
5d7d27f1-ccd8413a,5d7d27f1-ccd8413a.jpg,images/100k/train/5d7d27f1-ccd8413a.jpg,train,test,clear,daytime,highway
5dbaee15-42b41cab,5dbaee15-42b41cab.jpg,images/100k/train/5dbaee15-42b41cab.jpg,train,test,clear,daytime,highway
5de4c788-84dbc745,5de4c788-84dbc745.jpg,images/100k/train/5de4c788-84dbc745.jpg,train,test,snowy,daytime,residential
5df824d9-4ab26a6b,5df824d9-4ab26a6b.jpg,images/100k/train/5df824d9-4ab26a6b.jpg,train,test,clear,night,city street
5e09670a-cccc1b02,5e09670a-cccc1b02.jpg,images/100k/train/5e09670a-cccc1b02.jpg,train,test,clear,night,city street
5e2cd421-c02193dd,5e2cd421-c02193dd.jpg,images/100k/train/5e2cd421-c02193dd.jpg,train,test,clear,night,highway
5e2e9f89-cd9650ba,5e2e9f89-cd9650ba.jpg,images/100k/train/5e2e9f89-cd9650ba.jpg,train,test,overcast,daytime,city street
5e3c7e2b-48198de1,5e3c7e2b-48198de1.jpg,images/100k/train/5e3c7e2b-48198de1.jpg,train,test,clear,daytime,city street
5e54981d-749ddbcf,5e54981d-749ddbcf.jpg,images/100k/train/5e54981d-749ddbcf.jpg,train,test,clear,night,city street
5ea96a8f-731d7da0,5ea96a8f-731d7da0.jpg,images/100k/train/5ea96a8f-731d7da0.jpg,train,test,rainy,daytime,highway
5ef51f3e-784dd3f0,5ef51f3e-784dd3f0.jpg,images/100k/train/5ef51f3e-784dd3f0.jpg,train,test,snowy,daytime,city street
5f1abc8f-aa0dbb02,5f1abc8f-aa0dbb02.jpg,images/100k/train/5f1abc8f-aa0dbb02.jpg,train,test,snowy,daytime,city street
5fc9a313-0ccdbaff,5fc9a313-0ccdbaff.jpg,images/100k/train/5fc9a313-0ccdbaff.jpg,train,test,undefined,night,undefined
5fffa904-7f0b85e5,5fffa904-7f0b85e5.jpg,images/100k/train/5fffa904-7f0b85e5.jpg,train,test,overcast,daytime,city street
6009c1ea-ad54783c,6009c1ea-ad54783c.jpg,images/100k/train/6009c1ea-ad54783c.jpg,train,test,clear,night,highway
60567bc8-bd0f94bf,60567bc8-bd0f94bf.jpg,images/100k/train/60567bc8-bd0f94bf.jpg,train,test,partly cloudy,daytime,city street
60650f9a-fc3ae2b4,60650f9a-fc3ae2b4.jpg,images/100k/train/60650f9a-fc3ae2b4.jpg,train,test,clear,night,highway
606f7907-21b0e3ed,606f7907-21b0e3ed.jpg,images/100k/train/606f7907-21b0e3ed.jpg,train,test,clear,night,parking lot
609d9e62-2a51f401,609d9e62-2a51f401.jpg,images/100k/train/609d9e62-2a51f401.jpg,train,test,partly cloudy,daytime,highway
61fe889c-c60a8d85,61fe889c-c60a8d85.jpg,images/100k/train/61fe889c-c60a8d85.jpg,train,test,partly cloudy,daytime,city street
62313099-f2327bd2,62313099-f2327bd2.jpg,images/100k/train/62313099-f2327bd2.jpg,train,test,clear,night,highway
6240d7b3-7f713860,6240d7b3-7f713860.jpg,images/100k/train/6240d7b3-7f713860.jpg,train,test,clear,daytime,city street
6293d2da-89613725,6293d2da-89613725.jpg,images/100k/train/6293d2da-89613725.jpg,train,test,undefined,daytime,highway
62be8ea4-56e6269f,62be8ea4-56e6269f.jpg,images/100k/train/62be8ea4-56e6269f.jpg,train,test,undefined,daytime,highway
62ce1fd4-b3fe966e,62ce1fd4-b3fe966e.jpg,images/100k/train/62ce1fd4-b3fe966e.jpg,train,test,rainy,daytime,highway
63034307-d2aa2082,63034307-d2aa2082.jpg,images/100k/train/63034307-d2aa2082.jpg,train,test,clear,daytime,residential
6309fc16-b2c13816,6309fc16-b2c13816.jpg,images/100k/train/6309fc16-b2c13816.jpg,train,test,overcast,daytime,city street
6398e28d-f590e038,6398e28d-f590e038.jpg,images/100k/train/6398e28d-f590e038.jpg,train,test,partly cloudy,daytime,highway
63a80825-dcfd9ff5,63a80825-dcfd9ff5.jpg,images/100k/train/63a80825-dcfd9ff5.jpg,train,test,rainy,night,city street
640cc0e5-6770ce16,640cc0e5-6770ce16.jpg,images/100k/train/640cc0e5-6770ce16.jpg,train,test,clear,night,highway
64b639c7-13103b56,64b639c7-13103b56.jpg,images/100k/train/64b639c7-13103b56.jpg,train,test,snowy,daytime,city street
64f87292-47249488,64f87292-47249488.jpg,images/100k/train/64f87292-47249488.jpg,train,test,clear,daytime,city street
64fd06b1-16d61a1a,64fd06b1-16d61a1a.jpg,images/100k/train/64fd06b1-16d61a1a.jpg,train,test,clear,night,city street
653bc721-bb5331fb,653bc721-bb5331fb.jpg,images/100k/train/653bc721-bb5331fb.jpg,train,test,clear,night,city street
653d24ae-63e6adac,653d24ae-63e6adac.jpg,images/100k/train/653d24ae-63e6adac.jpg,train,test,undefined,daytime,city street
654f7e7e-e43ece5c,654f7e7e-e43ece5c.jpg,images/100k/train/654f7e7e-e43ece5c.jpg,train,test,clear,night,highway
659b63e2-62534b3d,659b63e2-62534b3d.jpg,images/100k/train/659b63e2-62534b3d.jpg,train,test,overcast,daytime,city street
65a4fce5-0ebd634c,65a4fce5-0ebd634c.jpg,images/100k/train/65a4fce5-0ebd634c.jpg,train,test,clear,night,city street
65aa67f2-0b197a69,65aa67f2-0b197a69.jpg,images/100k/train/65aa67f2-0b197a69.jpg,train,test,clear,night,city street
65acee46-963b7bb9,65acee46-963b7bb9.jpg,images/100k/train/65acee46-963b7bb9.jpg,train,test,clear,daytime,highway
6646a57f-5db554ac,6646a57f-5db554ac.jpg,images/100k/train/6646a57f-5db554ac.jpg,train,test,overcast,daytime,city street
66bac361-0b56ac86,66bac361-0b56ac86.jpg,images/100k/train/66bac361-0b56ac86.jpg,train,test,undefined,daytime,city street
66effbb9-23cc2e4b,66effbb9-23cc2e4b.jpg,images/100k/train/66effbb9-23cc2e4b.jpg,train,test,undefined,daytime,undefined
67c3676f-b56c987c,67c3676f-b56c987c.jpg,images/100k/train/67c3676f-b56c987c.jpg,train,test,clear,night,city street
67d452f9-ddce05b2,67d452f9-ddce05b2.jpg,images/100k/train/67d452f9-ddce05b2.jpg,train,test,clear,night,undefined
6814dd32-3f5661ff,6814dd32-3f5661ff.jpg,images/100k/train/6814dd32-3f5661ff.jpg,train,test,undefined,daytime,residential
68590778-6a61cf95,68590778-6a61cf95.jpg,images/100k/train/68590778-6a61cf95.jpg,train,test,undefined,daytime,city street
68df04ae-6ddd814b,68df04ae-6ddd814b.jpg,images/100k/train/68df04ae-6ddd814b.jpg,train,test,undefined,daytime,city street
68efd91b-96b00950,68efd91b-96b00950.jpg,images/100k/train/68efd91b-96b00950.jpg,train,test,clear,daytime,city street
6967d5e0-1a3b955e,6967d5e0-1a3b955e.jpg,images/100k/train/6967d5e0-1a3b955e.jpg,train,test,overcast,daytime,city street
696d064c-ea173444,696d064c-ea173444.jpg,images/100k/train/696d064c-ea173444.jpg,train,test,clear,night,residential
6989e82b-b2879a37,6989e82b-b2879a37.jpg,images/100k/train/6989e82b-b2879a37.jpg,train,test,rainy,daytime,city street
69a931ba-ccd68016,69a931ba-ccd68016.jpg,images/100k/train/69a931ba-ccd68016.jpg,train,test,rainy,night,city street
6a1f0b22-1c9b8827,6a1f0b22-1c9b8827.jpg,images/100k/train/6a1f0b22-1c9b8827.jpg,train,test,clear,night,city street
6a6a13e1-b2793fba,6a6a13e1-b2793fba.jpg,images/100k/train/6a6a13e1-b2793fba.jpg,train,test,clear,daytime,residential
6a84c3b9-8939eb2a,6a84c3b9-8939eb2a.jpg,images/100k/train/6a84c3b9-8939eb2a.jpg,train,test,snowy,daytime,city street
6a8cbdd4-c470042e,6a8cbdd4-c470042e.jpg,images/100k/train/6a8cbdd4-c470042e.jpg,train,test,clear,night,city street
6b39f11d-b99fda83,6b39f11d-b99fda83.jpg,images/100k/train/6b39f11d-b99fda83.jpg,train,test,undefined,daytime,city street
6b7db5c0-6dc2bb78,6b7db5c0-6dc2bb78.jpg,images/100k/train/6b7db5c0-6dc2bb78.jpg,train,test,rainy,daytime,city street
6c61662b-14d57fe7,6c61662b-14d57fe7.jpg,images/100k/train/6c61662b-14d57fe7.jpg,train,test,rainy,night,city street
6c900194-91e133d2,6c900194-91e133d2.jpg,images/100k/train/6c900194-91e133d2.jpg,train,test,clear,night,city street
6d19db4a-3a0f358f,6d19db4a-3a0f358f.jpg,images/100k/train/6d19db4a-3a0f358f.jpg,train,test,clear,night,residential
6d3eab65-1a1f9a3b,6d3eab65-1a1f9a3b.jpg,images/100k/train/6d3eab65-1a1f9a3b.jpg,train,test,snowy,daytime,residential
6d4e70e6-40eb737c,6d4e70e6-40eb737c.jpg,images/100k/train/6d4e70e6-40eb737c.jpg,train,test,overcast,dawn/dusk,city street
6d6b45d5-295920d6,6d6b45d5-295920d6.jpg,images/100k/train/6d6b45d5-295920d6.jpg,train,test,clear,night,city street
6d945b7c-15fdfefd,6d945b7c-15fdfefd.jpg,images/100k/train/6d945b7c-15fdfefd.jpg,train,test,overcast,daytime,city street
6db1f612-7b5b9a78,6db1f612-7b5b9a78.jpg,images/100k/train/6db1f612-7b5b9a78.jpg,train,test,clear,night,city street
6dc3a9cc-5192e964,6dc3a9cc-5192e964.jpg,images/100k/train/6dc3a9cc-5192e964.jpg,train,test,undefined,daytime,city street
6df0259a-8a1bf4f1,6df0259a-8a1bf4f1.jpg,images/100k/train/6df0259a-8a1bf4f1.jpg,train,test,clear,daytime,city street
6e01ffdb-7e2a0e2f,6e01ffdb-7e2a0e2f.jpg,images/100k/train/6e01ffdb-7e2a0e2f.jpg,train,test,clear,daytime,city street
6eccd771-a036ac07,6eccd771-a036ac07.jpg,images/100k/train/6eccd771-a036ac07.jpg,train,test,clear,night,city street
6ee87837-f2a9fa02,6ee87837-f2a9fa02.jpg,images/100k/train/6ee87837-f2a9fa02.jpg,train,test,overcast,daytime,city street
6ef74617-f9517f1c,6ef74617-f9517f1c.jpg,images/100k/train/6ef74617-f9517f1c.jpg,train,test,clear,night,city street
6f38dfea-8f73d120,6f38dfea-8f73d120.jpg,images/100k/train/6f38dfea-8f73d120.jpg,train,test,partly cloudy,daytime,residential
6f3c6ee0-3e602c0a,6f3c6ee0-3e602c0a.jpg,images/100k/train/6f3c6ee0-3e602c0a.jpg,train,test,clear,night,residential
6fe10940-8db4f382,6fe10940-8db4f382.jpg,images/100k/train/6fe10940-8db4f382.jpg,train,test,undefined,daytime,residential
6fe42f22-e1c417b4,6fe42f22-e1c417b4.jpg,images/100k/train/6fe42f22-e1c417b4.jpg,train,test,overcast,daytime,highway
6fe7d6af-2867621a,6fe7d6af-2867621a.jpg,images/100k/train/6fe7d6af-2867621a.jpg,train,test,clear,night,highway
705efb08-945dc2f2,705efb08-945dc2f2.jpg,images/100k/train/705efb08-945dc2f2.jpg,train,test,overcast,daytime,city street
706c53b3-252ccf2c,706c53b3-252ccf2c.jpg,images/100k/train/706c53b3-252ccf2c.jpg,train,test,overcast,daytime,residential
707dd947-f59a8dbc,707dd947-f59a8dbc.jpg,images/100k/train/707dd947-f59a8dbc.jpg,train,test,clear,daytime,city street
7101352b-4c20a15a,7101352b-4c20a15a.jpg,images/100k/train/7101352b-4c20a15a.jpg,train,test,partly cloudy,daytime,highway
71944aee-4dd9af0c,71944aee-4dd9af0c.jpg,images/100k/train/71944aee-4dd9af0c.jpg,train,test,clear,daytime,highway
71a20487-026a0d91,71a20487-026a0d91.jpg,images/100k/train/71a20487-026a0d91.jpg,train,test,clear,daytime,city street
71a9af7a-e28e9d79,71a9af7a-e28e9d79.jpg,images/100k/train/71a9af7a-e28e9d79.jpg,train,test,clear,night,highway
7221d197-19bff23a,7221d197-19bff23a.jpg,images/100k/train/7221d197-19bff23a.jpg,train,test,clear,night,city street
72364b1c-a81b74bf,72364b1c-a81b74bf.jpg,images/100k/train/72364b1c-a81b74bf.jpg,train,test,clear,night,city street
733f3ba7-6566aa3a,733f3ba7-6566aa3a.jpg,images/100k/train/733f3ba7-6566aa3a.jpg,train,test,clear,daytime,highway
7356ed03-acb309c0,7356ed03-acb309c0.jpg,images/100k/train/7356ed03-acb309c0.jpg,train,test,rainy,night,highway
7397d5db-2b1cbc92,7397d5db-2b1cbc92.jpg,images/100k/train/7397d5db-2b1cbc92.jpg,train,test,clear,night,city street
73bbb6d7-7a646c90,73bbb6d7-7a646c90.jpg,images/100k/train/73bbb6d7-7a646c90.jpg,train,test,snowy,dawn/dusk,city street
73ede6fa-1534ebc3,73ede6fa-1534ebc3.jpg,images/100k/train/73ede6fa-1534ebc3.jpg,train,test,clear,daytime,city street
73edfa46-0c76f407,73edfa46-0c76f407.jpg,images/100k/train/73edfa46-0c76f407.jpg,train,test,clear,daytime,city street
740b4446-c5def593,740b4446-c5def593.jpg,images/100k/train/740b4446-c5def593.jpg,train,test,undefined,daytime,city street
74225f2a-ddef5edb,74225f2a-ddef5edb.jpg,images/100k/train/74225f2a-ddef5edb.jpg,train,test,clear,daytime,city street
74289d3e-54475a49,74289d3e-54475a49.jpg,images/100k/train/74289d3e-54475a49.jpg,train,test,overcast,daytime,highway
744367a7-7235b8e0,744367a7-7235b8e0.jpg,images/100k/train/744367a7-7235b8e0.jpg,train,test,undefined,daytime,city street
74541c79-9173aa70,74541c79-9173aa70.jpg,images/100k/train/74541c79-9173aa70.jpg,train,test,clear,night,city street
74787120-f57d6bbc,74787120-f57d6bbc.jpg,images/100k/train/74787120-f57d6bbc.jpg,train,test,clear,night,city street
747d8591-b7246596,747d8591-b7246596.jpg,images/100k/train/747d8591-b7246596.jpg,train,test,overcast,dawn/dusk,city street
74babf01-a2eaacc0,74babf01-a2eaacc0.jpg,images/100k/train/74babf01-a2eaacc0.jpg,train,test,partly cloudy,daytime,city street
752bc1e1-442a5f1d,752bc1e1-442a5f1d.jpg,images/100k/train/752bc1e1-442a5f1d.jpg,train,test,undefined,night,residential
7646fb37-b4cda8d7,7646fb37-b4cda8d7.jpg,images/100k/train/7646fb37-b4cda8d7.jpg,train,test,snowy,night,highway
76789cf3-03f67495,76789cf3-03f67495.jpg,images/100k/train/76789cf3-03f67495.jpg,train,test,clear,night,city street
767aec7f-28736191,767aec7f-28736191.jpg,images/100k/train/767aec7f-28736191.jpg,train,test,clear,night,city street
7713260f-f5aa6d67,7713260f-f5aa6d67.jpg,images/100k/train/7713260f-f5aa6d67.jpg,train,test,overcast,daytime,residential
78044bf1-7100924a,78044bf1-7100924a.jpg,images/100k/train/78044bf1-7100924a.jpg,train,test,snowy,daytime,city street
7832d791-a1efbf0d,7832d791-a1efbf0d.jpg,images/100k/train/7832d791-a1efbf0d.jpg,train,test,partly cloudy,daytime,city street
785f6e81-ed6c6783,785f6e81-ed6c6783.jpg,images/100k/train/785f6e81-ed6c6783.jpg,train,test,overcast,daytime,city street
7893a60a-27494719,7893a60a-27494719.jpg,images/100k/train/7893a60a-27494719.jpg,train,test,clear,daytime,residential
78abb58f-7b831ee7,78abb58f-7b831ee7.jpg,images/100k/train/78abb58f-7b831ee7.jpg,train,test,clear,night,highway
78b703a0-d2216a69,78b703a0-d2216a69.jpg,images/100k/train/78b703a0-d2216a69.jpg,train,test,clear,night,city street
78c306d1-8738658b,78c306d1-8738658b.jpg,images/100k/train/78c306d1-8738658b.jpg,train,test,partly cloudy,daytime,city street
798dd39e-78b00662,798dd39e-78b00662.jpg,images/100k/train/798dd39e-78b00662.jpg,train,test,undefined,undefined,tunnel
7a54c82d-35a4a79b,7a54c82d-35a4a79b.jpg,images/100k/train/7a54c82d-35a4a79b.jpg,train,test,clear,night,city street
7a8a4e98-b3119c7b,7a8a4e98-b3119c7b.jpg,images/100k/train/7a8a4e98-b3119c7b.jpg,train,test,clear,night,city street
7afc6238-4492ec92,7afc6238-4492ec92.jpg,images/100k/train/7afc6238-4492ec92.jpg,train,test,partly cloudy,daytime,highway
7b22109c-7f30b680,7b22109c-7f30b680.jpg,images/100k/train/7b22109c-7f30b680.jpg,train,test,clear,night,city street
7bae5048-21f48bad,7bae5048-21f48bad.jpg,images/100k/train/7bae5048-21f48bad.jpg,train,test,clear,night,city street
7c109688-61530de6,7c109688-61530de6.jpg,images/100k/train/7c109688-61530de6.jpg,train,test,clear,night,city street
7c2747e6-2a97b7a9,7c2747e6-2a97b7a9.jpg,images/100k/train/7c2747e6-2a97b7a9.jpg,train,test,rainy,daytime,residential
7c2747e6-92ad263f,7c2747e6-92ad263f.jpg,images/100k/train/7c2747e6-92ad263f.jpg,train,test,rainy,daytime,city street
7c4114bb-2eaf3db8,7c4114bb-2eaf3db8.jpg,images/100k/train/7c4114bb-2eaf3db8.jpg,train,test,partly cloudy,dawn/dusk,highway
7c67d03c-c77e4d7a,7c67d03c-c77e4d7a.jpg,images/100k/train/7c67d03c-c77e4d7a.jpg,train,test,overcast,daytime,city street
7c8b3303-3737dd62,7c8b3303-3737dd62.jpg,images/100k/train/7c8b3303-3737dd62.jpg,train,test,overcast,daytime,city street
7cddaf5e-472dfb95,7cddaf5e-472dfb95.jpg,images/100k/train/7cddaf5e-472dfb95.jpg,train,test,clear,night,residential
7cde3ac0-ff6bfae3,7cde3ac0-ff6bfae3.jpg,images/100k/train/7cde3ac0-ff6bfae3.jpg,train,test,clear,night,city street
7dacf578-dfd9df7f,7dacf578-dfd9df7f.jpg,images/100k/train/7dacf578-dfd9df7f.jpg,train,test,undefined,daytime,highway
7e0abd5c-e826f732,7e0abd5c-e826f732.jpg,images/100k/train/7e0abd5c-e826f732.jpg,train,test,partly cloudy,daytime,city street
7e319c3a-187435c4,7e319c3a-187435c4.jpg,images/100k/train/7e319c3a-187435c4.jpg,train,test,clear,daytime,highway
7e5568e2-4efec8bc,7e5568e2-4efec8bc.jpg,images/100k/train/7e5568e2-4efec8bc.jpg,train,test,overcast,daytime,city street
7e5568e2-d66c43ff,7e5568e2-d66c43ff.jpg,images/100k/train/7e5568e2-d66c43ff.jpg,train,test,overcast,daytime,highway
7ec1239d-944d215c,7ec1239d-944d215c.jpg,images/100k/train/7ec1239d-944d215c.jpg,train,test,clear,night,highway
7efa73c8-82ef655b,7efa73c8-82ef655b.jpg,images/100k/train/7efa73c8-82ef655b.jpg,train,test,overcast,daytime,city street
803be978-af321cc8,803be978-af321cc8.jpg,images/100k/train/803be978-af321cc8.jpg,train,test,clear,dawn/dusk,city street
816252b8-cede140e,816252b8-cede140e.jpg,images/100k/train/816252b8-cede140e.jpg,train,test,clear,night,city street
8187d287-eb14fdab,8187d287-eb14fdab.jpg,images/100k/train/8187d287-eb14fdab.jpg,train,test,clear,night,city street
8193928d-07f92e43,8193928d-07f92e43.jpg,images/100k/train/8193928d-07f92e43.jpg,train,test,undefined,daytime,residential
8249c3a6-992ae0ba,8249c3a6-992ae0ba.jpg,images/100k/train/8249c3a6-992ae0ba.jpg,train,test,clear,night,city street
82e4f1cc-f02c4739,82e4f1cc-f02c4739.jpg,images/100k/train/82e4f1cc-f02c4739.jpg,train,test,clear,daytime,highway
8320b0b7-2ec65770,8320b0b7-2ec65770.jpg,images/100k/train/8320b0b7-2ec65770.jpg,train,test,clear,night,city street
832755b0-fb52ef4e,832755b0-fb52ef4e.jpg,images/100k/train/832755b0-fb52ef4e.jpg,train,test,clear,night,city street
83879b56-11cedb19,83879b56-11cedb19.jpg,images/100k/train/83879b56-11cedb19.jpg,train,test,undefined,dawn/dusk,city street
838ed237-8e1d6a14,838ed237-8e1d6a14.jpg,images/100k/train/838ed237-8e1d6a14.jpg,train,test,clear,daytime,residential
83b6a74f-cebc7c85,83b6a74f-cebc7c85.jpg,images/100k/train/83b6a74f-cebc7c85.jpg,train,test,undefined,daytime,tunnel
83e5c2da-8dd1857c,83e5c2da-8dd1857c.jpg,images/100k/train/83e5c2da-8dd1857c.jpg,train,test,undefined,daytime,city street
84085a29-c4a318e7,84085a29-c4a318e7.jpg,images/100k/train/84085a29-c4a318e7.jpg,train,test,snowy,daytime,city street
84463d53-f3051886,84463d53-f3051886.jpg,images/100k/train/84463d53-f3051886.jpg,train,test,undefined,daytime,city street
848c632e-7ea0e3a4,848c632e-7ea0e3a4.jpg,images/100k/train/848c632e-7ea0e3a4.jpg,train,test,rainy,daytime,city street
84c5bb30-59ccfb55,84c5bb30-59ccfb55.jpg,images/100k/train/84c5bb30-59ccfb55.jpg,train,test,clear,night,city street
84d591b7-0cf9074c,84d591b7-0cf9074c.jpg,images/100k/train/84d591b7-0cf9074c.jpg,train,test,overcast,dawn/dusk,city street
85001db4-2916d0fb,85001db4-2916d0fb.jpg,images/100k/train/85001db4-2916d0fb.jpg,train,test,clear,night,highway
8503e27b-07cbf301,8503e27b-07cbf301.jpg,images/100k/train/8503e27b-07cbf301.jpg,train,test,overcast,daytime,residential
85caa766-479c1b58,85caa766-479c1b58.jpg,images/100k/train/85caa766-479c1b58.jpg,train,test,clear,dawn/dusk,highway
85ce7512-c6d36158,85ce7512-c6d36158.jpg,images/100k/train/85ce7512-c6d36158.jpg,train,test,snowy,dawn/dusk,city street
8612004e-5d5a02d9,8612004e-5d5a02d9.jpg,images/100k/train/8612004e-5d5a02d9.jpg,train,test,clear,night,city street
8626d42d-031e13bf,8626d42d-031e13bf.jpg,images/100k/train/8626d42d-031e13bf.jpg,train,test,overcast,daytime,highway
86291439-907d3213,86291439-907d3213.jpg,images/100k/train/86291439-907d3213.jpg,train,test,clear,night,city street
86894712-536a79f4,86894712-536a79f4.jpg,images/100k/train/86894712-536a79f4.jpg,train,test,clear,night,highway
871817dc-94960131,871817dc-94960131.jpg,images/100k/train/871817dc-94960131.jpg,train,test,clear,daytime,city street
8718cafe-22bb70a4,8718cafe-22bb70a4.jpg,images/100k/train/8718cafe-22bb70a4.jpg,train,test,clear,night,highway
87fccbcd-19530377,87fccbcd-19530377.jpg,images/100k/train/87fccbcd-19530377.jpg,train,test,clear,night,highway
8801e74c-7b580891,8801e74c-7b580891.jpg,images/100k/train/8801e74c-7b580891.jpg,train,test,clear,daytime,highway
881c38e2-0a970aa3,881c38e2-0a970aa3.jpg,images/100k/train/881c38e2-0a970aa3.jpg,train,test,clear,daytime,highway
88a81658-7835e1e9,88a81658-7835e1e9.jpg,images/100k/train/88a81658-7835e1e9.jpg,train,test,overcast,daytime,city street
8903abcd-80db51e6,8903abcd-80db51e6.jpg,images/100k/train/8903abcd-80db51e6.jpg,train,test,clear,night,highway
89471eec-5aa4c910,89471eec-5aa4c910.jpg,images/100k/train/89471eec-5aa4c910.jpg,train,test,clear,night,city street
894e0ac8-bef77233,894e0ac8-bef77233.jpg,images/100k/train/894e0ac8-bef77233.jpg,train,test,clear,daytime,city street
89a890e0-f8598a2a,89a890e0-f8598a2a.jpg,images/100k/train/89a890e0-f8598a2a.jpg,train,test,partly cloudy,dawn/dusk,city street
8aa2e159-1f75bf17,8aa2e159-1f75bf17.jpg,images/100k/train/8aa2e159-1f75bf17.jpg,train,test,clear,dawn/dusk,city street
8ab8f8e5-1ab8b605,8ab8f8e5-1ab8b605.jpg,images/100k/train/8ab8f8e5-1ab8b605.jpg,train,test,clear,dawn/dusk,city street
8ab9f666-50857a3f,8ab9f666-50857a3f.jpg,images/100k/train/8ab9f666-50857a3f.jpg,train,test,clear,daytime,residential
8acd2724-bbef438c,8acd2724-bbef438c.jpg,images/100k/train/8acd2724-bbef438c.jpg,train,test,clear,night,highway
8ae98dba-30c8d28e,8ae98dba-30c8d28e.jpg,images/100k/train/8ae98dba-30c8d28e.jpg,train,test,partly cloudy,daytime,highway
8b698ae2-81ec4568,8b698ae2-81ec4568.jpg,images/100k/train/8b698ae2-81ec4568.jpg,train,test,undefined,daytime,city street
8b968c79-82942df8,8b968c79-82942df8.jpg,images/100k/train/8b968c79-82942df8.jpg,train,test,overcast,daytime,city street
8bacafee-ecce1eef,8bacafee-ecce1eef.jpg,images/100k/train/8bacafee-ecce1eef.jpg,train,test,overcast,daytime,city street
8bb0c5df-4dafe78a,8bb0c5df-4dafe78a.jpg,images/100k/train/8bb0c5df-4dafe78a.jpg,train,test,clear,night,city street
8bb3d4f0-a13bebbd,8bb3d4f0-a13bebbd.jpg,images/100k/train/8bb3d4f0-a13bebbd.jpg,train,test,clear,night,city street
8bd218cf-19e5b121,8bd218cf-19e5b121.jpg,images/100k/train/8bd218cf-19e5b121.jpg,train,test,clear,night,city street
8be2ec69-8fda7980,8be2ec69-8fda7980.jpg,images/100k/train/8be2ec69-8fda7980.jpg,train,test,clear,night,city street
8c485ccf-5edefd09,8c485ccf-5edefd09.jpg,images/100k/train/8c485ccf-5edefd09.jpg,train,test,clear,night,highway
8cf52734-f9159665,8cf52734-f9159665.jpg,images/100k/train/8cf52734-f9159665.jpg,train,test,clear,dawn/dusk,highway
8d669aa7-3638e15b,8d669aa7-3638e15b.jpg,images/100k/train/8d669aa7-3638e15b.jpg,train,test,overcast,dawn/dusk,highway
8d9a9d66-1c5d5f51,8d9a9d66-1c5d5f51.jpg,images/100k/train/8d9a9d66-1c5d5f51.jpg,train,test,rainy,daytime,city street
8da3b274-9dce20c5,8da3b274-9dce20c5.jpg,images/100k/train/8da3b274-9dce20c5.jpg,train,test,clear,daytime,highway
8dbb49b4-5ac68c54,8dbb49b4-5ac68c54.jpg,images/100k/train/8dbb49b4-5ac68c54.jpg,train,test,clear,daytime,parking lot
8dc0b1d2-ff34d97e,8dc0b1d2-ff34d97e.jpg,images/100k/train/8dc0b1d2-ff34d97e.jpg,train,test,snowy,night,city street
8dc4929a-6302d310,8dc4929a-6302d310.jpg,images/100k/train/8dc4929a-6302d310.jpg,train,test,rainy,night,residential
8dd4822a-5725f043,8dd4822a-5725f043.jpg,images/100k/train/8dd4822a-5725f043.jpg,train,test,clear,night,highway
8df34863-2374d2ea,8df34863-2374d2ea.jpg,images/100k/train/8df34863-2374d2ea.jpg,train,test,overcast,daytime,highway
8e0572f0-7330c6d6,8e0572f0-7330c6d6.jpg,images/100k/train/8e0572f0-7330c6d6.jpg,train,test,undefined,daytime,city street
8e4663f1-0dd8b205,8e4663f1-0dd8b205.jpg,images/100k/train/8e4663f1-0dd8b205.jpg,train,test,snowy,daytime,highway
8e63c975-0be7e72f,8e63c975-0be7e72f.jpg,images/100k/train/8e63c975-0be7e72f.jpg,train,test,undefined,daytime,city street
8e93d266-13e9e7a8,8e93d266-13e9e7a8.jpg,images/100k/train/8e93d266-13e9e7a8.jpg,train,test,overcast,dawn/dusk,city street
8e9a007d-7471e05b,8e9a007d-7471e05b.jpg,images/100k/train/8e9a007d-7471e05b.jpg,train,test,overcast,daytime,city street
8f8a184f-2847299f,8f8a184f-2847299f.jpg,images/100k/train/8f8a184f-2847299f.jpg,train,test,clear,dawn/dusk,residential
8fb600ea-b1889da5,8fb600ea-b1889da5.jpg,images/100k/train/8fb600ea-b1889da5.jpg,train,test,clear,night,residential
90d48d50-0812dd87,90d48d50-0812dd87.jpg,images/100k/train/90d48d50-0812dd87.jpg,train,test,undefined,dawn/dusk,residential
90fa00bf-2388d631,90fa00bf-2388d631.jpg,images/100k/train/90fa00bf-2388d631.jpg,train,test,undefined,daytime,city street
91a4934c-a6b56cde,91a4934c-a6b56cde.jpg,images/100k/train/91a4934c-a6b56cde.jpg,train,test,clear,daytime,city street
91c0fe97-042a178d,91c0fe97-042a178d.jpg,images/100k/train/91c0fe97-042a178d.jpg,train,test,rainy,night,city street
92da3202-684b83fc,92da3202-684b83fc.jpg,images/100k/train/92da3202-684b83fc.jpg,train,test,clear,night,highway
92ea945b-24545425,92ea945b-24545425.jpg,images/100k/train/92ea945b-24545425.jpg,train,test,clear,night,highway
930d648a-f2b79e81,930d648a-f2b79e81.jpg,images/100k/train/930d648a-f2b79e81.jpg,train,test,undefined,daytime,city street
932c1c93-8990e4a4,932c1c93-8990e4a4.jpg,images/100k/train/932c1c93-8990e4a4.jpg,train,test,rainy,dawn/dusk,city street
933d5fea-d0ee6491,933d5fea-d0ee6491.jpg,images/100k/train/933d5fea-d0ee6491.jpg,train,test,partly cloudy,daytime,city street
937a7fdb-65598c85,937a7fdb-65598c85.jpg,images/100k/train/937a7fdb-65598c85.jpg,train,test,clear,night,highway
93cf78d8-50da6a08,93cf78d8-50da6a08.jpg,images/100k/train/93cf78d8-50da6a08.jpg,train,test,undefined,daytime,city street
94230381-5e2a7b66,94230381-5e2a7b66.jpg,images/100k/train/94230381-5e2a7b66.jpg,train,test,clear,night,city street
94829bbd-94e019e7,94829bbd-94e019e7.jpg,images/100k/train/94829bbd-94e019e7.jpg,train,test,partly cloudy,daytime,highway
94c84723-938a4545,94c84723-938a4545.jpg,images/100k/train/94c84723-938a4545.jpg,train,test,clear,night,city street
953fdbc6-e49935b0,953fdbc6-e49935b0.jpg,images/100k/train/953fdbc6-e49935b0.jpg,train,test,clear,night,city street
9598db14-5f6dd1b9,9598db14-5f6dd1b9.jpg,images/100k/train/9598db14-5f6dd1b9.jpg,train,test,partly cloudy,daytime,highway
95b2574e-2ccc58e4,95b2574e-2ccc58e4.jpg,images/100k/train/95b2574e-2ccc58e4.jpg,train,test,overcast,daytime,residential
95dba859-93b62de4,95dba859-93b62de4.jpg,images/100k/train/95dba859-93b62de4.jpg,train,test,clear,night,city street
961678a3-ff9059c7,961678a3-ff9059c7.jpg,images/100k/train/961678a3-ff9059c7.jpg,train,test,partly cloudy,daytime,city street
96330f54-a5a6e9ff,96330f54-a5a6e9ff.jpg,images/100k/train/96330f54-a5a6e9ff.jpg,train,test,clear,dawn/dusk,city street
964fb572-cf84520f,964fb572-cf84520f.jpg,images/100k/train/964fb572-cf84520f.jpg,train,test,rainy,night,city street
96caf848-16c929ca,96caf848-16c929ca.jpg,images/100k/train/96caf848-16c929ca.jpg,train,test,clear,night,city street
96cc83d2-1900032e,96cc83d2-1900032e.jpg,images/100k/train/96cc83d2-1900032e.jpg,train,test,rainy,night,city street
96d1ade9-1f97c40e,96d1ade9-1f97c40e.jpg,images/100k/train/96d1ade9-1f97c40e.jpg,train,test,overcast,daytime,highway
97ce8197-3d7970c1,97ce8197-3d7970c1.jpg,images/100k/train/97ce8197-3d7970c1.jpg,train,test,clear,night,city street
97f089f9-320d1aa8,97f089f9-320d1aa8.jpg,images/100k/train/97f089f9-320d1aa8.jpg,train,test,overcast,daytime,city street
97fd50ef-69b8bbb7,97fd50ef-69b8bbb7.jpg,images/100k/train/97fd50ef-69b8bbb7.jpg,train,test,clear,night,city street
9800795a-ec70637e,9800795a-ec70637e.jpg,images/100k/train/9800795a-ec70637e.jpg,train,test,snowy,daytime,city street
98240374-d25880e3,98240374-d25880e3.jpg,images/100k/train/98240374-d25880e3.jpg,train,test,clear,night,city street
988bfd84-d356cce9,988bfd84-d356cce9.jpg,images/100k/train/988bfd84-d356cce9.jpg,train,test,clear,night,city street
989c87eb-2196427a,989c87eb-2196427a.jpg,images/100k/train/989c87eb-2196427a.jpg,train,test,clear,night,city street
9904ee9b-0b45379e,9904ee9b-0b45379e.jpg,images/100k/train/9904ee9b-0b45379e.jpg,train,test,undefined,daytime,highway
9926cccb-3ba9a56d,9926cccb-3ba9a56d.jpg,images/100k/train/9926cccb-3ba9a56d.jpg,train,test,snowy,daytime,highway
995a271a-6d66bda0,995a271a-6d66bda0.jpg,images/100k/train/995a271a-6d66bda0.jpg,train,test,snowy,daytime,city street
999cd7bc-b1d293f6,999cd7bc-b1d293f6.jpg,images/100k/train/999cd7bc-b1d293f6.jpg,train,test,clear,night,city street
99bfb995-81337d72,99bfb995-81337d72.jpg,images/100k/train/99bfb995-81337d72.jpg,train,test,clear,night,city street
99d188f8-fbb31ab8,99d188f8-fbb31ab8.jpg,images/100k/train/99d188f8-fbb31ab8.jpg,train,test,clear,night,city street
99f9267f-89507c52,99f9267f-89507c52.jpg,images/100k/train/99f9267f-89507c52.jpg,train,test,partly cloudy,daytime,highway
9a6c68f2-47b58767,9a6c68f2-47b58767.jpg,images/100k/train/9a6c68f2-47b58767.jpg,train,test,clear,daytime,city street
9b1ae12c-90c9e833,9b1ae12c-90c9e833.jpg,images/100k/train/9b1ae12c-90c9e833.jpg,train,test,clear,daytime,city street
9b1d552b-dc67c3f7,9b1d552b-dc67c3f7.jpg,images/100k/train/9b1d552b-dc67c3f7.jpg,train,test,rainy,night,city street
9b26c435-e9c40ff0,9b26c435-e9c40ff0.jpg,images/100k/train/9b26c435-e9c40ff0.jpg,train,test,rainy,daytime,highway
9b45f5b4-15462b04,9b45f5b4-15462b04.jpg,images/100k/train/9b45f5b4-15462b04.jpg,train,test,clear,night,city street
9b5ef0c6-718aa55c,9b5ef0c6-718aa55c.jpg,images/100k/train/9b5ef0c6-718aa55c.jpg,train,test,clear,night,city street
9b65f6c4-74ad0fe3,9b65f6c4-74ad0fe3.jpg,images/100k/train/9b65f6c4-74ad0fe3.jpg,train,test,rainy,daytime,city street
9b778671-716e449f,9b778671-716e449f.jpg,images/100k/train/9b778671-716e449f.jpg,train,test,overcast,daytime,city street
9bc08f8f-a87d9ae6,9bc08f8f-a87d9ae6.jpg,images/100k/train/9bc08f8f-a87d9ae6.jpg,train,test,clear,night,city street
9c3645e0-69d1d371,9c3645e0-69d1d371.jpg,images/100k/train/9c3645e0-69d1d371.jpg,train,test,overcast,daytime,city street
9c65f43f-97e7aa21,9c65f43f-97e7aa21.jpg,images/100k/train/9c65f43f-97e7aa21.jpg,train,test,clear,daytime,city street
9cf62f93-57787d70,9cf62f93-57787d70.jpg,images/100k/train/9cf62f93-57787d70.jpg,train,test,rainy,daytime,city street
9d095bfa-9b1ca86d,9d095bfa-9b1ca86d.jpg,images/100k/train/9d095bfa-9b1ca86d.jpg,train,test,clear,daytime,highway
9d41951a-4796a054,9d41951a-4796a054.jpg,images/100k/train/9d41951a-4796a054.jpg,train,test,overcast,daytime,highway
9e34e7a5-61ddb2ee,9e34e7a5-61ddb2ee.jpg,images/100k/train/9e34e7a5-61ddb2ee.jpg,train,test,clear,daytime,city street
9e62f054-2173c1d2,9e62f054-2173c1d2.jpg,images/100k/train/9e62f054-2173c1d2.jpg,train,test,rainy,night,city street
9e86effd-7dab59c9,9e86effd-7dab59c9.jpg,images/100k/train/9e86effd-7dab59c9.jpg,train,test,clear,night,city street
9e90ea3d-8717ecba,9e90ea3d-8717ecba.jpg,images/100k/train/9e90ea3d-8717ecba.jpg,train,test,partly cloudy,dawn/dusk,city street
9edddf0d-3146414e,9edddf0d-3146414e.jpg,images/100k/train/9edddf0d-3146414e.jpg,train,test,undefined,daytime,residential
9f5f4495-873bf279,9f5f4495-873bf279.jpg,images/100k/train/9f5f4495-873bf279.jpg,train,test,clear,night,residential
9ffc5ffb-60e9b069,9ffc5ffb-60e9b069.jpg,images/100k/train/9ffc5ffb-60e9b069.jpg,train,test,clear,daytime,city street
a01cb816-5f88ee45,a01cb816-5f88ee45.jpg,images/100k/train/a01cb816-5f88ee45.jpg,train,test,overcast,daytime,city street
a0532f4d-83c3b473,a0532f4d-83c3b473.jpg,images/100k/train/a0532f4d-83c3b473.jpg,train,test,rainy,daytime,city street
a1140112-2e79103d,a1140112-2e79103d.jpg,images/100k/train/a1140112-2e79103d.jpg,train,test,overcast,daytime,city street
a12f3888-45ca0552,a12f3888-45ca0552.jpg,images/100k/train/a12f3888-45ca0552.jpg,train,test,partly cloudy,dawn/dusk,city street
a13b7a32-5a84624f,a13b7a32-5a84624f.jpg,images/100k/train/a13b7a32-5a84624f.jpg,train,test,clear,daytime,city street
a19ee994-3250d47a,a19ee994-3250d47a.jpg,images/100k/train/a19ee994-3250d47a.jpg,train,test,clear,daytime,highway
a1f981a6-56298e6e,a1f981a6-56298e6e.jpg,images/100k/train/a1f981a6-56298e6e.jpg,train,test,clear,night,city street
a2372820-6564519a,a2372820-6564519a.jpg,images/100k/train/a2372820-6564519a.jpg,train,test,clear,daytime,city street
a2693bd2-65494cea,a2693bd2-65494cea.jpg,images/100k/train/a2693bd2-65494cea.jpg,train,test,snowy,night,city street
a2797858-b8cf7847,a2797858-b8cf7847.jpg,images/100k/train/a2797858-b8cf7847.jpg,train,test,clear,daytime,city street
a28a677a-34872890,a28a677a-34872890.jpg,images/100k/train/a28a677a-34872890.jpg,train,test,snowy,daytime,city street
a2aef3f5-b9e9ddf6,a2aef3f5-b9e9ddf6.jpg,images/100k/train/a2aef3f5-b9e9ddf6.jpg,train,test,clear,night,city street
a33c329b-aaff78ce,a33c329b-aaff78ce.jpg,images/100k/train/a33c329b-aaff78ce.jpg,train,test,partly cloudy,daytime,city street
a350db26-56c0e043,a350db26-56c0e043.jpg,images/100k/train/a350db26-56c0e043.jpg,train,test,rainy,daytime,city street
a364af31-6f772257,a364af31-6f772257.jpg,images/100k/train/a364af31-6f772257.jpg,train,test,clear,night,city street
a3bc6078-f3b5ce2a,a3bc6078-f3b5ce2a.jpg,images/100k/train/a3bc6078-f3b5ce2a.jpg,train,test,undefined,daytime,city street
a3c9ba5d-cfd7a750,a3c9ba5d-cfd7a750.jpg,images/100k/train/a3c9ba5d-cfd7a750.jpg,train,test,clear,night,highway
a4013a81-66b8929a,a4013a81-66b8929a.jpg,images/100k/train/a4013a81-66b8929a.jpg,train,test,undefined,daytime,city street
a41389ac-6fbb229d,a41389ac-6fbb229d.jpg,images/100k/train/a41389ac-6fbb229d.jpg,train,test,overcast,daytime,residential
a6208698-4495a9de,a6208698-4495a9de.jpg,images/100k/train/a6208698-4495a9de.jpg,train,test,overcast,daytime,city street
a67c0c9a-7f219266,a67c0c9a-7f219266.jpg,images/100k/train/a67c0c9a-7f219266.jpg,train,test,clear,dawn/dusk,city street
a6f025d9-74ce9550,a6f025d9-74ce9550.jpg,images/100k/train/a6f025d9-74ce9550.jpg,train,test,clear,night,highway
a6fcb613-06d6479f,a6fcb613-06d6479f.jpg,images/100k/train/a6fcb613-06d6479f.jpg,train,test,clear,daytime,highway
a7818e0e-46fa1197,a7818e0e-46fa1197.jpg,images/100k/train/a7818e0e-46fa1197.jpg,train,test,clear,daytime,city street
a7a88f22-2708a7be,a7a88f22-2708a7be.jpg,images/100k/train/a7a88f22-2708a7be.jpg,train,test,overcast,daytime,highway
a7c3adb6-b8ae19c0,a7c3adb6-b8ae19c0.jpg,images/100k/train/a7c3adb6-b8ae19c0.jpg,train,test,clear,night,city street
a81af5dc-fb86c350,a81af5dc-fb86c350.jpg,images/100k/train/a81af5dc-fb86c350.jpg,train,test,clear,night,city street
a87d6c9b-7a2aac55,a87d6c9b-7a2aac55.jpg,images/100k/train/a87d6c9b-7a2aac55.jpg,train,test,clear,daytime,city street
a928a865-5dcc6fd9,a928a865-5dcc6fd9.jpg,images/100k/train/a928a865-5dcc6fd9.jpg,train,test,partly cloudy,daytime,highway
a97e5d13-1c638131,a97e5d13-1c638131.jpg,images/100k/train/a97e5d13-1c638131.jpg,train,test,undefined,daytime,residential
a9b9db98-05322fd1,a9b9db98-05322fd1.jpg,images/100k/train/a9b9db98-05322fd1.jpg,train,test,snowy,night,highway
aa3946f1-ad21a136,aa3946f1-ad21a136.jpg,images/100k/train/aa3946f1-ad21a136.jpg,train,test,clear,night,city street
aa4a3c6c-53a592a3,aa4a3c6c-53a592a3.jpg,images/100k/train/aa4a3c6c-53a592a3.jpg,train,test,undefined,daytime,city street
aa8a319e-9226db0b,aa8a319e-9226db0b.jpg,images/100k/train/aa8a319e-9226db0b.jpg,train,test,clear,night,highway
abbad9b4-739a4d3a,abbad9b4-739a4d3a.jpg,images/100k/train/abbad9b4-739a4d3a.jpg,train,test,clear,night,highway
ac62d2fc-ab2cd2a9,ac62d2fc-ab2cd2a9.jpg,images/100k/train/ac62d2fc-ab2cd2a9.jpg,train,test,undefined,daytime,city street
ac94dc1f-f0c1bc2e,ac94dc1f-f0c1bc2e.jpg,images/100k/train/ac94dc1f-f0c1bc2e.jpg,train,test,clear,night,highway
acaabc52-f71155be,acaabc52-f71155be.jpg,images/100k/train/acaabc52-f71155be.jpg,train,test,clear,night,city street
acff5cdd-2bcab256,acff5cdd-2bcab256.jpg,images/100k/train/acff5cdd-2bcab256.jpg,train,test,undefined,daytime,residential
addf601d-df742bd4,addf601d-df742bd4.jpg,images/100k/train/addf601d-df742bd4.jpg,train,test,clear,night,city street
adfa99bc-09b74688,adfa99bc-09b74688.jpg,images/100k/train/adfa99bc-09b74688.jpg,train,test,clear,night,highway
ae08e429-ba1952e7,ae08e429-ba1952e7.jpg,images/100k/train/ae08e429-ba1952e7.jpg,train,test,clear,night,city street
ae944550-a0123ba5,ae944550-a0123ba5.jpg,images/100k/train/ae944550-a0123ba5.jpg,train,test,clear,daytime,city street
aea0d3f5-300b1020,aea0d3f5-300b1020.jpg,images/100k/train/aea0d3f5-300b1020.jpg,train,test,clear,night,city street
aed0a80f-1833a5da,aed0a80f-1833a5da.jpg,images/100k/train/aed0a80f-1833a5da.jpg,train,test,snowy,daytime,residential
aeeb8a7d-5760bea8,aeeb8a7d-5760bea8.jpg,images/100k/train/aeeb8a7d-5760bea8.jpg,train,test,undefined,daytime,highway
af263edb-9d900615,af263edb-9d900615.jpg,images/100k/train/af263edb-9d900615.jpg,train,test,clear,night,highway
af7bf837-d01e7c0c,af7bf837-d01e7c0c.jpg,images/100k/train/af7bf837-d01e7c0c.jpg,train,test,overcast,dawn/dusk,city street
afa0dbd3-b268599a,afa0dbd3-b268599a.jpg,images/100k/train/afa0dbd3-b268599a.jpg,train,test,overcast,daytime,highway
aff81ce3-b83cbb4c,aff81ce3-b83cbb4c.jpg,images/100k/train/aff81ce3-b83cbb4c.jpg,train,test,clear,night,city street
b032c578-22ba058b,b032c578-22ba058b.jpg,images/100k/train/b032c578-22ba058b.jpg,train,test,partly cloudy,daytime,city street
b086d358-655a1e76,b086d358-655a1e76.jpg,images/100k/train/b086d358-655a1e76.jpg,train,test,overcast,daytime,city street
b09052a9-9ecc1cc7,b09052a9-9ecc1cc7.jpg,images/100k/train/b09052a9-9ecc1cc7.jpg,train,test,clear,night,city street
b0c107c7-5f3c872a,b0c107c7-5f3c872a.jpg,images/100k/train/b0c107c7-5f3c872a.jpg,train,test,clear,daytime,city street
b12ac3f8-31f2aa91,b12ac3f8-31f2aa91.jpg,images/100k/train/b12ac3f8-31f2aa91.jpg,train,test,clear,night,city street
b1888a2e-cd8e4377,b1888a2e-cd8e4377.jpg,images/100k/train/b1888a2e-cd8e4377.jpg,train,test,clear,night,city street
fdd564c1-ad8a8227,fdd564c1-ad8a8227.jpg,images/100k/train/fdd564c1-ad8a8227.jpg,train,test,clear,night,city street
